block_id,mine_id,x,y,z,volume_m3,density
BLK-0001,DEMO-01,25.0,20.0,103.0,32068.4,2.924
BLK-0002,DEMO-01,25.0,20.0,117.89,32068.4,2.928
BLK-0003,DEMO-01,25.0,20.0,132.78,32068.4,2.906
BLK-0004,DEMO-01,25.0,20.0,147.67,32068.4,2.916
BLK-0005,DEMO-01,25.0,20.0,162.56,32068.4,2.919
BLK-0006,DEMO-01,25.0,20.0,177.44,32068.4,2.937
BLK-0007,DEMO-01,25.0,20.0,192.33,32068.4,2.898
BLK-0008,DEMO-01,25.0,20.0,207.22,32068.4,2.904
BLK-0009,DEMO-01,25.0,20.0,222.11,32068.4,2.953
BLK-0010,DEMO-01,25.0,20.0,237.0,32068.4,2.913
BLK-0011,DEMO-01,25.0,63.08,103.0,32068.4,2.891
BLK-0012,DEMO-01,25.0,63.08,117.89,32068.4,2.909
BLK-0013,DEMO-01,25.0,63.08,132.78,32068.4,2.88
BLK-0014,DEMO-01,25.0,63.08,147.67,32068.4,2.919
BLK-0015,DEMO-01,25.0,63.08,162.56,32068.4,2.928
BLK-0016,DEMO-01,25.0,63.08,177.44,32068.4,2.912
BLK-0017,DEMO-01,25.0,63.08,192.33,32068.4,2.916
BLK-0018,DEMO-01,25.0,63.08,207.22,32068.4,2.929
BLK-0019,DEMO-01,25.0,63.08,222.11,32068.4,2.893
BLK-0020,DEMO-01,25.0,63.08,237.0,32068.4,2.899
BLK-0021,DEMO-01,25.0,106.15,103.0,32068.4,2.913
BLK-0022,DEMO-01,25.0,106.15,117.89,32068.4,2.906
BLK-0023,DEMO-01,25.0,106.15,132.78,32068.4,2.912
BLK-0024,DEMO-01,25.0,106.15,147.67,32068.4,2.901
BLK-0025,DEMO-01,25.0,106.15,162.56,32068.4,2.941
BLK-0026,DEMO-01,25.0,106.15,177.44,32068.4,2.952
BLK-0027,DEMO-01,25.0,106.15,192.33,32068.4,2.93
BLK-0028,DEMO-01,25.0,106.15,207.22,32068.4,2.919
BLK-0029,DEMO-01,25.0,106.15,222.11,32068.4,2.919
BLK-0030,DEMO-01,25.0,106.15,237.0,32068.4,2.897
BLK-0031,DEMO-01,25.0,149.23,103.0,32068.4,2.923
BLK-0032,DEMO-01,25.0,149.23,117.89,32068.4,2.912
BLK-0033,DEMO-01,25.0,149.23,132.78,32068.4,2.914
BLK-0034,DEMO-01,25.0,149.23,147.67,32068.4,2.943
BLK-0035,DEMO-01,25.0,149.23,162.56,32068.4,3.014
BLK-0036,DEMO-01,25.0,149.23,177.44,32068.4,3.024
BLK-0037,DEMO-01,25.0,149.23,192.33,32068.4,2.943
BLK-0038,DEMO-01,25.0,149.23,207.22,32068.4,2.926
BLK-0039,DEMO-01,25.0,149.23,222.11,32068.4,2.903
BLK-0040,DEMO-01,25.0,149.23,237.0,32068.4,2.887
BLK-0041,DEMO-01,25.0,192.31,103.0,32068.4,2.93
BLK-0042,DEMO-01,25.0,192.31,117.89,32068.4,2.918
BLK-0043,DEMO-01,25.0,192.31,132.78,32068.4,2.906
BLK-0044,DEMO-01,25.0,192.31,147.67,32068.4,2.945
BLK-0045,DEMO-01,25.0,192.31,162.56,32068.4,3.095
BLK-0046,DEMO-01,25.0,192.31,177.44,32068.4,3.196
BLK-0047,DEMO-01,25.0,192.31,192.33,32068.4,2.968
BLK-0048,DEMO-01,25.0,192.31,207.22,32068.4,2.902
BLK-0049,DEMO-01,25.0,192.31,222.11,32068.4,2.915
BLK-0050,DEMO-01,25.0,192.31,237.0,32068.4,2.931
BLK-0051,DEMO-01,25.0,235.38,103.0,32068.4,2.919
BLK-0052,DEMO-01,25.0,235.38,117.89,32068.4,2.933
BLK-0053,DEMO-01,25.0,235.38,132.78,32068.4,2.931
BLK-0054,DEMO-01,25.0,235.38,147.67,32068.4,2.918
BLK-0055,DEMO-01,25.0,235.38,162.56,32068.4,2.963
BLK-0056,DEMO-01,25.0,235.38,177.44,32068.4,3.422
BLK-0057,DEMO-01,25.0,235.38,192.33,32068.4,3.288
BLK-0058,DEMO-01,25.0,235.38,207.22,32068.4,2.922
BLK-0059,DEMO-01,25.0,235.38,222.11,32068.4,2.912
BLK-0060,DEMO-01,25.0,235.38,237.0,32068.4,2.921
BLK-0061,DEMO-01,25.0,278.46,103.0,32068.4,2.936
BLK-0062,DEMO-01,25.0,278.46,117.89,32068.4,2.909
BLK-0063,DEMO-01,25.0,278.46,132.78,32068.4,2.908
BLK-0064,DEMO-01,25.0,278.46,147.67,32068.4,2.916
BLK-0065,DEMO-01,25.0,278.46,162.56,32068.4,2.932
BLK-0066,DEMO-01,25.0,278.46,177.44,32068.4,3.211
BLK-0067,DEMO-01,25.0,278.46,192.33,32068.4,3.758
BLK-0068,DEMO-01,25.0,278.46,207.22,32068.4,3.146
BLK-0069,DEMO-01,25.0,278.46,222.11,32068.4,2.925
BLK-0070,DEMO-01,25.0,278.46,237.0,32068.4,2.922
BLK-0071,DEMO-01,25.0,321.54,103.0,32068.4,2.911
BLK-0072,DEMO-01,25.0,321.54,117.89,32068.4,2.927
BLK-0073,DEMO-01,25.0,321.54,132.78,32068.4,2.918
BLK-0074,DEMO-01,25.0,321.54,147.67,32068.4,2.927
BLK-0075,DEMO-01,25.0,321.54,162.56,32068.4,2.925
BLK-0076,DEMO-01,25.0,321.54,177.44,32068.4,3.151
BLK-0077,DEMO-01,25.0,321.54,192.33,32068.4,3.782
BLK-0078,DEMO-01,25.0,321.54,207.22,32068.4,3.254
BLK-0079,DEMO-01,25.0,321.54,222.11,32068.4,2.947
BLK-0080,DEMO-01,25.0,321.54,237.0,32068.4,2.925
BLK-0081,DEMO-01,25.0,364.62,103.0,32068.4,2.903
BLK-0082,DEMO-01,25.0,364.62,117.89,32068.4,2.919
BLK-0083,DEMO-01,25.0,364.62,132.78,32068.4,2.885
BLK-0084,DEMO-01,25.0,364.62,147.67,32068.4,2.909
BLK-0085,DEMO-01,25.0,364.62,162.56,32068.4,2.962
BLK-0086,DEMO-01,25.0,364.62,177.44,32068.4,3.358
BLK-0087,DEMO-01,25.0,364.62,192.33,32068.4,3.543
BLK-0088,DEMO-01,25.0,364.62,207.22,32068.4,2.968
BLK-0089,DEMO-01,25.0,364.62,222.11,32068.4,2.912
BLK-0090,DEMO-01,25.0,364.62,237.0,32068.4,2.921
BLK-0091,DEMO-01,25.0,407.69,103.0,32068.4,2.922
BLK-0092,DEMO-01,25.0,407.69,117.89,32068.4,2.929
BLK-0093,DEMO-01,25.0,407.69,132.78,32068.4,2.913
BLK-0094,DEMO-01,25.0,407.69,147.67,32068.4,2.92
BLK-0095,DEMO-01,25.0,407.69,162.56,32068.4,3.063
BLK-0096,DEMO-01,25.0,407.69,177.44,32068.4,3.359
BLK-0097,DEMO-01,25.0,407.69,192.33,32068.4,3.026
BLK-0098,DEMO-01,25.0,407.69,207.22,32068.4,2.896
BLK-0099,DEMO-01,25.0,407.69,222.11,32068.4,2.902
BLK-0100,DEMO-01,25.0,407.69,237.0,32068.4,2.936
BLK-0101,DEMO-01,25.0,450.77,103.0,32068.4,2.913
BLK-0102,DEMO-01,25.0,450.77,117.89,32068.4,2.919
BLK-0103,DEMO-01,25.0,450.77,132.78,32068.4,2.91
BLK-0104,DEMO-01,25.0,450.77,147.67,32068.4,2.912
BLK-0105,DEMO-01,25.0,450.77,162.56,32068.4,3.099
BLK-0106,DEMO-01,25.0,450.77,177.44,32068.4,3.039
BLK-0107,DEMO-01,25.0,450.77,192.33,32068.4,2.923
BLK-0108,DEMO-01,25.0,450.77,207.22,32068.4,2.916
BLK-0109,DEMO-01,25.0,450.77,222.11,32068.4,2.919
BLK-0110,DEMO-01,25.0,450.77,237.0,32068.4,2.907
BLK-0111,DEMO-01,25.0,493.85,103.0,32068.4,2.892
BLK-0112,DEMO-01,25.0,493.85,117.89,32068.4,2.906
BLK-0113,DEMO-01,25.0,493.85,132.78,32068.4,2.906
BLK-0114,DEMO-01,25.0,493.85,147.67,32068.4,2.912
BLK-0115,DEMO-01,25.0,493.85,162.56,32068.4,2.987
BLK-0116,DEMO-01,25.0,493.85,177.44,32068.4,2.958
BLK-0117,DEMO-01,25.0,493.85,192.33,32068.4,2.926
BLK-0118,DEMO-01,25.0,493.85,207.22,32068.4,2.918
BLK-0119,DEMO-01,25.0,493.85,222.11,32068.4,2.929
BLK-0120,DEMO-01,25.0,493.85,237.0,32068.4,2.914
BLK-0121,DEMO-01,25.0,536.92,103.0,32068.4,2.927
BLK-0122,DEMO-01,25.0,536.92,117.89,32068.4,2.914
BLK-0123,DEMO-01,25.0,536.92,132.78,32068.4,2.922
BLK-0124,DEMO-01,25.0,536.92,147.67,32068.4,2.897
BLK-0125,DEMO-01,25.0,536.92,162.56,32068.4,2.888
BLK-0126,DEMO-01,25.0,536.92,177.44,32068.4,2.942
BLK-0127,DEMO-01,25.0,536.92,192.33,32068.4,2.929
BLK-0128,DEMO-01,25.0,536.92,207.22,32068.4,2.923
BLK-0129,DEMO-01,25.0,536.92,222.11,32068.4,2.909
BLK-0130,DEMO-01,25.0,536.92,237.0,32068.4,2.936
BLK-0131,DEMO-01,25.0,580.0,103.0,32068.4,2.91
BLK-0132,DEMO-01,25.0,580.0,117.89,32068.4,2.922
BLK-0133,DEMO-01,25.0,580.0,132.78,32068.4,2.924
BLK-0134,DEMO-01,25.0,580.0,147.67,32068.4,2.939
BLK-0135,DEMO-01,25.0,580.0,162.56,32068.4,2.912
BLK-0136,DEMO-01,25.0,580.0,177.44,32068.4,2.91
BLK-0137,DEMO-01,25.0,580.0,192.33,32068.4,2.9
BLK-0138,DEMO-01,25.0,580.0,207.22,32068.4,2.937
BLK-0139,DEMO-01,25.0,580.0,222.11,32068.4,2.922
BLK-0140,DEMO-01,25.0,580.0,237.0,32068.4,2.922
BLK-0141,DEMO-01,75.0,20.0,103.0,32068.4,2.957
BLK-0142,DEMO-01,75.0,20.0,117.89,32068.4,2.92
BLK-0143,DEMO-01,75.0,20.0,132.78,32068.4,2.899
BLK-0144,DEMO-01,75.0,20.0,147.67,32068.4,2.914
BLK-0145,DEMO-01,75.0,20.0,162.56,32068.4,2.903
BLK-0146,DEMO-01,75.0,20.0,177.44,32068.4,2.911
BLK-0147,DEMO-01,75.0,20.0,192.33,32068.4,2.911
BLK-0148,DEMO-01,75.0,20.0,207.22,32068.4,2.909
BLK-0149,DEMO-01,75.0,20.0,222.11,32068.4,2.898
BLK-0150,DEMO-01,75.0,20.0,237.0,32068.4,2.937
BLK-0151,DEMO-01,75.0,63.08,103.0,32068.4,2.92
BLK-0152,DEMO-01,75.0,63.08,117.89,32068.4,2.913
BLK-0153,DEMO-01,75.0,63.08,132.78,32068.4,2.926
BLK-0154,DEMO-01,75.0,63.08,147.67,32068.4,2.922
BLK-0155,DEMO-01,75.0,63.08,162.56,32068.4,2.92
BLK-0156,DEMO-01,75.0,63.08,177.44,32068.4,2.925
BLK-0157,DEMO-01,75.0,63.08,192.33,32068.4,2.919
BLK-0158,DEMO-01,75.0,63.08,207.22,32068.4,2.926
BLK-0159,DEMO-01,75.0,63.08,222.11,32068.4,2.926
BLK-0160,DEMO-01,75.0,63.08,237.0,32068.4,2.918
BLK-0161,DEMO-01,75.0,106.15,103.0,32068.4,2.913
BLK-0162,DEMO-01,75.0,106.15,117.89,32068.4,2.936
BLK-0163,DEMO-01,75.0,106.15,132.78,32068.4,2.91
BLK-0164,DEMO-01,75.0,106.15,147.67,32068.4,2.921
BLK-0165,DEMO-01,75.0,106.15,162.56,32068.4,2.922
BLK-0166,DEMO-01,75.0,106.15,177.44,32068.4,2.914
BLK-0167,DEMO-01,75.0,106.15,192.33,32068.4,2.913
BLK-0168,DEMO-01,75.0,106.15,207.22,32068.4,2.913
BLK-0169,DEMO-01,75.0,106.15,222.11,32068.4,2.91
BLK-0170,DEMO-01,75.0,106.15,237.0,32068.4,2.897
BLK-0171,DEMO-01,75.0,149.23,103.0,32068.4,2.908
BLK-0172,DEMO-01,75.0,149.23,117.89,32068.4,2.92
BLK-0173,DEMO-01,75.0,149.23,132.78,32068.4,2.933
BLK-0174,DEMO-01,75.0,149.23,147.67,32068.4,2.924
BLK-0175,DEMO-01,75.0,149.23,162.56,32068.4,2.888
BLK-0176,DEMO-01,75.0,149.23,177.44,32068.4,2.959
BLK-0177,DEMO-01,75.0,149.23,192.33,32068.4,2.931
BLK-0178,DEMO-01,75.0,149.23,207.22,32068.4,2.924
BLK-0179,DEMO-01,75.0,149.23,222.11,32068.4,2.916
BLK-0180,DEMO-01,75.0,149.23,237.0,32068.4,2.914
BLK-0181,DEMO-01,75.0,192.31,103.0,32068.4,2.915
BLK-0182,DEMO-01,75.0,192.31,117.89,32068.4,2.916
BLK-0183,DEMO-01,75.0,192.31,132.78,32068.4,2.934
BLK-0184,DEMO-01,75.0,192.31,147.67,32068.4,2.916
BLK-0185,DEMO-01,75.0,192.31,162.56,32068.4,2.94
BLK-0186,DEMO-01,75.0,192.31,177.44,32068.4,3.022
BLK-0187,DEMO-01,75.0,192.31,192.33,32068.4,3.021
BLK-0188,DEMO-01,75.0,192.31,207.22,32068.4,2.903
BLK-0189,DEMO-01,75.0,192.31,222.11,32068.4,2.931
BLK-0190,DEMO-01,75.0,192.31,237.0,32068.4,2.91
BLK-0191,DEMO-01,75.0,235.38,103.0,32068.4,2.926
BLK-0192,DEMO-01,75.0,235.38,117.89,32068.4,2.903
BLK-0193,DEMO-01,75.0,235.38,132.78,32068.4,2.901
BLK-0194,DEMO-01,75.0,235.38,147.67,32068.4,2.942
BLK-0195,DEMO-01,75.0,235.38,162.56,32068.4,2.905
BLK-0196,DEMO-01,75.0,235.38,177.44,32068.4,3.004
BLK-0197,DEMO-01,75.0,235.38,192.33,32068.4,3.223
BLK-0198,DEMO-01,75.0,235.38,207.22,32068.4,3.044
BLK-0199,DEMO-01,75.0,235.38,222.11,32068.4,2.922
BLK-0200,DEMO-01,75.0,235.38,237.0,32068.4,2.899
BLK-0201,DEMO-01,75.0,278.46,103.0,32068.4,2.916
BLK-0202,DEMO-01,75.0,278.46,117.89,32068.4,2.902
BLK-0203,DEMO-01,75.0,278.46,132.78,32068.4,2.911
BLK-0204,DEMO-01,75.0,278.46,147.67,32068.4,2.928
BLK-0205,DEMO-01,75.0,278.46,162.56,32068.4,2.92
BLK-0206,DEMO-01,75.0,278.46,177.44,32068.4,2.918
BLK-0207,DEMO-01,75.0,278.46,192.33,32068.4,3.26
BLK-0208,DEMO-01,75.0,278.46,207.22,32068.4,3.446
BLK-0209,DEMO-01,75.0,278.46,222.11,32068.4,2.997
BLK-0210,DEMO-01,75.0,278.46,237.0,32068.4,2.928
BLK-0211,DEMO-01,75.0,321.54,103.0,32068.4,2.914
BLK-0212,DEMO-01,75.0,321.54,117.89,32068.4,2.901
BLK-0213,DEMO-01,75.0,321.54,132.78,32068.4,2.941
BLK-0214,DEMO-01,75.0,321.54,147.67,32068.4,2.916
BLK-0215,DEMO-01,75.0,321.54,162.56,32068.4,2.915
BLK-0216,DEMO-01,75.0,321.54,177.44,32068.4,2.932
BLK-0217,DEMO-01,75.0,321.54,192.33,32068.4,3.333
BLK-0218,DEMO-01,75.0,321.54,207.22,32068.4,3.709
BLK-0219,DEMO-01,75.0,321.54,222.11,32068.4,3.062
BLK-0220,DEMO-01,75.0,321.54,237.0,32068.4,2.911
BLK-0221,DEMO-01,75.0,364.62,103.0,32068.4,2.934
BLK-0222,DEMO-01,75.0,364.62,117.89,32068.4,2.927
BLK-0223,DEMO-01,75.0,364.62,132.78,32068.4,2.913
BLK-0224,DEMO-01,75.0,364.62,147.67,32068.4,2.934
BLK-0225,DEMO-01,75.0,364.62,162.56,32068.4,2.928
BLK-0226,DEMO-01,75.0,364.62,177.44,32068.4,3.036
BLK-0227,DEMO-01,75.0,364.62,192.33,32068.4,3.722
BLK-0228,DEMO-01,75.0,364.62,207.22,32068.4,3.47
BLK-0229,DEMO-01,75.0,364.62,222.11,32068.4,2.944
BLK-0230,DEMO-01,75.0,364.62,237.0,32068.4,2.917
BLK-0231,DEMO-01,75.0,407.69,103.0,32068.4,2.92
BLK-0232,DEMO-01,75.0,407.69,117.89,32068.4,2.894
BLK-0233,DEMO-01,75.0,407.69,132.78,32068.4,2.914
BLK-0234,DEMO-01,75.0,407.69,147.67,32068.4,2.913
BLK-0235,DEMO-01,75.0,407.69,162.56,32068.4,2.974
BLK-0236,DEMO-01,75.0,407.69,177.44,32068.4,3.413
BLK-0237,DEMO-01,75.0,407.69,192.33,32068.4,3.547
BLK-0238,DEMO-01,75.0,407.69,207.22,32068.4,2.99
BLK-0239,DEMO-01,75.0,407.69,222.11,32068.4,2.93
BLK-0240,DEMO-01,75.0,407.69,237.0,32068.4,2.916
BLK-0241,DEMO-01,75.0,450.77,103.0,32068.4,2.94
BLK-0242,DEMO-01,75.0,450.77,117.89,32068.4,2.925
BLK-0243,DEMO-01,75.0,450.77,132.78,32068.4,2.911
BLK-0244,DEMO-01,75.0,450.77,147.67,32068.4,2.923
BLK-0245,DEMO-01,75.0,450.77,162.56,32068.4,3.049
BLK-0246,DEMO-01,75.0,450.77,177.44,32068.4,3.424
BLK-0247,DEMO-01,75.0,450.77,192.33,32068.4,3.085
BLK-0248,DEMO-01,75.0,450.77,207.22,32068.4,2.913
BLK-0249,DEMO-01,75.0,450.77,222.11,32068.4,2.922
BLK-0250,DEMO-01,75.0,450.77,237.0,32068.4,2.932
BLK-0251,DEMO-01,75.0,493.85,103.0,32068.4,2.887
BLK-0252,DEMO-01,75.0,493.85,117.89,32068.4,2.934
BLK-0253,DEMO-01,75.0,493.85,132.78,32068.4,2.914
BLK-0254,DEMO-01,75.0,493.85,147.67,32068.4,2.893
BLK-0255,DEMO-01,75.0,493.85,162.56,32068.4,2.939
BLK-0256,DEMO-01,75.0,493.85,177.44,32068.4,3.137
BLK-0257,DEMO-01,75.0,493.85,192.33,32068.4,3.012
BLK-0258,DEMO-01,75.0,493.85,207.22,32068.4,2.919
BLK-0259,DEMO-01,75.0,493.85,222.11,32068.4,2.925
BLK-0260,DEMO-01,75.0,493.85,237.0,32068.4,2.909
BLK-0261,DEMO-01,75.0,536.92,103.0,32068.4,2.902
BLK-0262,DEMO-01,75.0,536.92,117.89,32068.4,2.911
BLK-0263,DEMO-01,75.0,536.92,132.78,32068.4,2.917
BLK-0264,DEMO-01,75.0,536.92,147.67,32068.4,2.919
BLK-0265,DEMO-01,75.0,536.92,162.56,32068.4,2.911
BLK-0266,DEMO-01,75.0,536.92,177.44,32068.4,2.986
BLK-0267,DEMO-01,75.0,536.92,192.33,32068.4,2.98
BLK-0268,DEMO-01,75.0,536.92,207.22,32068.4,2.914
BLK-0269,DEMO-01,75.0,536.92,222.11,32068.4,2.909
BLK-0270,DEMO-01,75.0,536.92,237.0,32068.4,2.93
BLK-0271,DEMO-01,75.0,580.0,103.0,32068.4,2.914
BLK-0272,DEMO-01,75.0,580.0,117.89,32068.4,2.907
BLK-0273,DEMO-01,75.0,580.0,132.78,32068.4,2.928
BLK-0274,DEMO-01,75.0,580.0,147.67,32068.4,2.944
BLK-0275,DEMO-01,75.0,580.0,162.56,32068.4,2.919
BLK-0276,DEMO-01,75.0,580.0,177.44,32068.4,2.937
BLK-0277,DEMO-01,75.0,580.0,192.33,32068.4,2.952
BLK-0278,DEMO-01,75.0,580.0,207.22,32068.4,2.919
BLK-0279,DEMO-01,75.0,580.0,222.11,32068.4,2.917
BLK-0280,DEMO-01,75.0,580.0,237.0,32068.4,2.899
BLK-0281,DEMO-01,125.0,20.0,103.0,32068.4,2.913
BLK-0282,DEMO-01,125.0,20.0,117.89,32068.4,2.908
BLK-0283,DEMO-01,125.0,20.0,132.78,32068.4,2.911
BLK-0284,DEMO-01,125.0,20.0,147.67,32068.4,2.906
BLK-0285,DEMO-01,125.0,20.0,162.56,32068.4,2.912
BLK-0286,DEMO-01,125.0,20.0,177.44,32068.4,2.923
BLK-0287,DEMO-01,125.0,20.0,192.33,32068.4,2.915
BLK-0288,DEMO-01,125.0,20.0,207.22,32068.4,2.892
BLK-0289,DEMO-01,125.0,20.0,222.11,32068.4,2.906
BLK-0290,DEMO-01,125.0,20.0,237.0,32068.4,2.896
BLK-0291,DEMO-01,125.0,63.08,103.0,32068.4,2.919
BLK-0292,DEMO-01,125.0,63.08,117.89,32068.4,2.923
BLK-0293,DEMO-01,125.0,63.08,132.78,32068.4,2.92
BLK-0294,DEMO-01,125.0,63.08,147.67,32068.4,2.906
BLK-0295,DEMO-01,125.0,63.08,162.56,32068.4,2.919
BLK-0296,DEMO-01,125.0,63.08,177.44,32068.4,2.91
BLK-0297,DEMO-01,125.0,63.08,192.33,32068.4,2.902
BLK-0298,DEMO-01,125.0,63.08,207.22,32068.4,2.926
BLK-0299,DEMO-01,125.0,63.08,222.11,32068.4,2.927
BLK-0300,DEMO-01,125.0,63.08,237.0,32068.4,2.929
BLK-0301,DEMO-01,125.0,106.15,103.0,32068.4,2.908
BLK-0302,DEMO-01,125.0,106.15,117.89,32068.4,2.932
BLK-0303,DEMO-01,125.0,106.15,132.78,32068.4,2.91
BLK-0304,DEMO-01,125.0,106.15,147.67,32068.4,2.925
BLK-0305,DEMO-01,125.0,106.15,162.56,32068.4,2.91
BLK-0306,DEMO-01,125.0,106.15,177.44,32068.4,2.916
BLK-0307,DEMO-01,125.0,106.15,192.33,32068.4,2.888
BLK-0308,DEMO-01,125.0,106.15,207.22,32068.4,2.913
BLK-0309,DEMO-01,125.0,106.15,222.11,32068.4,2.917
BLK-0310,DEMO-01,125.0,106.15,237.0,32068.4,2.911
BLK-0311,DEMO-01,125.0,149.23,103.0,32068.4,2.939
BLK-0312,DEMO-01,125.0,149.23,117.89,32068.4,2.901
BLK-0313,DEMO-01,125.0,149.23,132.78,32068.4,2.909
BLK-0314,DEMO-01,125.0,149.23,147.67,32068.4,2.904
BLK-0315,DEMO-01,125.0,149.23,162.56,32068.4,2.912
BLK-0316,DEMO-01,125.0,149.23,177.44,32068.4,2.949
BLK-0317,DEMO-01,125.0,149.23,192.33,32068.4,2.949
BLK-0318,DEMO-01,125.0,149.23,207.22,32068.4,2.908
BLK-0319,DEMO-01,125.0,149.23,222.11,32068.4,2.907
BLK-0320,DEMO-01,125.0,149.23,237.0,32068.4,2.901
BLK-0321,DEMO-01,125.0,192.31,103.0,32068.4,2.933
BLK-0322,DEMO-01,125.0,192.31,117.89,32068.4,2.931
BLK-0323,DEMO-01,125.0,192.31,132.78,32068.4,2.915
BLK-0324,DEMO-01,125.0,192.31,147.67,32068.4,2.898
BLK-0325,DEMO-01,125.0,192.31,162.56,32068.4,2.905
BLK-0326,DEMO-01,125.0,192.31,177.44,32068.4,2.979
BLK-0327,DEMO-01,125.0,192.31,192.33,32068.4,2.987
BLK-0328,DEMO-01,125.0,192.31,207.22,32068.4,2.896
BLK-0329,DEMO-01,125.0,192.31,222.11,32068.4,2.912
BLK-0330,DEMO-01,125.0,192.31,237.0,32068.4,2.938
BLK-0331,DEMO-01,125.0,235.38,103.0,32068.4,2.913
BLK-0332,DEMO-01,125.0,235.38,117.89,32068.4,2.936
BLK-0333,DEMO-01,125.0,235.38,132.78,32068.4,2.925
BLK-0334,DEMO-01,125.0,235.38,147.67,32068.4,2.902
BLK-0335,DEMO-01,125.0,235.38,162.56,32068.4,2.914
BLK-0336,DEMO-01,125.0,235.38,177.44,32068.4,2.971
BLK-0337,DEMO-01,125.0,235.38,192.33,32068.4,3.127
BLK-0338,DEMO-01,125.0,235.38,207.22,32068.4,2.995
BLK-0339,DEMO-01,125.0,235.38,222.11,32068.4,2.94
BLK-0340,DEMO-01,125.0,235.38,237.0,32068.4,2.903
BLK-0341,DEMO-01,125.0,278.46,103.0,32068.4,2.93
BLK-0342,DEMO-01,125.0,278.46,117.89,32068.4,2.91
BLK-0343,DEMO-01,125.0,278.46,132.78,32068.4,2.916
BLK-0344,DEMO-01,125.0,278.46,147.67,32068.4,2.924
BLK-0345,DEMO-01,125.0,278.46,162.56,32068.4,2.908
BLK-0346,DEMO-01,125.0,278.46,177.44,32068.4,2.946
BLK-0347,DEMO-01,125.0,278.46,192.33,32068.4,3.185
BLK-0348,DEMO-01,125.0,278.46,207.22,32068.4,3.333
BLK-0349,DEMO-01,125.0,278.46,222.11,32068.4,2.943
BLK-0350,DEMO-01,125.0,278.46,237.0,32068.4,2.914
BLK-0351,DEMO-01,125.0,321.54,103.0,32068.4,2.927
BLK-0352,DEMO-01,125.0,321.54,117.89,32068.4,2.924
BLK-0353,DEMO-01,125.0,321.54,132.78,32068.4,2.899
BLK-0354,DEMO-01,125.0,321.54,147.67,32068.4,2.901
BLK-0355,DEMO-01,125.0,321.54,162.56,32068.4,2.907
BLK-0356,DEMO-01,125.0,321.54,177.44,32068.4,2.946
BLK-0357,DEMO-01,125.0,321.54,192.33,32068.4,3.314
BLK-0358,DEMO-01,125.0,321.54,207.22,32068.4,3.606
BLK-0359,DEMO-01,125.0,321.54,222.11,32068.4,3.037
BLK-0360,DEMO-01,125.0,321.54,237.0,32068.4,2.915
BLK-0361,DEMO-01,125.0,364.62,103.0,32068.4,2.923
BLK-0362,DEMO-01,125.0,364.62,117.89,32068.4,2.919
BLK-0363,DEMO-01,125.0,364.62,132.78,32068.4,2.909
BLK-0364,DEMO-01,125.0,364.62,147.67,32068.4,2.891
BLK-0365,DEMO-01,125.0,364.62,162.56,32068.4,2.921
BLK-0366,DEMO-01,125.0,364.62,177.44,32068.4,3.076
BLK-0367,DEMO-01,125.0,364.62,192.33,32068.4,3.788
BLK-0368,DEMO-01,125.0,364.62,207.22,32068.4,3.388
BLK-0369,DEMO-01,125.0,364.62,222.11,32068.4,2.961
BLK-0370,DEMO-01,125.0,364.62,237.0,32068.4,2.916
BLK-0371,DEMO-01,125.0,407.69,103.0,32068.4,2.924
BLK-0372,DEMO-01,125.0,407.69,117.89,32068.4,2.897
BLK-0373,DEMO-01,125.0,407.69,132.78,32068.4,2.919
BLK-0374,DEMO-01,125.0,407.69,147.67,32068.4,2.916
BLK-0375,DEMO-01,125.0,407.69,162.56,32068.4,3.011
BLK-0376,DEMO-01,125.0,407.69,177.44,32068.4,3.6
BLK-0377,DEMO-01,125.0,407.69,192.33,32068.4,3.546
BLK-0378,DEMO-01,125.0,407.69,207.22,32068.4,2.99
BLK-0379,DEMO-01,125.0,407.69,222.11,32068.4,2.916
BLK-0380,DEMO-01,125.0,407.69,237.0,32068.4,2.902
BLK-0381,DEMO-01,125.0,450.77,103.0,32068.4,2.95
BLK-0382,DEMO-01,125.0,450.77,117.89,32068.4,2.902
BLK-0383,DEMO-01,125.0,450.77,132.78,32068.4,2.915
BLK-0384,DEMO-01,125.0,450.77,147.67,32068.4,2.93
BLK-0385,DEMO-01,125.0,450.77,162.56,32068.4,3.158
BLK-0386,DEMO-01,125.0,450.77,177.44,32068.4,3.548
BLK-0387,DEMO-01,125.0,450.77,192.33,32068.4,3.09
BLK-0388,DEMO-01,125.0,450.77,207.22,32068.4,2.918
BLK-0389,DEMO-01,125.0,450.77,222.11,32068.4,2.901
BLK-0390,DEMO-01,125.0,450.77,237.0,32068.4,2.945
BLK-0391,DEMO-01,125.0,493.85,103.0,32068.4,2.913
BLK-0392,DEMO-01,125.0,493.85,117.89,32068.4,2.924
BLK-0393,DEMO-01,125.0,493.85,132.78,32068.4,2.912
BLK-0394,DEMO-01,125.0,493.85,147.67,32068.4,2.916
BLK-0395,DEMO-01,125.0,493.85,162.56,32068.4,3.033
BLK-0396,DEMO-01,125.0,493.85,177.44,32068.4,3.243
BLK-0397,DEMO-01,125.0,493.85,192.33,32068.4,3.016
BLK-0398,DEMO-01,125.0,493.85,207.22,32068.4,2.914
BLK-0399,DEMO-01,125.0,493.85,222.11,32068.4,2.932
BLK-0400,DEMO-01,125.0,493.85,237.0,32068.4,2.9
BLK-0401,DEMO-01,125.0,536.92,103.0,32068.4,2.909
BLK-0402,DEMO-01,125.0,536.92,117.89,32068.4,2.904
BLK-0403,DEMO-01,125.0,536.92,132.78,32068.4,2.935
BLK-0404,DEMO-01,125.0,536.92,147.67,32068.4,2.905
BLK-0405,DEMO-01,125.0,536.92,162.56,32068.4,2.936
BLK-0406,DEMO-01,125.0,536.92,177.44,32068.4,3.037
BLK-0407,DEMO-01,125.0,536.92,192.33,32068.4,3.015
BLK-0408,DEMO-01,125.0,536.92,207.22,32068.4,2.908
BLK-0409,DEMO-01,125.0,536.92,222.11,32068.4,2.898
BLK-0410,DEMO-01,125.0,536.92,237.0,32068.4,2.928
BLK-0411,DEMO-01,125.0,580.0,103.0,32068.4,2.9
BLK-0412,DEMO-01,125.0,580.0,117.89,32068.4,2.921
BLK-0413,DEMO-01,125.0,580.0,132.78,32068.4,2.918
BLK-0414,DEMO-01,125.0,580.0,147.67,32068.4,2.921
BLK-0415,DEMO-01,125.0,580.0,162.56,32068.4,2.923
BLK-0416,DEMO-01,125.0,580.0,177.44,32068.4,2.915
BLK-0417,DEMO-01,125.0,580.0,192.33,32068.4,2.944
BLK-0418,DEMO-01,125.0,580.0,207.22,32068.4,2.94
BLK-0419,DEMO-01,125.0,580.0,222.11,32068.4,2.908
BLK-0420,DEMO-01,125.0,580.0,237.0,32068.4,2.88
BLK-0421,DEMO-01,175.0,20.0,103.0,32068.4,2.925
BLK-0422,DEMO-01,175.0,20.0,117.89,32068.4,2.903
BLK-0423,DEMO-01,175.0,20.0,132.78,32068.4,2.922
BLK-0424,DEMO-01,175.0,20.0,147.67,32068.4,2.935
BLK-0425,DEMO-01,175.0,20.0,162.56,32068.4,2.916
BLK-0426,DEMO-01,175.0,20.0,177.44,32068.4,2.929
BLK-0427,DEMO-01,175.0,20.0,192.33,32068.4,2.918
BLK-0428,DEMO-01,175.0,20.0,207.22,32068.4,2.937
BLK-0429,DEMO-01,175.0,20.0,222.11,32068.4,2.902
BLK-0430,DEMO-01,175.0,20.0,237.0,32068.4,2.916
BLK-0431,DEMO-01,175.0,63.08,103.0,32068.4,2.925
BLK-0432,DEMO-01,175.0,63.08,117.89,32068.4,2.914
BLK-0433,DEMO-01,175.0,63.08,132.78,32068.4,2.931
BLK-0434,DEMO-01,175.0,63.08,147.67,32068.4,2.91
BLK-0435,DEMO-01,175.0,63.08,162.56,32068.4,2.944
BLK-0436,DEMO-01,175.0,63.08,177.44,32068.4,2.945
BLK-0437,DEMO-01,175.0,63.08,192.33,32068.4,2.921
BLK-0438,DEMO-01,175.0,63.08,207.22,32068.4,2.924
BLK-0439,DEMO-01,175.0,63.08,222.11,32068.4,2.932
BLK-0440,DEMO-01,175.0,63.08,237.0,32068.4,2.901
BLK-0441,DEMO-01,175.0,106.15,103.0,32068.4,2.899
BLK-0442,DEMO-01,175.0,106.15,117.89,32068.4,2.933
BLK-0443,DEMO-01,175.0,106.15,132.78,32068.4,2.92
BLK-0444,DEMO-01,175.0,106.15,147.67,32068.4,2.913
BLK-0445,DEMO-01,175.0,106.15,162.56,32068.4,2.92
BLK-0446,DEMO-01,175.0,106.15,177.44,32068.4,2.894
BLK-0447,DEMO-01,175.0,106.15,192.33,32068.4,2.916
BLK-0448,DEMO-01,175.0,106.15,207.22,32068.4,2.906
BLK-0449,DEMO-01,175.0,106.15,222.11,32068.4,2.928
BLK-0450,DEMO-01,175.0,106.15,237.0,32068.4,2.929
BLK-0451,DEMO-01,175.0,149.23,103.0,32068.4,2.924
BLK-0452,DEMO-01,175.0,149.23,117.89,32068.4,2.921
BLK-0453,DEMO-01,175.0,149.23,132.78,32068.4,2.896
BLK-0454,DEMO-01,175.0,149.23,147.67,32068.4,2.927
BLK-0455,DEMO-01,175.0,149.23,162.56,32068.4,2.954
BLK-0456,DEMO-01,175.0,149.23,177.44,32068.4,2.964
BLK-0457,DEMO-01,175.0,149.23,192.33,32068.4,2.948
BLK-0458,DEMO-01,175.0,149.23,207.22,32068.4,2.894
BLK-0459,DEMO-01,175.0,149.23,222.11,32068.4,2.911
BLK-0460,DEMO-01,175.0,149.23,237.0,32068.4,2.906
BLK-0461,DEMO-01,175.0,192.31,103.0,32068.4,2.918
BLK-0462,DEMO-01,175.0,192.31,117.89,32068.4,2.916
BLK-0463,DEMO-01,175.0,192.31,132.78,32068.4,2.913
BLK-0464,DEMO-01,175.0,192.31,147.67,32068.4,2.935
BLK-0465,DEMO-01,175.0,192.31,162.56,32068.4,2.979
BLK-0466,DEMO-01,175.0,192.31,177.44,32068.4,3.019
BLK-0467,DEMO-01,175.0,192.31,192.33,32068.4,2.921
BLK-0468,DEMO-01,175.0,192.31,207.22,32068.4,2.912
BLK-0469,DEMO-01,175.0,192.31,222.11,32068.4,2.9
BLK-0470,DEMO-01,175.0,192.31,237.0,32068.4,2.916
BLK-0471,DEMO-01,175.0,235.38,103.0,32068.4,2.914
BLK-0472,DEMO-01,175.0,235.38,117.89,32068.4,2.906
BLK-0473,DEMO-01,175.0,235.38,132.78,32068.4,2.928
BLK-0474,DEMO-01,175.0,235.38,147.67,32068.4,2.916
BLK-0475,DEMO-01,175.0,235.38,162.56,32068.4,2.986
BLK-0476,DEMO-01,175.0,235.38,177.44,32068.4,3.214
BLK-0477,DEMO-01,175.0,235.38,192.33,32068.4,3.083
BLK-0478,DEMO-01,175.0,235.38,207.22,32068.4,2.918
BLK-0479,DEMO-01,175.0,235.38,222.11,32068.4,2.916
BLK-0480,DEMO-01,175.0,235.38,237.0,32068.4,2.926
BLK-0481,DEMO-01,175.0,278.46,103.0,32068.4,2.911
BLK-0482,DEMO-01,175.0,278.46,117.89,32068.4,2.923
BLK-0483,DEMO-01,175.0,278.46,132.78,32068.4,2.905
BLK-0484,DEMO-01,175.0,278.46,147.67,32068.4,2.926
BLK-0485,DEMO-01,175.0,278.46,162.56,32068.4,2.926
BLK-0486,DEMO-01,175.0,278.46,177.44,32068.4,3.234
BLK-0487,DEMO-01,175.0,278.46,192.33,32068.4,3.478
BLK-0488,DEMO-01,175.0,278.46,207.22,32068.4,3.043
BLK-0489,DEMO-01,175.0,278.46,222.11,32068.4,2.903
BLK-0490,DEMO-01,175.0,278.46,237.0,32068.4,2.897
BLK-0491,DEMO-01,175.0,321.54,103.0,32068.4,2.908
BLK-0492,DEMO-01,175.0,321.54,117.89,32068.4,2.898
BLK-0493,DEMO-01,175.0,321.54,132.78,32068.4,2.898
BLK-0494,DEMO-01,175.0,321.54,147.67,32068.4,2.924
BLK-0495,DEMO-01,175.0,321.54,162.56,32068.4,2.936
BLK-0496,DEMO-01,175.0,321.54,177.44,32068.4,3.301
BLK-0497,DEMO-01,175.0,321.54,192.33,32068.4,3.732
BLK-0498,DEMO-01,175.0,321.54,207.22,32068.4,3.088
BLK-0499,DEMO-01,175.0,321.54,222.11,32068.4,2.942
BLK-0500,DEMO-01,175.0,321.54,237.0,32068.4,2.906
BLK-0501,DEMO-01,175.0,364.62,103.0,32068.4,2.899
BLK-0502,DEMO-01,175.0,364.62,117.89,32068.4,2.927
BLK-0503,DEMO-01,175.0,364.62,132.78,32068.4,2.913
BLK-0504,DEMO-01,175.0,364.62,147.67,32068.4,2.945
BLK-0505,DEMO-01,175.0,364.62,162.56,32068.4,3.035
BLK-0506,DEMO-01,175.0,364.62,177.44,32068.4,3.751
BLK-0507,DEMO-01,175.0,364.62,192.33,32068.4,3.492
BLK-0508,DEMO-01,175.0,364.62,207.22,32068.4,2.949
BLK-0509,DEMO-01,175.0,364.62,222.11,32068.4,2.907
BLK-0510,DEMO-01,175.0,364.62,237.0,32068.4,2.926
BLK-0511,DEMO-01,175.0,407.69,103.0,32068.4,2.924
BLK-0512,DEMO-01,175.0,407.69,117.89,32068.4,2.898
BLK-0513,DEMO-01,175.0,407.69,132.78,32068.4,2.902
BLK-0514,DEMO-01,175.0,407.69,147.67,32068.4,2.929
BLK-0515,DEMO-01,175.0,407.69,162.56,32068.4,3.463
BLK-0516,DEMO-01,175.0,407.69,177.44,32068.4,3.558
BLK-0517,DEMO-01,175.0,407.69,192.33,32068.4,2.994
BLK-0518,DEMO-01,175.0,407.69,207.22,32068.4,2.895
BLK-0519,DEMO-01,175.0,407.69,222.11,32068.4,2.902
BLK-0520,DEMO-01,175.0,407.69,237.0,32068.4,2.91
BLK-0521,DEMO-01,175.0,450.77,103.0,32068.4,2.907
BLK-0522,DEMO-01,175.0,450.77,117.89,32068.4,2.918
BLK-0523,DEMO-01,175.0,450.77,132.78,32068.4,2.928
BLK-0524,DEMO-01,175.0,450.77,147.67,32068.4,3.087
BLK-0525,DEMO-01,175.0,450.77,162.56,32068.4,3.422
BLK-0526,DEMO-01,175.0,450.77,177.44,32068.4,3.12
BLK-0527,DEMO-01,175.0,450.77,192.33,32068.4,2.913
BLK-0528,DEMO-01,175.0,450.77,207.22,32068.4,2.894
BLK-0529,DEMO-01,175.0,450.77,222.11,32068.4,2.912
BLK-0530,DEMO-01,175.0,450.77,237.0,32068.4,2.895
BLK-0531,DEMO-01,175.0,493.85,103.0,32068.4,2.916
BLK-0532,DEMO-01,175.0,493.85,117.89,32068.4,2.906
BLK-0533,DEMO-01,175.0,493.85,132.78,32068.4,2.892
BLK-0534,DEMO-01,175.0,493.85,147.67,32068.4,2.999
BLK-0535,DEMO-01,175.0,493.85,162.56,32068.4,3.151
BLK-0536,DEMO-01,175.0,493.85,177.44,32068.4,2.995
BLK-0537,DEMO-01,175.0,493.85,192.33,32068.4,2.932
BLK-0538,DEMO-01,175.0,493.85,207.22,32068.4,2.907
BLK-0539,DEMO-01,175.0,493.85,222.11,32068.4,2.931
BLK-0540,DEMO-01,175.0,493.85,237.0,32068.4,2.907
BLK-0541,DEMO-01,175.0,536.92,103.0,32068.4,2.909
BLK-0542,DEMO-01,175.0,536.92,117.89,32068.4,2.921
BLK-0543,DEMO-01,175.0,536.92,132.78,32068.4,2.924
BLK-0544,DEMO-01,175.0,536.92,147.67,32068.4,2.93
BLK-0545,DEMO-01,175.0,536.92,162.56,32068.4,2.969
BLK-0546,DEMO-01,175.0,536.92,177.44,32068.4,2.999
BLK-0547,DEMO-01,175.0,536.92,192.33,32068.4,2.937
BLK-0548,DEMO-01,175.0,536.92,207.22,32068.4,2.919
BLK-0549,DEMO-01,175.0,536.92,222.11,32068.4,2.914
BLK-0550,DEMO-01,175.0,536.92,237.0,32068.4,2.897
BLK-0551,DEMO-01,175.0,580.0,103.0,32068.4,2.924
BLK-0552,DEMO-01,175.0,580.0,117.89,32068.4,2.917
BLK-0553,DEMO-01,175.0,580.0,132.78,32068.4,2.911
BLK-0554,DEMO-01,175.0,580.0,147.67,32068.4,2.933
BLK-0555,DEMO-01,175.0,580.0,162.56,32068.4,2.901
BLK-0556,DEMO-01,175.0,580.0,177.44,32068.4,2.959
BLK-0557,DEMO-01,175.0,580.0,192.33,32068.4,2.928
BLK-0558,DEMO-01,175.0,580.0,207.22,32068.4,2.921
BLK-0559,DEMO-01,175.0,580.0,222.11,32068.4,2.911
BLK-0560,DEMO-01,175.0,580.0,237.0,32068.4,2.894
BLK-0561,DEMO-01,225.0,20.0,103.0,32068.4,2.914
BLK-0562,DEMO-01,225.0,20.0,117.89,32068.4,2.921
BLK-0563,DEMO-01,225.0,20.0,132.78,32068.4,2.925
BLK-0564,DEMO-01,225.0,20.0,147.67,32068.4,2.914
BLK-0565,DEMO-01,225.0,20.0,162.56,32068.4,2.888
BLK-0566,DEMO-01,225.0,20.0,177.44,32068.4,2.898
BLK-0567,DEMO-01,225.0,20.0,192.33,32068.4,2.944
BLK-0568,DEMO-01,225.0,20.0,207.22,32068.4,2.902
BLK-0569,DEMO-01,225.0,20.0,222.11,32068.4,2.935
BLK-0570,DEMO-01,225.0,20.0,237.0,32068.4,2.904
BLK-0571,DEMO-01,225.0,63.08,103.0,32068.4,2.914
BLK-0572,DEMO-01,225.0,63.08,117.89,32068.4,2.924
BLK-0573,DEMO-01,225.0,63.08,132.78,32068.4,2.905
BLK-0574,DEMO-01,225.0,63.08,147.67,32068.4,2.938
BLK-0575,DEMO-01,225.0,63.08,162.56,32068.4,2.925
BLK-0576,DEMO-01,225.0,63.08,177.44,32068.4,2.929
BLK-0577,DEMO-01,225.0,63.08,192.33,32068.4,2.913
BLK-0578,DEMO-01,225.0,63.08,207.22,32068.4,2.925
BLK-0579,DEMO-01,225.0,63.08,222.11,32068.4,2.937
BLK-0580,DEMO-01,225.0,63.08,237.0,32068.4,2.914
BLK-0581,DEMO-01,225.0,106.15,103.0,32068.4,2.939
BLK-0582,DEMO-01,225.0,106.15,117.89,32068.4,2.908
BLK-0583,DEMO-01,225.0,106.15,132.78,32068.4,2.928
BLK-0584,DEMO-01,225.0,106.15,147.67,32068.4,2.949
BLK-0585,DEMO-01,225.0,106.15,162.56,32068.4,2.942
BLK-0586,DEMO-01,225.0,106.15,177.44,32068.4,2.926
BLK-0587,DEMO-01,225.0,106.15,192.33,32068.4,2.916
BLK-0588,DEMO-01,225.0,106.15,207.22,32068.4,2.905
BLK-0589,DEMO-01,225.0,106.15,222.11,32068.4,2.921
BLK-0590,DEMO-01,225.0,106.15,237.0,32068.4,2.918
BLK-0591,DEMO-01,225.0,149.23,103.0,32068.4,2.915
BLK-0592,DEMO-01,225.0,149.23,117.89,32068.4,2.916
BLK-0593,DEMO-01,225.0,149.23,132.78,32068.4,2.939
BLK-0594,DEMO-01,225.0,149.23,147.67,32068.4,3.045
BLK-0595,DEMO-01,225.0,149.23,162.56,32068.4,2.996
BLK-0596,DEMO-01,225.0,149.23,177.44,32068.4,2.912
BLK-0597,DEMO-01,225.0,149.23,192.33,32068.4,2.951
BLK-0598,DEMO-01,225.0,149.23,207.22,32068.4,2.898
BLK-0599,DEMO-01,225.0,149.23,222.11,32068.4,2.908
BLK-0600,DEMO-01,225.0,149.23,237.0,32068.4,2.91
BLK-0601,DEMO-01,225.0,192.31,103.0,32068.4,2.943
BLK-0602,DEMO-01,225.0,192.31,117.89,32068.4,2.899
BLK-0603,DEMO-01,225.0,192.31,132.78,32068.4,2.96
BLK-0604,DEMO-01,225.0,192.31,147.67,32068.4,3.211
BLK-0605,DEMO-01,225.0,192.31,162.56,32068.4,3.153
BLK-0606,DEMO-01,225.0,192.31,177.44,32068.4,2.952
BLK-0607,DEMO-01,225.0,192.31,192.33,32068.4,2.932
BLK-0608,DEMO-01,225.0,192.31,207.22,32068.4,2.91
BLK-0609,DEMO-01,225.0,192.31,222.11,32068.4,2.919
BLK-0610,DEMO-01,225.0,192.31,237.0,32068.4,2.892
BLK-0611,DEMO-01,225.0,235.38,103.0,32068.4,2.918
BLK-0612,DEMO-01,225.0,235.38,117.89,32068.4,2.906
BLK-0613,DEMO-01,225.0,235.38,132.78,32068.4,2.922
BLK-0614,DEMO-01,225.0,235.38,147.67,32068.4,3.117
BLK-0615,DEMO-01,225.0,235.38,162.56,32068.4,3.553
BLK-0616,DEMO-01,225.0,235.38,177.44,32068.4,3.08
BLK-0617,DEMO-01,225.0,235.38,192.33,32068.4,2.924
BLK-0618,DEMO-01,225.0,235.38,207.22,32068.4,2.9
BLK-0619,DEMO-01,225.0,235.38,222.11,32068.4,2.905
BLK-0620,DEMO-01,225.0,235.38,237.0,32068.4,2.931
BLK-0621,DEMO-01,225.0,278.46,103.0,32068.4,2.924
BLK-0622,DEMO-01,225.0,278.46,117.89,32068.4,2.931
BLK-0623,DEMO-01,225.0,278.46,132.78,32068.4,2.938
BLK-0624,DEMO-01,225.0,278.46,147.67,32068.4,2.977
BLK-0625,DEMO-01,225.0,278.46,162.56,32068.4,3.599
BLK-0626,DEMO-01,225.0,278.46,177.44,32068.4,3.545
BLK-0627,DEMO-01,225.0,278.46,192.33,32068.4,2.992
BLK-0628,DEMO-01,225.0,278.46,207.22,32068.4,2.91
BLK-0629,DEMO-01,225.0,278.46,222.11,32068.4,2.904
BLK-0630,DEMO-01,225.0,278.46,237.0,32068.4,2.924
BLK-0631,DEMO-01,225.0,321.54,103.0,32068.4,2.929
BLK-0632,DEMO-01,225.0,321.54,117.89,32068.4,2.928
BLK-0633,DEMO-01,225.0,321.54,132.78,32068.4,2.92
BLK-0634,DEMO-01,225.0,321.54,147.67,32068.4,2.976
BLK-0635,DEMO-01,225.0,321.54,162.56,32068.4,3.564
BLK-0636,DEMO-01,225.0,321.54,177.44,32068.4,3.661
BLK-0637,DEMO-01,225.0,321.54,192.33,32068.4,3.012
BLK-0638,DEMO-01,225.0,321.54,207.22,32068.4,2.92
BLK-0639,DEMO-01,225.0,321.54,222.11,32068.4,2.927
BLK-0640,DEMO-01,225.0,321.54,237.0,32068.4,2.895
BLK-0641,DEMO-01,225.0,364.62,103.0,32068.4,2.914
BLK-0642,DEMO-01,225.0,364.62,117.89,32068.4,2.898
BLK-0643,DEMO-01,225.0,364.62,132.78,32068.4,2.925
BLK-0644,DEMO-01,225.0,364.62,147.67,32068.4,3.135
BLK-0645,DEMO-01,225.0,364.62,162.56,32068.4,3.654
BLK-0646,DEMO-01,225.0,364.62,177.44,32068.4,3.21
BLK-0647,DEMO-01,225.0,364.62,192.33,32068.4,2.938
BLK-0648,DEMO-01,225.0,364.62,207.22,32068.4,2.889
BLK-0649,DEMO-01,225.0,364.62,222.11,32068.4,2.909
BLK-0650,DEMO-01,225.0,364.62,237.0,32068.4,2.921
BLK-0651,DEMO-01,225.0,407.69,103.0,32068.4,2.878
BLK-0652,DEMO-01,225.0,407.69,117.89,32068.4,2.904
BLK-0653,DEMO-01,225.0,407.69,132.78,32068.4,2.988
BLK-0654,DEMO-01,225.0,407.69,147.67,32068.4,3.336
BLK-0655,DEMO-01,225.0,407.69,162.56,32068.4,3.219
BLK-0656,DEMO-01,225.0,407.69,177.44,32068.4,2.95
BLK-0657,DEMO-01,225.0,407.69,192.33,32068.4,2.919
BLK-0658,DEMO-01,225.0,407.69,207.22,32068.4,2.924
BLK-0659,DEMO-01,225.0,407.69,222.11,32068.4,2.912
BLK-0660,DEMO-01,225.0,407.69,237.0,32068.4,2.918
BLK-0661,DEMO-01,225.0,450.77,103.0,32068.4,2.908
BLK-0662,DEMO-01,225.0,450.77,117.89,32068.4,2.937
BLK-0663,DEMO-01,225.0,450.77,132.78,32068.4,3.03
BLK-0664,DEMO-01,225.0,450.77,147.67,32068.4,3.156
BLK-0665,DEMO-01,225.0,450.77,162.56,32068.4,2.965
BLK-0666,DEMO-01,225.0,450.77,177.44,32068.4,2.905
BLK-0667,DEMO-01,225.0,450.77,192.33,32068.4,2.933
BLK-0668,DEMO-01,225.0,450.77,207.22,32068.4,2.923
BLK-0669,DEMO-01,225.0,450.77,222.11,32068.4,2.921
BLK-0670,DEMO-01,225.0,450.77,237.0,32068.4,2.908
BLK-0671,DEMO-01,225.0,493.85,103.0,32068.4,2.922
BLK-0672,DEMO-01,225.0,493.85,117.89,32068.4,2.903
BLK-0673,DEMO-01,225.0,493.85,132.78,32068.4,2.952
BLK-0674,DEMO-01,225.0,493.85,147.67,32068.4,3.014
BLK-0675,DEMO-01,225.0,493.85,162.56,32068.4,2.961
BLK-0676,DEMO-01,225.0,493.85,177.44,32068.4,2.926
BLK-0677,DEMO-01,225.0,493.85,192.33,32068.4,2.898
BLK-0678,DEMO-01,225.0,493.85,207.22,32068.4,2.919
BLK-0679,DEMO-01,225.0,493.85,222.11,32068.4,2.944
BLK-0680,DEMO-01,225.0,493.85,237.0,32068.4,2.905
BLK-0681,DEMO-01,225.0,536.92,103.0,32068.4,2.915
BLK-0682,DEMO-01,225.0,536.92,117.89,32068.4,2.935
BLK-0683,DEMO-01,225.0,536.92,132.78,32068.4,2.926
BLK-0684,DEMO-01,225.0,536.92,147.67,32068.4,2.964
BLK-0685,DEMO-01,225.0,536.92,162.56,32068.4,2.923
BLK-0686,DEMO-01,225.0,536.92,177.44,32068.4,2.905
BLK-0687,DEMO-01,225.0,536.92,192.33,32068.4,2.932
BLK-0688,DEMO-01,225.0,536.92,207.22,32068.4,2.9
BLK-0689,DEMO-01,225.0,536.92,222.11,32068.4,2.914
BLK-0690,DEMO-01,225.0,536.92,237.0,32068.4,2.915
BLK-0691,DEMO-01,225.0,580.0,103.0,32068.4,2.93
BLK-0692,DEMO-01,225.0,580.0,117.89,32068.4,2.924
BLK-0693,DEMO-01,225.0,580.0,132.78,32068.4,2.922
BLK-0694,DEMO-01,225.0,580.0,147.67,32068.4,2.912
BLK-0695,DEMO-01,225.0,580.0,162.56,32068.4,2.936
BLK-0696,DEMO-01,225.0,580.0,177.44,32068.4,2.971
BLK-0697,DEMO-01,225.0,580.0,192.33,32068.4,2.925
BLK-0698,DEMO-01,225.0,580.0,207.22,32068.4,2.918
BLK-0699,DEMO-01,225.0,580.0,222.11,32068.4,2.899
BLK-0700,DEMO-01,225.0,580.0,237.0,32068.4,2.908
BLK-0701,DEMO-01,275.0,20.0,103.0,32068.4,2.913
BLK-0702,DEMO-01,275.0,20.0,117.89,32068.4,2.909
BLK-0703,DEMO-01,275.0,20.0,132.78,32068.4,2.916
BLK-0704,DEMO-01,275.0,20.0,147.67,32068.4,2.946
BLK-0705,DEMO-01,275.0,20.0,162.56,32068.4,2.949
BLK-0706,DEMO-01,275.0,20.0,177.44,32068.4,2.918
BLK-0707,DEMO-01,275.0,20.0,192.33,32068.4,2.9
BLK-0708,DEMO-01,275.0,20.0,207.22,32068.4,2.934
BLK-0709,DEMO-01,275.0,20.0,222.11,32068.4,2.916
BLK-0710,DEMO-01,275.0,20.0,237.0,32068.4,2.893
BLK-0711,DEMO-01,275.0,63.08,103.0,32068.4,2.926
BLK-0712,DEMO-01,275.0,63.08,117.89,32068.4,2.93
BLK-0713,DEMO-01,275.0,63.08,132.78,32068.4,2.893
BLK-0714,DEMO-01,275.0,63.08,147.67,32068.4,2.964
BLK-0715,DEMO-01,275.0,63.08,162.56,32068.4,2.955
BLK-0716,DEMO-01,275.0,63.08,177.44,32068.4,2.929
BLK-0717,DEMO-01,275.0,63.08,192.33,32068.4,2.909
BLK-0718,DEMO-01,275.0,63.08,207.22,32068.4,2.905
BLK-0719,DEMO-01,275.0,63.08,222.11,32068.4,2.926
BLK-0720,DEMO-01,275.0,63.08,237.0,32068.4,2.91
BLK-0721,DEMO-01,275.0,106.15,103.0,32068.4,2.923
BLK-0722,DEMO-01,275.0,106.15,117.89,32068.4,2.913
BLK-0723,DEMO-01,275.0,106.15,132.78,32068.4,3.035
BLK-0724,DEMO-01,275.0,106.15,147.67,32068.4,3.094
BLK-0725,DEMO-01,275.0,106.15,162.56,32068.4,2.941
BLK-0726,DEMO-01,275.0,106.15,177.44,32068.4,2.929
BLK-0727,DEMO-01,275.0,106.15,192.33,32068.4,2.909
BLK-0728,DEMO-01,275.0,106.15,207.22,32068.4,2.906
BLK-0729,DEMO-01,275.0,106.15,222.11,32068.4,2.934
BLK-0730,DEMO-01,275.0,106.15,237.0,32068.4,2.896
BLK-0731,DEMO-01,275.0,149.23,103.0,32068.4,2.935
BLK-0732,DEMO-01,275.0,149.23,117.89,32068.4,3.033
BLK-0733,DEMO-01,275.0,149.23,132.78,32068.4,3.371
BLK-0734,DEMO-01,275.0,149.23,147.67,32068.4,3.114
BLK-0735,DEMO-01,275.0,149.23,162.56,32068.4,2.915
BLK-0736,DEMO-01,275.0,149.23,177.44,32068.4,2.913
BLK-0737,DEMO-01,275.0,149.23,192.33,32068.4,2.899
BLK-0738,DEMO-01,275.0,149.23,207.22,32068.4,2.903
BLK-0739,DEMO-01,275.0,149.23,222.11,32068.4,2.925
BLK-0740,DEMO-01,275.0,149.23,237.0,32068.4,2.925
BLK-0741,DEMO-01,275.0,192.31,103.0,32068.4,2.904
BLK-0742,DEMO-01,275.0,192.31,117.89,32068.4,3.034
BLK-0743,DEMO-01,275.0,192.31,132.78,32068.4,3.606
BLK-0744,DEMO-01,275.0,192.31,147.67,32068.4,3.384
BLK-0745,DEMO-01,275.0,192.31,162.56,32068.4,2.954
BLK-0746,DEMO-01,275.0,192.31,177.44,32068.4,2.93
BLK-0747,DEMO-01,275.0,192.31,192.33,32068.4,2.922
BLK-0748,DEMO-01,275.0,192.31,207.22,32068.4,2.929
BLK-0749,DEMO-01,275.0,192.31,222.11,32068.4,2.899
BLK-0750,DEMO-01,275.0,192.31,237.0,32068.4,2.915
BLK-0751,DEMO-01,275.0,235.38,103.0,32068.4,2.916
BLK-0752,DEMO-01,275.0,235.38,117.89,32068.4,2.93
BLK-0753,DEMO-01,275.0,235.38,132.78,32068.4,3.311
BLK-0754,DEMO-01,275.0,235.38,147.67,32068.4,3.867
BLK-0755,DEMO-01,275.0,235.38,162.56,32068.4,3.158
BLK-0756,DEMO-01,275.0,235.38,177.44,32068.4,2.92
BLK-0757,DEMO-01,275.0,235.38,192.33,32068.4,2.906
BLK-0758,DEMO-01,275.0,235.38,207.22,32068.4,2.931
BLK-0759,DEMO-01,275.0,235.38,222.11,32068.4,2.921
BLK-0760,DEMO-01,275.0,235.38,237.0,32068.4,2.903
BLK-0761,DEMO-01,275.0,278.46,103.0,32068.4,2.914
BLK-0762,DEMO-01,275.0,278.46,117.89,32068.4,2.894
BLK-0763,DEMO-01,275.0,278.46,132.78,32068.4,3.002
BLK-0764,DEMO-01,275.0,278.46,147.67,32068.4,3.636
BLK-0765,DEMO-01,275.0,278.46,162.56,32068.4,3.546
BLK-0766,DEMO-01,275.0,278.46,177.44,32068.4,2.996
BLK-0767,DEMO-01,275.0,278.46,192.33,32068.4,2.901
BLK-0768,DEMO-01,275.0,278.46,207.22,32068.4,2.926
BLK-0769,DEMO-01,275.0,278.46,222.11,32068.4,2.945
BLK-0770,DEMO-01,275.0,278.46,237.0,32068.4,2.93
BLK-0771,DEMO-01,275.0,321.54,103.0,32068.4,2.916
BLK-0772,DEMO-01,275.0,321.54,117.89,32068.4,2.902
BLK-0773,DEMO-01,275.0,321.54,132.78,32068.4,2.942
BLK-0774,DEMO-01,275.0,321.54,147.67,32068.4,3.379
BLK-0775,DEMO-01,275.0,321.54,162.56,32068.4,3.43
BLK-0776,DEMO-01,275.0,321.54,177.44,32068.4,2.967
BLK-0777,DEMO-01,275.0,321.54,192.33,32068.4,2.913
BLK-0778,DEMO-01,275.0,321.54,207.22,32068.4,2.915
BLK-0779,DEMO-01,275.0,321.54,222.11,32068.4,2.923
BLK-0780,DEMO-01,275.0,321.54,237.0,32068.4,2.9
BLK-0781,DEMO-01,275.0,364.62,103.0,32068.4,2.907
BLK-0782,DEMO-01,275.0,364.62,117.89,32068.4,2.917
BLK-0783,DEMO-01,275.0,364.62,132.78,32068.4,3.007
BLK-0784,DEMO-01,275.0,364.62,147.67,32068.4,3.309
BLK-0785,DEMO-01,275.0,364.62,162.56,32068.4,3.07
BLK-0786,DEMO-01,275.0,364.62,177.44,32068.4,2.901
BLK-0787,DEMO-01,275.0,364.62,192.33,32068.4,2.922
BLK-0788,DEMO-01,275.0,364.62,207.22,32068.4,2.923
BLK-0789,DEMO-01,275.0,364.62,222.11,32068.4,2.915
BLK-0790,DEMO-01,275.0,364.62,237.0,32068.4,2.9
BLK-0791,DEMO-01,275.0,407.69,103.0,32068.4,2.94
BLK-0792,DEMO-01,275.0,407.69,117.89,32068.4,2.919
BLK-0793,DEMO-01,275.0,407.69,132.78,32068.4,3.058
BLK-0794,DEMO-01,275.0,407.69,147.67,32068.4,3.03
BLK-0795,DEMO-01,275.0,407.69,162.56,32068.4,2.934
BLK-0796,DEMO-01,275.0,407.69,177.44,32068.4,2.939
BLK-0797,DEMO-01,275.0,407.69,192.33,32068.4,2.924
BLK-0798,DEMO-01,275.0,407.69,207.22,32068.4,2.909
BLK-0799,DEMO-01,275.0,407.69,222.11,32068.4,2.931
BLK-0800,DEMO-01,275.0,407.69,237.0,32068.4,2.908
BLK-0801,DEMO-01,275.0,450.77,103.0,32068.4,2.919
BLK-0802,DEMO-01,275.0,450.77,117.89,32068.4,2.917
BLK-0803,DEMO-01,275.0,450.77,132.78,32068.4,2.956
BLK-0804,DEMO-01,275.0,450.77,147.67,32068.4,2.933
BLK-0805,DEMO-01,275.0,450.77,162.56,32068.4,2.922
BLK-0806,DEMO-01,275.0,450.77,177.44,32068.4,2.894
BLK-0807,DEMO-01,275.0,450.77,192.33,32068.4,2.923
BLK-0808,DEMO-01,275.0,450.77,207.22,32068.4,2.905
BLK-0809,DEMO-01,275.0,450.77,222.11,32068.4,2.933
BLK-0810,DEMO-01,275.0,450.77,237.0,32068.4,2.912
BLK-0811,DEMO-01,275.0,493.85,103.0,32068.4,2.901
BLK-0812,DEMO-01,275.0,493.85,117.89,32068.4,2.92
BLK-0813,DEMO-01,275.0,493.85,132.78,32068.4,2.917
BLK-0814,DEMO-01,275.0,493.85,147.67,32068.4,2.938
BLK-0815,DEMO-01,275.0,493.85,162.56,32068.4,2.916
BLK-0816,DEMO-01,275.0,493.85,177.44,32068.4,2.914
BLK-0817,DEMO-01,275.0,493.85,192.33,32068.4,2.924
BLK-0818,DEMO-01,275.0,493.85,207.22,32068.4,2.903
BLK-0819,DEMO-01,275.0,493.85,222.11,32068.4,2.899
BLK-0820,DEMO-01,275.0,493.85,237.0,32068.4,2.922
BLK-0821,DEMO-01,275.0,536.92,103.0,32068.4,2.902
BLK-0822,DEMO-01,275.0,536.92,117.89,32068.4,2.902
BLK-0823,DEMO-01,275.0,536.92,132.78,32068.4,2.929
BLK-0824,DEMO-01,275.0,536.92,147.67,32068.4,2.925
BLK-0825,DEMO-01,275.0,536.92,162.56,32068.4,2.9
BLK-0826,DEMO-01,275.0,536.92,177.44,32068.4,2.908
BLK-0827,DEMO-01,275.0,536.92,192.33,32068.4,2.904
BLK-0828,DEMO-01,275.0,536.92,207.22,32068.4,2.94
BLK-0829,DEMO-01,275.0,536.92,222.11,32068.4,2.928
BLK-0830,DEMO-01,275.0,536.92,237.0,32068.4,2.911
BLK-0831,DEMO-01,275.0,580.0,103.0,32068.4,2.924
BLK-0832,DEMO-01,275.0,580.0,117.89,32068.4,2.898
BLK-0833,DEMO-01,275.0,580.0,132.78,32068.4,2.907
BLK-0834,DEMO-01,275.0,580.0,147.67,32068.4,2.918
BLK-0835,DEMO-01,275.0,580.0,162.56,32068.4,2.922
BLK-0836,DEMO-01,275.0,580.0,177.44,32068.4,2.915
BLK-0837,DEMO-01,275.0,580.0,192.33,32068.4,2.919
BLK-0838,DEMO-01,275.0,580.0,207.22,32068.4,2.917
BLK-0839,DEMO-01,275.0,580.0,222.11,32068.4,2.914
BLK-0840,DEMO-01,275.0,580.0,237.0,32068.4,2.912
BLK-0841,DEMO-01,325.0,20.0,103.0,32068.4,2.911
BLK-0842,DEMO-01,325.0,20.0,117.89,32068.4,2.919
BLK-0843,DEMO-01,325.0,20.0,132.78,32068.4,2.928
BLK-0844,DEMO-01,325.0,20.0,147.67,32068.4,2.973
BLK-0845,DEMO-01,325.0,20.0,162.56,32068.4,2.951
BLK-0846,DEMO-01,325.0,20.0,177.44,32068.4,2.908
BLK-0847,DEMO-01,325.0,20.0,192.33,32068.4,2.922
BLK-0848,DEMO-01,325.0,20.0,207.22,32068.4,2.936
BLK-0849,DEMO-01,325.0,20.0,222.11,32068.4,2.918
BLK-0850,DEMO-01,325.0,20.0,237.0,32068.4,2.911
BLK-0851,DEMO-01,325.0,63.08,103.0,32068.4,2.919
BLK-0852,DEMO-01,325.0,63.08,117.89,32068.4,2.905
BLK-0853,DEMO-01,325.0,63.08,132.78,32068.4,3.019
BLK-0854,DEMO-01,325.0,63.08,147.67,32068.4,3.13
BLK-0855,DEMO-01,325.0,63.08,162.56,32068.4,2.961
BLK-0856,DEMO-01,325.0,63.08,177.44,32068.4,2.915
BLK-0857,DEMO-01,325.0,63.08,192.33,32068.4,2.909
BLK-0858,DEMO-01,325.0,63.08,207.22,32068.4,2.934
BLK-0859,DEMO-01,325.0,63.08,222.11,32068.4,2.914
BLK-0860,DEMO-01,325.0,63.08,237.0,32068.4,2.918
BLK-0861,DEMO-01,325.0,106.15,103.0,32068.4,2.926
BLK-0862,DEMO-01,325.0,106.15,117.89,32068.4,3.01
BLK-0863,DEMO-01,325.0,106.15,132.78,32068.4,3.391
BLK-0864,DEMO-01,325.0,106.15,147.67,32068.4,3.144
BLK-0865,DEMO-01,325.0,106.15,162.56,32068.4,2.907
BLK-0866,DEMO-01,325.0,106.15,177.44,32068.4,2.92
BLK-0867,DEMO-01,325.0,106.15,192.33,32068.4,2.916
BLK-0868,DEMO-01,325.0,106.15,207.22,32068.4,2.918
BLK-0869,DEMO-01,325.0,106.15,222.11,32068.4,2.917
BLK-0870,DEMO-01,325.0,106.15,237.0,32068.4,2.92
BLK-0871,DEMO-01,325.0,149.23,103.0,32068.4,2.958
BLK-0872,DEMO-01,325.0,149.23,117.89,32068.4,3.321
BLK-0873,DEMO-01,325.0,149.23,132.78,32068.4,3.683
BLK-0874,DEMO-01,325.0,149.23,147.67,32068.4,3.072
BLK-0875,DEMO-01,325.0,149.23,162.56,32068.4,2.925
BLK-0876,DEMO-01,325.0,149.23,177.44,32068.4,2.922
BLK-0877,DEMO-01,325.0,149.23,192.33,32068.4,2.953
BLK-0878,DEMO-01,325.0,149.23,207.22,32068.4,2.924
BLK-0879,DEMO-01,325.0,149.23,222.11,32068.4,2.931
BLK-0880,DEMO-01,325.0,149.23,237.0,32068.4,2.912
BLK-0881,DEMO-01,325.0,192.31,103.0,32068.4,2.917
BLK-0882,DEMO-01,325.0,192.31,117.89,32068.4,3.28
BLK-0883,DEMO-01,325.0,192.31,132.78,32068.4,3.94
BLK-0884,DEMO-01,325.0,192.31,147.67,32068.4,3.212
BLK-0885,DEMO-01,325.0,192.31,162.56,32068.4,2.93
BLK-0886,DEMO-01,325.0,192.31,177.44,32068.4,2.913
BLK-0887,DEMO-01,325.0,192.31,192.33,32068.4,2.911
BLK-0888,DEMO-01,325.0,192.31,207.22,32068.4,2.914
BLK-0889,DEMO-01,325.0,192.31,222.11,32068.4,2.926
BLK-0890,DEMO-01,325.0,192.31,237.0,32068.4,2.927
BLK-0891,DEMO-01,325.0,235.38,103.0,32068.4,2.903
BLK-0892,DEMO-01,325.0,235.38,117.89,32068.4,2.986
BLK-0893,DEMO-01,325.0,235.38,132.78,32068.4,3.567
BLK-0894,DEMO-01,325.0,235.38,147.67,32068.4,3.676
BLK-0895,DEMO-01,325.0,235.38,162.56,32068.4,3.003
BLK-0896,DEMO-01,325.0,235.38,177.44,32068.4,2.938
BLK-0897,DEMO-01,325.0,235.38,192.33,32068.4,2.911
BLK-0898,DEMO-01,325.0,235.38,207.22,32068.4,2.919
BLK-0899,DEMO-01,325.0,235.38,222.11,32068.4,2.924
BLK-0900,DEMO-01,325.0,235.38,237.0,32068.4,2.905
BLK-0901,DEMO-01,325.0,278.46,103.0,32068.4,2.915
BLK-0902,DEMO-01,325.0,278.46,117.89,32068.4,2.916
BLK-0903,DEMO-01,325.0,278.46,132.78,32068.4,3.056
BLK-0904,DEMO-01,325.0,278.46,147.67,32068.4,3.55
BLK-0905,DEMO-01,325.0,278.46,162.56,32068.4,3.221
BLK-0906,DEMO-01,325.0,278.46,177.44,32068.4,2.922
BLK-0907,DEMO-01,325.0,278.46,192.33,32068.4,2.924
BLK-0908,DEMO-01,325.0,278.46,207.22,32068.4,2.92
BLK-0909,DEMO-01,325.0,278.46,222.11,32068.4,2.898
BLK-0910,DEMO-01,325.0,278.46,237.0,32068.4,2.923
BLK-0911,DEMO-01,325.0,321.54,103.0,32068.4,2.898
BLK-0912,DEMO-01,325.0,321.54,117.89,32068.4,2.925
BLK-0913,DEMO-01,325.0,321.54,132.78,32068.4,2.963
BLK-0914,DEMO-01,325.0,321.54,147.67,32068.4,3.237
BLK-0915,DEMO-01,325.0,321.54,162.56,32068.4,3.101
BLK-0916,DEMO-01,325.0,321.54,177.44,32068.4,2.931
BLK-0917,DEMO-01,325.0,321.54,192.33,32068.4,2.929
BLK-0918,DEMO-01,325.0,321.54,207.22,32068.4,2.906
BLK-0919,DEMO-01,325.0,321.54,222.11,32068.4,2.908
BLK-0920,DEMO-01,325.0,321.54,237.0,32068.4,2.922
BLK-0921,DEMO-01,325.0,364.62,103.0,32068.4,2.923
BLK-0922,DEMO-01,325.0,364.62,117.89,32068.4,2.887
BLK-0923,DEMO-01,325.0,364.62,132.78,32068.4,3.003
BLK-0924,DEMO-01,325.0,364.62,147.67,32068.4,3.07
BLK-0925,DEMO-01,325.0,364.62,162.56,32068.4,2.962
BLK-0926,DEMO-01,325.0,364.62,177.44,32068.4,2.915
BLK-0927,DEMO-01,325.0,364.62,192.33,32068.4,2.892
BLK-0928,DEMO-01,325.0,364.62,207.22,32068.4,2.925
BLK-0929,DEMO-01,325.0,364.62,222.11,32068.4,2.909
BLK-0930,DEMO-01,325.0,364.62,237.0,32068.4,2.923
BLK-0931,DEMO-01,325.0,407.69,103.0,32068.4,2.913
BLK-0932,DEMO-01,325.0,407.69,117.89,32068.4,2.928
BLK-0933,DEMO-01,325.0,407.69,132.78,32068.4,2.951
BLK-0934,DEMO-01,325.0,407.69,147.67,32068.4,2.953
BLK-0935,DEMO-01,325.0,407.69,162.56,32068.4,2.902
BLK-0936,DEMO-01,325.0,407.69,177.44,32068.4,2.946
BLK-0937,DEMO-01,325.0,407.69,192.33,32068.4,2.946
BLK-0938,DEMO-01,325.0,407.69,207.22,32068.4,2.938
BLK-0939,DEMO-01,325.0,407.69,222.11,32068.4,2.933
BLK-0940,DEMO-01,325.0,407.69,237.0,32068.4,2.915
BLK-0941,DEMO-01,325.0,450.77,103.0,32068.4,2.932
BLK-0942,DEMO-01,325.0,450.77,117.89,32068.4,2.92
BLK-0943,DEMO-01,325.0,450.77,132.78,32068.4,2.907
BLK-0944,DEMO-01,325.0,450.77,147.67,32068.4,2.939
BLK-0945,DEMO-01,325.0,450.77,162.56,32068.4,2.931
BLK-0946,DEMO-01,325.0,450.77,177.44,32068.4,2.916
BLK-0947,DEMO-01,325.0,450.77,192.33,32068.4,2.9
BLK-0948,DEMO-01,325.0,450.77,207.22,32068.4,2.908
BLK-0949,DEMO-01,325.0,450.77,222.11,32068.4,2.892
BLK-0950,DEMO-01,325.0,450.77,237.0,32068.4,2.929
BLK-0951,DEMO-01,325.0,493.85,103.0,32068.4,2.895
BLK-0952,DEMO-01,325.0,493.85,117.89,32068.4,2.921
BLK-0953,DEMO-01,325.0,493.85,132.78,32068.4,2.907
BLK-0954,DEMO-01,325.0,493.85,147.67,32068.4,2.898
BLK-0955,DEMO-01,325.0,493.85,162.56,32068.4,2.919
BLK-0956,DEMO-01,325.0,493.85,177.44,32068.4,2.912
BLK-0957,DEMO-01,325.0,493.85,192.33,32068.4,2.927
BLK-0958,DEMO-01,325.0,493.85,207.22,32068.4,2.899
BLK-0959,DEMO-01,325.0,493.85,222.11,32068.4,2.906
BLK-0960,DEMO-01,325.0,493.85,237.0,32068.4,2.885
BLK-0961,DEMO-01,325.0,536.92,103.0,32068.4,2.887
BLK-0962,DEMO-01,325.0,536.92,117.89,32068.4,2.94
BLK-0963,DEMO-01,325.0,536.92,132.78,32068.4,2.944
BLK-0964,DEMO-01,325.0,536.92,147.67,32068.4,2.918
BLK-0965,DEMO-01,325.0,536.92,162.56,32068.4,2.905
BLK-0966,DEMO-01,325.0,536.92,177.44,32068.4,2.912
BLK-0967,DEMO-01,325.0,536.92,192.33,32068.4,2.928
BLK-0968,DEMO-01,325.0,536.92,207.22,32068.4,2.909
BLK-0969,DEMO-01,325.0,536.92,222.11,32068.4,2.919
BLK-0970,DEMO-01,325.0,536.92,237.0,32068.4,2.916
BLK-0971,DEMO-01,325.0,580.0,103.0,32068.4,2.909
BLK-0972,DEMO-01,325.0,580.0,117.89,32068.4,2.909
BLK-0973,DEMO-01,325.0,580.0,132.78,32068.4,2.92
BLK-0974,DEMO-01,325.0,580.0,147.67,32068.4,2.903
BLK-0975,DEMO-01,325.0,580.0,162.56,32068.4,2.922
BLK-0976,DEMO-01,325.0,580.0,177.44,32068.4,2.91
BLK-0977,DEMO-01,325.0,580.0,192.33,32068.4,2.918
BLK-0978,DEMO-01,325.0,580.0,207.22,32068.4,2.934
BLK-0979,DEMO-01,325.0,580.0,222.11,32068.4,2.914
BLK-0980,DEMO-01,325.0,580.0,237.0,32068.4,2.928
BLK-0981,DEMO-01,375.0,20.0,103.0,32068.4,2.893
BLK-0982,DEMO-01,375.0,20.0,117.89,32068.4,2.91
BLK-0983,DEMO-01,375.0,20.0,132.78,32068.4,2.919
BLK-0984,DEMO-01,375.0,20.0,147.67,32068.4,2.991
BLK-0985,DEMO-01,375.0,20.0,162.56,32068.4,2.998
BLK-0986,DEMO-01,375.0,20.0,177.44,32068.4,2.939
BLK-0987,DEMO-01,375.0,20.0,192.33,32068.4,2.936
BLK-0988,DEMO-01,375.0,20.0,207.22,32068.4,2.906
BLK-0989,DEMO-01,375.0,20.0,222.11,32068.4,2.913
BLK-0990,DEMO-01,375.0,20.0,237.0,32068.4,2.921
BLK-0991,DEMO-01,375.0,63.08,103.0,32068.4,2.919
BLK-0992,DEMO-01,375.0,63.08,117.89,32068.4,2.938
BLK-0993,DEMO-01,375.0,63.08,132.78,32068.4,2.966
BLK-0994,DEMO-01,375.0,63.08,147.67,32068.4,3.209
BLK-0995,DEMO-01,375.0,63.08,162.56,32068.4,3.089
BLK-0996,DEMO-01,375.0,63.08,177.44,32068.4,2.918
BLK-0997,DEMO-01,375.0,63.08,192.33,32068.4,2.913
BLK-0998,DEMO-01,375.0,63.08,207.22,32068.4,2.901
BLK-0999,DEMO-01,375.0,63.08,222.11,32068.4,2.923
BLK-1000,DEMO-01,375.0,63.08,237.0,32068.4,2.911
BLK-1001,DEMO-01,375.0,106.15,103.0,32068.4,2.908
BLK-1002,DEMO-01,375.0,106.15,117.89,32068.4,2.956
BLK-1003,DEMO-01,375.0,106.15,132.78,32068.4,3.31
BLK-1004,DEMO-01,375.0,106.15,147.67,32068.4,3.455
BLK-1005,DEMO-01,375.0,106.15,162.56,32068.4,2.981
BLK-1006,DEMO-01,375.0,106.15,177.44,32068.4,2.932
BLK-1007,DEMO-01,375.0,106.15,192.33,32068.4,2.911
BLK-1008,DEMO-01,375.0,106.15,207.22,32068.4,2.925
BLK-1009,DEMO-01,375.0,106.15,222.11,32068.4,2.919
BLK-1010,DEMO-01,375.0,106.15,237.0,32068.4,2.926
BLK-1011,DEMO-01,375.0,149.23,103.0,32068.4,2.921
BLK-1012,DEMO-01,375.0,149.23,117.89,32068.4,3.055
BLK-1013,DEMO-01,375.0,149.23,132.78,32068.4,3.804
BLK-1014,DEMO-01,375.0,149.23,147.67,32068.4,3.41
BLK-1015,DEMO-01,375.0,149.23,162.56,32068.4,2.956
BLK-1016,DEMO-01,375.0,149.23,177.44,32068.4,2.925
BLK-1017,DEMO-01,375.0,149.23,192.33,32068.4,2.906
BLK-1018,DEMO-01,375.0,149.23,207.22,32068.4,2.904
BLK-1019,DEMO-01,375.0,149.23,222.11,32068.4,2.925
BLK-1020,DEMO-01,375.0,149.23,237.0,32068.4,2.912
BLK-1021,DEMO-01,375.0,192.31,103.0,32068.4,2.93
BLK-1022,DEMO-01,375.0,192.31,117.89,32068.4,3.004
BLK-1023,DEMO-01,375.0,192.31,132.78,32068.4,3.734
BLK-1024,DEMO-01,375.0,192.31,147.67,32068.4,3.669
BLK-1025,DEMO-01,375.0,192.31,162.56,32068.4,2.992
BLK-1026,DEMO-01,375.0,192.31,177.44,32068.4,2.912
BLK-1027,DEMO-01,375.0,192.31,192.33,32068.4,2.919
BLK-1028,DEMO-01,375.0,192.31,207.22,32068.4,2.932
BLK-1029,DEMO-01,375.0,192.31,222.11,32068.4,2.915
BLK-1030,DEMO-01,375.0,192.31,237.0,32068.4,2.923
BLK-1031,DEMO-01,375.0,235.38,103.0,32068.4,2.917
BLK-1032,DEMO-01,375.0,235.38,117.89,32068.4,2.923
BLK-1033,DEMO-01,375.0,235.38,132.78,32068.4,3.141
BLK-1034,DEMO-01,375.0,235.38,147.67,32068.4,3.753
BLK-1035,DEMO-01,375.0,235.38,162.56,32068.4,3.264
BLK-1036,DEMO-01,375.0,235.38,177.44,32068.4,2.934
BLK-1037,DEMO-01,375.0,235.38,192.33,32068.4,2.907
BLK-1038,DEMO-01,375.0,235.38,207.22,32068.4,2.914
BLK-1039,DEMO-01,375.0,235.38,222.11,32068.4,2.92
BLK-1040,DEMO-01,375.0,235.38,237.0,32068.4,2.927
BLK-1041,DEMO-01,375.0,278.46,103.0,32068.4,2.926
BLK-1042,DEMO-01,375.0,278.46,117.89,32068.4,2.902
BLK-1043,DEMO-01,375.0,278.46,132.78,32068.4,2.945
BLK-1044,DEMO-01,375.0,278.46,147.67,32068.4,3.186
BLK-1045,DEMO-01,375.0,278.46,162.56,32068.4,3.381
BLK-1046,DEMO-01,375.0,278.46,177.44,32068.4,3.022
BLK-1047,DEMO-01,375.0,278.46,192.33,32068.4,2.937
BLK-1048,DEMO-01,375.0,278.46,207.22,32068.4,2.92
BLK-1049,DEMO-01,375.0,278.46,222.11,32068.4,2.926
BLK-1050,DEMO-01,375.0,278.46,237.0,32068.4,2.926
BLK-1051,DEMO-01,375.0,321.54,103.0,32068.4,2.935
BLK-1052,DEMO-01,375.0,321.54,117.89,32068.4,2.926
BLK-1053,DEMO-01,375.0,321.54,132.78,32068.4,2.902
BLK-1054,DEMO-01,375.0,321.54,147.67,32068.4,3.035
BLK-1055,DEMO-01,375.0,321.54,162.56,32068.4,3.177
BLK-1056,DEMO-01,375.0,321.54,177.44,32068.4,2.978
BLK-1057,DEMO-01,375.0,321.54,192.33,32068.4,2.905
BLK-1058,DEMO-01,375.0,321.54,207.22,32068.4,2.923
BLK-1059,DEMO-01,375.0,321.54,222.11,32068.4,2.913
BLK-1060,DEMO-01,375.0,321.54,237.0,32068.4,2.921
BLK-1061,DEMO-01,375.0,364.62,103.0,32068.4,2.926
BLK-1062,DEMO-01,375.0,364.62,117.89,32068.4,2.909
BLK-1063,DEMO-01,375.0,364.62,132.78,32068.4,2.907
BLK-1064,DEMO-01,375.0,364.62,147.67,32068.4,2.987
BLK-1065,DEMO-01,375.0,364.62,162.56,32068.4,2.985
BLK-1066,DEMO-01,375.0,364.62,177.44,32068.4,2.927
BLK-1067,DEMO-01,375.0,364.62,192.33,32068.4,2.899
BLK-1068,DEMO-01,375.0,364.62,207.22,32068.4,2.913
BLK-1069,DEMO-01,375.0,364.62,222.11,32068.4,2.926
BLK-1070,DEMO-01,375.0,364.62,237.0,32068.4,2.924
BLK-1071,DEMO-01,375.0,407.69,103.0,32068.4,2.906
BLK-1072,DEMO-01,375.0,407.69,117.89,32068.4,2.901
BLK-1073,DEMO-01,375.0,407.69,132.78,32068.4,2.926
BLK-1074,DEMO-01,375.0,407.69,147.67,32068.4,2.951
BLK-1075,DEMO-01,375.0,407.69,162.56,32068.4,2.929
BLK-1076,DEMO-01,375.0,407.69,177.44,32068.4,2.91
BLK-1077,DEMO-01,375.0,407.69,192.33,32068.4,2.92
BLK-1078,DEMO-01,375.0,407.69,207.22,32068.4,2.936
BLK-1079,DEMO-01,375.0,407.69,222.11,32068.4,2.919
BLK-1080,DEMO-01,375.0,407.69,237.0,32068.4,2.895
BLK-1081,DEMO-01,375.0,450.77,103.0,32068.4,2.919
BLK-1082,DEMO-01,375.0,450.77,117.89,32068.4,2.944
BLK-1083,DEMO-01,375.0,450.77,132.78,32068.4,2.903
BLK-1084,DEMO-01,375.0,450.77,147.67,32068.4,2.921
BLK-1085,DEMO-01,375.0,450.77,162.56,32068.4,2.914
BLK-1086,DEMO-01,375.0,450.77,177.44,32068.4,2.917
BLK-1087,DEMO-01,375.0,450.77,192.33,32068.4,2.919
BLK-1088,DEMO-01,375.0,450.77,207.22,32068.4,2.931
BLK-1089,DEMO-01,375.0,450.77,222.11,32068.4,2.917
BLK-1090,DEMO-01,375.0,450.77,237.0,32068.4,2.933
BLK-1091,DEMO-01,375.0,493.85,103.0,32068.4,2.915
BLK-1092,DEMO-01,375.0,493.85,117.89,32068.4,2.912
BLK-1093,DEMO-01,375.0,493.85,132.78,32068.4,2.908
BLK-1094,DEMO-01,375.0,493.85,147.67,32068.4,2.893
BLK-1095,DEMO-01,375.0,493.85,162.56,32068.4,2.92
BLK-1096,DEMO-01,375.0,493.85,177.44,32068.4,2.943
BLK-1097,DEMO-01,375.0,493.85,192.33,32068.4,2.922
BLK-1098,DEMO-01,375.0,493.85,207.22,32068.4,2.925
BLK-1099,DEMO-01,375.0,493.85,222.11,32068.4,2.911
BLK-1100,DEMO-01,375.0,493.85,237.0,32068.4,2.913
BLK-1101,DEMO-01,375.0,536.92,103.0,32068.4,2.929
BLK-1102,DEMO-01,375.0,536.92,117.89,32068.4,2.943
BLK-1103,DEMO-01,375.0,536.92,132.78,32068.4,2.936
BLK-1104,DEMO-01,375.0,536.92,147.67,32068.4,2.927
BLK-1105,DEMO-01,375.0,536.92,162.56,32068.4,2.917
BLK-1106,DEMO-01,375.0,536.92,177.44,32068.4,2.919
BLK-1107,DEMO-01,375.0,536.92,192.33,32068.4,2.906
BLK-1108,DEMO-01,375.0,536.92,207.22,32068.4,2.897
BLK-1109,DEMO-01,375.0,536.92,222.11,32068.4,2.901
BLK-1110,DEMO-01,375.0,536.92,237.0,32068.4,2.917
BLK-1111,DEMO-01,375.0,580.0,103.0,32068.4,2.912
BLK-1112,DEMO-01,375.0,580.0,117.89,32068.4,2.897
BLK-1113,DEMO-01,375.0,580.0,132.78,32068.4,2.916
BLK-1114,DEMO-01,375.0,580.0,147.67,32068.4,2.912
BLK-1115,DEMO-01,375.0,580.0,162.56,32068.4,2.901
BLK-1116,DEMO-01,375.0,580.0,177.44,32068.4,2.911
BLK-1117,DEMO-01,375.0,580.0,192.33,32068.4,2.912
BLK-1118,DEMO-01,375.0,580.0,207.22,32068.4,2.908
BLK-1119,DEMO-01,375.0,580.0,222.11,32068.4,2.928
BLK-1120,DEMO-01,375.0,580.0,237.0,32068.4,2.891
BLK-1121,DEMO-01,425.0,20.0,103.0,32068.4,2.89
BLK-1122,DEMO-01,425.0,20.0,117.89,32068.4,2.916
BLK-1123,DEMO-01,425.0,20.0,132.78,32068.4,2.917
BLK-1124,DEMO-01,425.0,20.0,147.67,32068.4,2.923
BLK-1125,DEMO-01,425.0,20.0,162.56,32068.4,2.941
BLK-1126,DEMO-01,425.0,20.0,177.44,32068.4,2.97
BLK-1127,DEMO-01,425.0,20.0,192.33,32068.4,2.93
BLK-1128,DEMO-01,425.0,20.0,207.22,32068.4,2.911
BLK-1129,DEMO-01,425.0,20.0,222.11,32068.4,2.937
BLK-1130,DEMO-01,425.0,20.0,237.0,32068.4,2.912
BLK-1131,DEMO-01,425.0,63.08,103.0,32068.4,2.915
BLK-1132,DEMO-01,425.0,63.08,117.89,32068.4,2.949
BLK-1133,DEMO-01,425.0,63.08,132.78,32068.4,2.914
BLK-1134,DEMO-01,425.0,63.08,147.67,32068.4,2.953
BLK-1135,DEMO-01,425.0,63.08,162.56,32068.4,3.113
BLK-1136,DEMO-01,425.0,63.08,177.44,32068.4,3.049
BLK-1137,DEMO-01,425.0,63.08,192.33,32068.4,2.928
BLK-1138,DEMO-01,425.0,63.08,207.22,32068.4,2.919
BLK-1139,DEMO-01,425.0,63.08,222.11,32068.4,2.918
BLK-1140,DEMO-01,425.0,63.08,237.0,32068.4,2.909
BLK-1141,DEMO-01,425.0,106.15,103.0,32068.4,2.92
BLK-1142,DEMO-01,425.0,106.15,117.89,32068.4,2.943
BLK-1143,DEMO-01,425.0,106.15,132.78,32068.4,2.953
BLK-1144,DEMO-01,425.0,106.15,147.67,32068.4,3.212
BLK-1145,DEMO-01,425.0,106.15,162.56,32068.4,3.347
BLK-1146,DEMO-01,425.0,106.15,177.44,32068.4,2.967
BLK-1147,DEMO-01,425.0,106.15,192.33,32068.4,2.914
BLK-1148,DEMO-01,425.0,106.15,207.22,32068.4,2.929
BLK-1149,DEMO-01,425.0,106.15,222.11,32068.4,2.936
BLK-1150,DEMO-01,425.0,106.15,237.0,32068.4,2.906
BLK-1151,DEMO-01,425.0,149.23,103.0,32068.4,2.91
BLK-1152,DEMO-01,425.0,149.23,117.89,32068.4,2.947
BLK-1153,DEMO-01,425.0,149.23,132.78,32068.4,3.022
BLK-1154,DEMO-01,425.0,149.23,147.67,32068.4,3.635
BLK-1155,DEMO-01,425.0,149.23,162.56,32068.4,3.397
BLK-1156,DEMO-01,425.0,149.23,177.44,32068.4,2.954
BLK-1157,DEMO-01,425.0,149.23,192.33,32068.4,2.912
BLK-1158,DEMO-01,425.0,149.23,207.22,32068.4,2.929
BLK-1159,DEMO-01,425.0,149.23,222.11,32068.4,2.934
BLK-1160,DEMO-01,425.0,149.23,237.0,32068.4,2.903
BLK-1161,DEMO-01,425.0,192.31,103.0,32068.4,2.912
BLK-1162,DEMO-01,425.0,192.31,117.89,32068.4,2.929
BLK-1163,DEMO-01,425.0,192.31,132.78,32068.4,2.967
BLK-1164,DEMO-01,425.0,192.31,147.67,32068.4,3.531
BLK-1165,DEMO-01,425.0,192.31,162.56,32068.4,3.696
BLK-1166,DEMO-01,425.0,192.31,177.44,32068.4,3.029
BLK-1167,DEMO-01,425.0,192.31,192.33,32068.4,2.912
BLK-1168,DEMO-01,425.0,192.31,207.22,32068.4,2.919
BLK-1169,DEMO-01,425.0,192.31,222.11,32068.4,2.9
BLK-1170,DEMO-01,425.0,192.31,237.0,32068.4,2.904
BLK-1171,DEMO-01,425.0,235.38,103.0,32068.4,2.918
BLK-1172,DEMO-01,425.0,235.38,117.89,32068.4,2.917
BLK-1173,DEMO-01,425.0,235.38,132.78,32068.4,2.906
BLK-1174,DEMO-01,425.0,235.38,147.67,32068.4,3.027
BLK-1175,DEMO-01,425.0,235.38,162.56,32068.4,3.606
BLK-1176,DEMO-01,425.0,235.38,177.44,32068.4,3.353
BLK-1177,DEMO-01,425.0,235.38,192.33,32068.4,2.918
BLK-1178,DEMO-01,425.0,235.38,207.22,32068.4,2.903
BLK-1179,DEMO-01,425.0,235.38,222.11,32068.4,2.892
BLK-1180,DEMO-01,425.0,235.38,237.0,32068.4,2.922
BLK-1181,DEMO-01,425.0,278.46,103.0,32068.4,2.892
BLK-1182,DEMO-01,425.0,278.46,117.89,32068.4,2.917
BLK-1183,DEMO-01,425.0,278.46,132.78,32068.4,2.938
BLK-1184,DEMO-01,425.0,278.46,147.67,32068.4,2.945
BLK-1185,DEMO-01,425.0,278.46,162.56,32068.4,3.076
BLK-1186,DEMO-01,425.0,278.46,177.44,32068.4,3.425
BLK-1187,DEMO-01,425.0,278.46,192.33,32068.4,3.049
BLK-1188,DEMO-01,425.0,278.46,207.22,32068.4,2.905
BLK-1189,DEMO-01,425.0,278.46,222.11,32068.4,2.915
BLK-1190,DEMO-01,425.0,278.46,237.0,32068.4,2.932
BLK-1191,DEMO-01,425.0,321.54,103.0,32068.4,2.924
BLK-1192,DEMO-01,425.0,321.54,117.89,32068.4,2.907
BLK-1193,DEMO-01,425.0,321.54,132.78,32068.4,2.926
BLK-1194,DEMO-01,425.0,321.54,147.67,32068.4,2.888
BLK-1195,DEMO-01,425.0,321.54,162.56,32068.4,2.971
BLK-1196,DEMO-01,425.0,321.54,177.44,32068.4,3.188
BLK-1197,DEMO-01,425.0,321.54,192.33,32068.4,3.047
BLK-1198,DEMO-01,425.0,321.54,207.22,32068.4,2.92
BLK-1199,DEMO-01,425.0,321.54,222.11,32068.4,2.914
BLK-1200,DEMO-01,425.0,321.54,237.0,32068.4,2.914
BLK-1201,DEMO-01,425.0,364.62,103.0,32068.4,2.916
BLK-1202,DEMO-01,425.0,364.62,117.89,32068.4,2.923
BLK-1203,DEMO-01,425.0,364.62,132.78,32068.4,2.918
BLK-1204,DEMO-01,425.0,364.62,147.67,32068.4,2.916
BLK-1205,DEMO-01,425.0,364.62,162.56,32068.4,2.987
BLK-1206,DEMO-01,425.0,364.62,177.44,32068.4,3.056
BLK-1207,DEMO-01,425.0,364.62,192.33,32068.4,2.935
BLK-1208,DEMO-01,425.0,364.62,207.22,32068.4,2.916
BLK-1209,DEMO-01,425.0,364.62,222.11,32068.4,2.932
BLK-1210,DEMO-01,425.0,364.62,237.0,32068.4,2.902
BLK-1211,DEMO-01,425.0,407.69,103.0,32068.4,2.94
BLK-1212,DEMO-01,425.0,407.69,117.89,32068.4,2.899
BLK-1213,DEMO-01,425.0,407.69,132.78,32068.4,2.912
BLK-1214,DEMO-01,425.0,407.69,147.67,32068.4,2.913
BLK-1215,DEMO-01,425.0,407.69,162.56,32068.4,2.989
BLK-1216,DEMO-01,425.0,407.69,177.44,32068.4,2.931
BLK-1217,DEMO-01,425.0,407.69,192.33,32068.4,2.911
BLK-1218,DEMO-01,425.0,407.69,207.22,32068.4,2.911
BLK-1219,DEMO-01,425.0,407.69,222.11,32068.4,2.917
BLK-1220,DEMO-01,425.0,407.69,237.0,32068.4,2.912
BLK-1221,DEMO-01,425.0,450.77,103.0,32068.4,2.914
BLK-1222,DEMO-01,425.0,450.77,117.89,32068.4,2.87
BLK-1223,DEMO-01,425.0,450.77,132.78,32068.4,2.917
BLK-1224,DEMO-01,425.0,450.77,147.67,32068.4,2.922
BLK-1225,DEMO-01,425.0,450.77,162.56,32068.4,2.941
BLK-1226,DEMO-01,425.0,450.77,177.44,32068.4,2.936
BLK-1227,DEMO-01,425.0,450.77,192.33,32068.4,2.914
BLK-1228,DEMO-01,425.0,450.77,207.22,32068.4,2.927
BLK-1229,DEMO-01,425.0,450.77,222.11,32068.4,2.902
BLK-1230,DEMO-01,425.0,450.77,237.0,32068.4,2.926
BLK-1231,DEMO-01,425.0,493.85,103.0,32068.4,2.909
BLK-1232,DEMO-01,425.0,493.85,117.89,32068.4,2.901
BLK-1233,DEMO-01,425.0,493.85,132.78,32068.4,2.914
BLK-1234,DEMO-01,425.0,493.85,147.67,32068.4,2.935
BLK-1235,DEMO-01,425.0,493.85,162.56,32068.4,2.921
BLK-1236,DEMO-01,425.0,493.85,177.44,32068.4,2.937
BLK-1237,DEMO-01,425.0,493.85,192.33,32068.4,2.906
BLK-1238,DEMO-01,425.0,493.85,207.22,32068.4,2.93
BLK-1239,DEMO-01,425.0,493.85,222.11,32068.4,2.908
BLK-1240,DEMO-01,425.0,493.85,237.0,32068.4,2.919
BLK-1241,DEMO-01,425.0,536.92,103.0,32068.4,2.919
BLK-1242,DEMO-01,425.0,536.92,117.89,32068.4,2.925
BLK-1243,DEMO-01,425.0,536.92,132.78,32068.4,2.92
BLK-1244,DEMO-01,425.0,536.92,147.67,32068.4,2.906
BLK-1245,DEMO-01,425.0,536.92,162.56,32068.4,2.928
BLK-1246,DEMO-01,425.0,536.92,177.44,32068.4,2.939
BLK-1247,DEMO-01,425.0,536.92,192.33,32068.4,2.909
BLK-1248,DEMO-01,425.0,536.92,207.22,32068.4,2.892
BLK-1249,DEMO-01,425.0,536.92,222.11,32068.4,2.923
BLK-1250,DEMO-01,425.0,536.92,237.0,32068.4,2.912
BLK-1251,DEMO-01,425.0,580.0,103.0,32068.4,2.914
BLK-1252,DEMO-01,425.0,580.0,117.89,32068.4,2.924
BLK-1253,DEMO-01,425.0,580.0,132.78,32068.4,2.91
BLK-1254,DEMO-01,425.0,580.0,147.67,32068.4,2.913
BLK-1255,DEMO-01,425.0,580.0,162.56,32068.4,2.915
BLK-1256,DEMO-01,425.0,580.0,177.44,32068.4,2.936
BLK-1257,DEMO-01,425.0,580.0,192.33,32068.4,2.917
BLK-1258,DEMO-01,425.0,580.0,207.22,32068.4,2.9
BLK-1259,DEMO-01,425.0,580.0,222.11,32068.4,2.9
BLK-1260,DEMO-01,425.0,580.0,237.0,32068.4,2.918
BLK-1261,DEMO-01,475.0,20.0,103.0,32068.4,2.901
BLK-1262,DEMO-01,475.0,20.0,117.89,32068.4,2.896
BLK-1263,DEMO-01,475.0,20.0,132.78,32068.4,2.925
BLK-1264,DEMO-01,475.0,20.0,147.67,32068.4,2.925
BLK-1265,DEMO-01,475.0,20.0,162.56,32068.4,2.912
BLK-1266,DEMO-01,475.0,20.0,177.44,32068.4,2.927
BLK-1267,DEMO-01,475.0,20.0,192.33,32068.4,2.934
BLK-1268,DEMO-01,475.0,20.0,207.22,32068.4,2.928
BLK-1269,DEMO-01,475.0,20.0,222.11,32068.4,2.924
BLK-1270,DEMO-01,475.0,20.0,237.0,32068.4,2.882
BLK-1271,DEMO-01,475.0,63.08,103.0,32068.4,2.913
BLK-1272,DEMO-01,475.0,63.08,117.89,32068.4,2.923
BLK-1273,DEMO-01,475.0,63.08,132.78,32068.4,2.911
BLK-1274,DEMO-01,475.0,63.08,147.67,32068.4,2.917
BLK-1275,DEMO-01,475.0,63.08,162.56,32068.4,2.934
BLK-1276,DEMO-01,475.0,63.08,177.44,32068.4,2.973
BLK-1277,DEMO-01,475.0,63.08,192.33,32068.4,2.978
BLK-1278,DEMO-01,475.0,63.08,207.22,32068.4,2.934
BLK-1279,DEMO-01,475.0,63.08,222.11,32068.4,2.915
BLK-1280,DEMO-01,475.0,63.08,237.0,32068.4,2.914
BLK-1281,DEMO-01,475.0,106.15,103.0,32068.4,2.879
BLK-1282,DEMO-01,475.0,106.15,117.89,32068.4,2.912
BLK-1283,DEMO-01,475.0,106.15,132.78,32068.4,2.898
BLK-1284,DEMO-01,475.0,106.15,147.67,32068.4,2.925
BLK-1285,DEMO-01,475.0,106.15,162.56,32068.4,3.02
BLK-1286,DEMO-01,475.0,106.15,177.44,32068.4,3.107
BLK-1287,DEMO-01,475.0,106.15,192.33,32068.4,2.968
BLK-1288,DEMO-01,475.0,106.15,207.22,32068.4,2.917
BLK-1289,DEMO-01,475.0,106.15,222.11,32068.4,2.946
BLK-1290,DEMO-01,475.0,106.15,237.0,32068.4,2.919
BLK-1291,DEMO-01,475.0,149.23,103.0,32068.4,2.899
BLK-1292,DEMO-01,475.0,149.23,117.89,32068.4,2.909
BLK-1293,DEMO-01,475.0,149.23,132.78,32068.4,2.912
BLK-1294,DEMO-01,475.0,149.23,147.67,32068.4,2.961
BLK-1295,DEMO-01,475.0,149.23,162.56,32068.4,3.227
BLK-1296,DEMO-01,475.0,149.23,177.44,32068.4,3.21
BLK-1297,DEMO-01,475.0,149.23,192.33,32068.4,2.943
BLK-1298,DEMO-01,475.0,149.23,207.22,32068.4,2.911
BLK-1299,DEMO-01,475.0,149.23,222.11,32068.4,2.927
BLK-1300,DEMO-01,475.0,149.23,237.0,32068.4,2.925
BLK-1301,DEMO-01,475.0,192.31,103.0,32068.4,2.932
BLK-1302,DEMO-01,475.0,192.31,117.89,32068.4,2.912
BLK-1303,DEMO-01,475.0,192.31,132.78,32068.4,2.932
BLK-1304,DEMO-01,475.0,192.31,147.67,32068.4,2.916
BLK-1305,DEMO-01,475.0,192.31,162.56,32068.4,3.204
BLK-1306,DEMO-01,475.0,192.31,177.44,32068.4,3.441
BLK-1307,DEMO-01,475.0,192.31,192.33,32068.4,3.017
BLK-1308,DEMO-01,475.0,192.31,207.22,32068.4,2.934
BLK-1309,DEMO-01,475.0,192.31,222.11,32068.4,2.908
BLK-1310,DEMO-01,475.0,192.31,237.0,32068.4,2.91
BLK-1311,DEMO-01,475.0,235.38,103.0,32068.4,2.913
BLK-1312,DEMO-01,475.0,235.38,117.89,32068.4,2.924
BLK-1313,DEMO-01,475.0,235.38,132.78,32068.4,2.91
BLK-1314,DEMO-01,475.0,235.38,147.67,32068.4,2.91
BLK-1315,DEMO-01,475.0,235.38,162.56,32068.4,2.943
BLK-1316,DEMO-01,475.0,235.38,177.44,32068.4,3.311
BLK-1317,DEMO-01,475.0,235.38,192.33,32068.4,3.323
BLK-1318,DEMO-01,475.0,235.38,207.22,32068.4,2.958
BLK-1319,DEMO-01,475.0,235.38,222.11,32068.4,2.907
BLK-1320,DEMO-01,475.0,235.38,237.0,32068.4,2.933
BLK-1321,DEMO-01,475.0,278.46,103.0,32068.4,2.908
BLK-1322,DEMO-01,475.0,278.46,117.89,32068.4,2.935
BLK-1323,DEMO-01,475.0,278.46,132.78,32068.4,2.935
BLK-1324,DEMO-01,475.0,278.46,147.67,32068.4,2.917
BLK-1325,DEMO-01,475.0,278.46,162.56,32068.4,2.898
BLK-1326,DEMO-01,475.0,278.46,177.44,32068.4,3.032
BLK-1327,DEMO-01,475.0,278.46,192.33,32068.4,3.328
BLK-1328,DEMO-01,475.0,278.46,207.22,32068.4,3.116
BLK-1329,DEMO-01,475.0,278.46,222.11,32068.4,2.939
BLK-1330,DEMO-01,475.0,278.46,237.0,32068.4,2.926
BLK-1331,DEMO-01,475.0,321.54,103.0,32068.4,2.933
BLK-1332,DEMO-01,475.0,321.54,117.89,32068.4,2.907
BLK-1333,DEMO-01,475.0,321.54,132.78,32068.4,2.92
BLK-1334,DEMO-01,475.0,321.54,147.67,32068.4,2.901
BLK-1335,DEMO-01,475.0,321.54,162.56,32068.4,2.926
BLK-1336,DEMO-01,475.0,321.54,177.44,32068.4,2.963
BLK-1337,DEMO-01,475.0,321.54,192.33,32068.4,3.259
BLK-1338,DEMO-01,475.0,321.54,207.22,32068.4,3.173
BLK-1339,DEMO-01,475.0,321.54,222.11,32068.4,2.933
BLK-1340,DEMO-01,475.0,321.54,237.0,32068.4,2.905
BLK-1341,DEMO-01,475.0,364.62,103.0,32068.4,2.927
BLK-1342,DEMO-01,475.0,364.62,117.89,32068.4,2.936
BLK-1343,DEMO-01,475.0,364.62,132.78,32068.4,2.909
BLK-1344,DEMO-01,475.0,364.62,147.67,32068.4,2.924
BLK-1345,DEMO-01,475.0,364.62,162.56,32068.4,2.925
BLK-1346,DEMO-01,475.0,364.62,177.44,32068.4,3.016
BLK-1347,DEMO-01,475.0,364.62,192.33,32068.4,3.2
BLK-1348,DEMO-01,475.0,364.62,207.22,32068.4,2.996
BLK-1349,DEMO-01,475.0,364.62,222.11,32068.4,2.909
BLK-1350,DEMO-01,475.0,364.62,237.0,32068.4,2.888
BLK-1351,DEMO-01,475.0,407.69,103.0,32068.4,2.935
BLK-1352,DEMO-01,475.0,407.69,117.89,32068.4,2.921
BLK-1353,DEMO-01,475.0,407.69,132.78,32068.4,2.916
BLK-1354,DEMO-01,475.0,407.69,147.67,32068.4,2.888
BLK-1355,DEMO-01,475.0,407.69,162.56,32068.4,2.911
BLK-1356,DEMO-01,475.0,407.69,177.44,32068.4,3.049
BLK-1357,DEMO-01,475.0,407.69,192.33,32068.4,3.04
BLK-1358,DEMO-01,475.0,407.69,207.22,32068.4,2.915
BLK-1359,DEMO-01,475.0,407.69,222.11,32068.4,2.928
BLK-1360,DEMO-01,475.0,407.69,237.0,32068.4,2.91
BLK-1361,DEMO-01,475.0,450.77,103.0,32068.4,2.917
BLK-1362,DEMO-01,475.0,450.77,117.89,32068.4,2.932
BLK-1363,DEMO-01,475.0,450.77,132.78,32068.4,2.912
BLK-1364,DEMO-01,475.0,450.77,147.67,32068.4,2.908
BLK-1365,DEMO-01,475.0,450.77,162.56,32068.4,2.953
BLK-1366,DEMO-01,475.0,450.77,177.44,32068.4,2.969
BLK-1367,DEMO-01,475.0,450.77,192.33,32068.4,2.946
BLK-1368,DEMO-01,475.0,450.77,207.22,32068.4,2.908
BLK-1369,DEMO-01,475.0,450.77,222.11,32068.4,2.935
BLK-1370,DEMO-01,475.0,450.77,237.0,32068.4,2.92
BLK-1371,DEMO-01,475.0,493.85,103.0,32068.4,2.922
BLK-1372,DEMO-01,475.0,493.85,117.89,32068.4,2.918
BLK-1373,DEMO-01,475.0,493.85,132.78,32068.4,2.91
BLK-1374,DEMO-01,475.0,493.85,147.67,32068.4,2.916
BLK-1375,DEMO-01,475.0,493.85,162.56,32068.4,2.913
BLK-1376,DEMO-01,475.0,493.85,177.44,32068.4,2.941
BLK-1377,DEMO-01,475.0,493.85,192.33,32068.4,2.919
BLK-1378,DEMO-01,475.0,493.85,207.22,32068.4,2.897
BLK-1379,DEMO-01,475.0,493.85,222.11,32068.4,2.894
BLK-1380,DEMO-01,475.0,493.85,237.0,32068.4,2.893
BLK-1381,DEMO-01,475.0,536.92,103.0,32068.4,2.924
BLK-1382,DEMO-01,475.0,536.92,117.89,32068.4,2.901
BLK-1383,DEMO-01,475.0,536.92,132.78,32068.4,2.92
BLK-1384,DEMO-01,475.0,536.92,147.67,32068.4,2.918
BLK-1385,DEMO-01,475.0,536.92,162.56,32068.4,2.915
BLK-1386,DEMO-01,475.0,536.92,177.44,32068.4,2.923
BLK-1387,DEMO-01,475.0,536.92,192.33,32068.4,2.92
BLK-1388,DEMO-01,475.0,536.92,207.22,32068.4,2.881
BLK-1389,DEMO-01,475.0,536.92,222.11,32068.4,2.912
BLK-1390,DEMO-01,475.0,536.92,237.0,32068.4,2.922
BLK-1391,DEMO-01,475.0,580.0,103.0,32068.4,2.938
BLK-1392,DEMO-01,475.0,580.0,117.89,32068.4,2.938
BLK-1393,DEMO-01,475.0,580.0,132.78,32068.4,2.898
BLK-1394,DEMO-01,475.0,580.0,147.67,32068.4,2.912
BLK-1395,DEMO-01,475.0,580.0,162.56,32068.4,2.896
BLK-1396,DEMO-01,475.0,580.0,177.44,32068.4,2.936
BLK-1397,DEMO-01,475.0,580.0,192.33,32068.4,2.93
BLK-1398,DEMO-01,475.0,580.0,207.22,32068.4,2.921
BLK-1399,DEMO-01,475.0,580.0,222.11,32068.4,2.918
BLK-1400,DEMO-01,475.0,580.0,237.0,32068.4,2.934
BLK-1401,DEMO-01,525.0,20.0,103.0,32068.4,2.932
BLK-1402,DEMO-01,525.0,20.0,117.89,32068.4,2.931
BLK-1403,DEMO-01,525.0,20.0,132.78,32068.4,2.922
BLK-1404,DEMO-01,525.0,20.0,147.67,32068.4,2.912
BLK-1405,DEMO-01,525.0,20.0,162.56,32068.4,2.926
BLK-1406,DEMO-01,525.0,20.0,177.44,32068.4,2.927
BLK-1407,DEMO-01,525.0,20.0,192.33,32068.4,2.915
BLK-1408,DEMO-01,525.0,20.0,207.22,32068.4,2.913
BLK-1409,DEMO-01,525.0,20.0,222.11,32068.4,2.931
BLK-1410,DEMO-01,525.0,20.0,237.0,32068.4,2.938
BLK-1411,DEMO-01,525.0,63.08,103.0,32068.4,2.906
BLK-1412,DEMO-01,525.0,63.08,117.89,32068.4,2.913
BLK-1413,DEMO-01,525.0,63.08,132.78,32068.4,2.921
BLK-1414,DEMO-01,525.0,63.08,147.67,32068.4,2.923
BLK-1415,DEMO-01,525.0,63.08,162.56,32068.4,2.909
BLK-1416,DEMO-01,525.0,63.08,177.44,32068.4,2.945
BLK-1417,DEMO-01,525.0,63.08,192.33,32068.4,2.932
BLK-1418,DEMO-01,525.0,63.08,207.22,32068.4,2.926
BLK-1419,DEMO-01,525.0,63.08,222.11,32068.4,2.939
BLK-1420,DEMO-01,525.0,63.08,237.0,32068.4,2.91
BLK-1421,DEMO-01,525.0,106.15,103.0,32068.4,2.915
BLK-1422,DEMO-01,525.0,106.15,117.89,32068.4,2.9
BLK-1423,DEMO-01,525.0,106.15,132.78,32068.4,2.914
BLK-1424,DEMO-01,525.0,106.15,147.67,32068.4,2.897
BLK-1425,DEMO-01,525.0,106.15,162.56,32068.4,2.931
BLK-1426,DEMO-01,525.0,106.15,177.44,32068.4,2.959
BLK-1427,DEMO-01,525.0,106.15,192.33,32068.4,2.939
BLK-1428,DEMO-01,525.0,106.15,207.22,32068.4,2.917
BLK-1429,DEMO-01,525.0,106.15,222.11,32068.4,2.926
BLK-1430,DEMO-01,525.0,106.15,237.0,32068.4,2.901
BLK-1431,DEMO-01,525.0,149.23,103.0,32068.4,2.919
BLK-1432,DEMO-01,525.0,149.23,117.89,32068.4,2.925
BLK-1433,DEMO-01,525.0,149.23,132.78,32068.4,2.893
BLK-1434,DEMO-01,525.0,149.23,147.67,32068.4,2.926
BLK-1435,DEMO-01,525.0,149.23,162.56,32068.4,2.928
BLK-1436,DEMO-01,525.0,149.23,177.44,32068.4,3.038
BLK-1437,DEMO-01,525.0,149.23,192.33,32068.4,2.948
BLK-1438,DEMO-01,525.0,149.23,207.22,32068.4,2.937
BLK-1439,DEMO-01,525.0,149.23,222.11,32068.4,2.901
BLK-1440,DEMO-01,525.0,149.23,237.0,32068.4,2.894
BLK-1441,DEMO-01,525.0,192.31,103.0,32068.4,2.918
BLK-1442,DEMO-01,525.0,192.31,117.89,32068.4,2.911
BLK-1443,DEMO-01,525.0,192.31,132.78,32068.4,2.896
BLK-1444,DEMO-01,525.0,192.31,147.67,32068.4,2.924
BLK-1445,DEMO-01,525.0,192.31,162.56,32068.4,2.917
BLK-1446,DEMO-01,525.0,192.31,177.44,32068.4,3.097
BLK-1447,DEMO-01,525.0,192.31,192.33,32068.4,3.056
BLK-1448,DEMO-01,525.0,192.31,207.22,32068.4,2.939
BLK-1449,DEMO-01,525.0,192.31,222.11,32068.4,2.933
BLK-1450,DEMO-01,525.0,192.31,237.0,32068.4,2.931
BLK-1451,DEMO-01,525.0,235.38,103.0,32068.4,2.914
BLK-1452,DEMO-01,525.0,235.38,117.89,32068.4,2.884
BLK-1453,DEMO-01,525.0,235.38,132.78,32068.4,2.921
BLK-1454,DEMO-01,525.0,235.38,147.67,32068.4,2.936
BLK-1455,DEMO-01,525.0,235.38,162.56,32068.4,2.934
BLK-1456,DEMO-01,525.0,235.38,177.44,32068.4,2.98
BLK-1457,DEMO-01,525.0,235.38,192.33,32068.4,3.15
BLK-1458,DEMO-01,525.0,235.38,207.22,32068.4,3.021
BLK-1459,DEMO-01,525.0,235.38,222.11,32068.4,2.947
BLK-1460,DEMO-01,525.0,235.38,237.0,32068.4,2.898
BLK-1461,DEMO-01,525.0,278.46,103.0,32068.4,2.901
BLK-1462,DEMO-01,525.0,278.46,117.89,32068.4,2.929
BLK-1463,DEMO-01,525.0,278.46,132.78,32068.4,2.911
BLK-1464,DEMO-01,525.0,278.46,147.67,32068.4,2.901
BLK-1465,DEMO-01,525.0,278.46,162.56,32068.4,2.936
BLK-1466,DEMO-01,525.0,278.46,177.44,32068.4,2.927
BLK-1467,DEMO-01,525.0,278.46,192.33,32068.4,3.031
BLK-1468,DEMO-01,525.0,278.46,207.22,32068.4,3.191
BLK-1469,DEMO-01,525.0,278.46,222.11,32068.4,3.01
BLK-1470,DEMO-01,525.0,278.46,237.0,32068.4,2.917
BLK-1471,DEMO-01,525.0,321.54,103.0,32068.4,2.935
BLK-1472,DEMO-01,525.0,321.54,117.89,32068.4,2.928
BLK-1473,DEMO-01,525.0,321.54,132.78,32068.4,2.909
BLK-1474,DEMO-01,525.0,321.54,147.67,32068.4,2.909
BLK-1475,DEMO-01,525.0,321.54,162.56,32068.4,2.935
BLK-1476,DEMO-01,525.0,321.54,177.44,32068.4,2.941
BLK-1477,DEMO-01,525.0,321.54,192.33,32068.4,3.049
BLK-1478,DEMO-01,525.0,321.54,207.22,32068.4,3.406
BLK-1479,DEMO-01,525.0,321.54,222.11,32068.4,3.066
BLK-1480,DEMO-01,525.0,321.54,237.0,32068.4,2.907
BLK-1481,DEMO-01,525.0,364.62,103.0,32068.4,2.92
BLK-1482,DEMO-01,525.0,364.62,117.89,32068.4,2.898
BLK-1483,DEMO-01,525.0,364.62,132.78,32068.4,2.91
BLK-1484,DEMO-01,525.0,364.62,147.67,32068.4,2.906
BLK-1485,DEMO-01,525.0,364.62,162.56,32068.4,2.91
BLK-1486,DEMO-01,525.0,364.62,177.44,32068.4,2.954
BLK-1487,DEMO-01,525.0,364.62,192.33,32068.4,3.327
BLK-1488,DEMO-01,525.0,364.62,207.22,32068.4,3.422
BLK-1489,DEMO-01,525.0,364.62,222.11,32068.4,2.98
BLK-1490,DEMO-01,525.0,364.62,237.0,32068.4,2.941
BLK-1491,DEMO-01,525.0,407.69,103.0,32068.4,2.914
BLK-1492,DEMO-01,525.0,407.69,117.89,32068.4,2.909
BLK-1493,DEMO-01,525.0,407.69,132.78,32068.4,2.939
BLK-1494,DEMO-01,525.0,407.69,147.67,32068.4,2.909
BLK-1495,DEMO-01,525.0,407.69,162.56,32068.4,2.922
BLK-1496,DEMO-01,525.0,407.69,177.44,32068.4,3.116
BLK-1497,DEMO-01,525.0,407.69,192.33,32068.4,3.367
BLK-1498,DEMO-01,525.0,407.69,207.22,32068.4,3.044
BLK-1499,DEMO-01,525.0,407.69,222.11,32068.4,2.927
BLK-1500,DEMO-01,525.0,407.69,237.0,32068.4,2.933
BLK-1501,DEMO-01,525.0,450.77,103.0,32068.4,2.928
BLK-1502,DEMO-01,525.0,450.77,117.89,32068.4,2.933
BLK-1503,DEMO-01,525.0,450.77,132.78,32068.4,2.915
BLK-1504,DEMO-01,525.0,450.77,147.67,32068.4,2.905
BLK-1505,DEMO-01,525.0,450.77,162.56,32068.4,2.965
BLK-1506,DEMO-01,525.0,450.77,177.44,32068.4,3.083
BLK-1507,DEMO-01,525.0,450.77,192.33,32068.4,3.069
BLK-1508,DEMO-01,525.0,450.77,207.22,32068.4,2.94
BLK-1509,DEMO-01,525.0,450.77,222.11,32068.4,2.938
BLK-1510,DEMO-01,525.0,450.77,237.0,32068.4,2.919
BLK-1511,DEMO-01,525.0,493.85,103.0,32068.4,2.929
BLK-1512,DEMO-01,525.0,493.85,117.89,32068.4,2.89
BLK-1513,DEMO-01,525.0,493.85,132.78,32068.4,2.91
BLK-1514,DEMO-01,525.0,493.85,147.67,32068.4,2.892
BLK-1515,DEMO-01,525.0,493.85,162.56,32068.4,2.931
BLK-1516,DEMO-01,525.0,493.85,177.44,32068.4,2.952
BLK-1517,DEMO-01,525.0,493.85,192.33,32068.4,2.966
BLK-1518,DEMO-01,525.0,493.85,207.22,32068.4,2.931
BLK-1519,DEMO-01,525.0,493.85,222.11,32068.4,2.93
BLK-1520,DEMO-01,525.0,493.85,237.0,32068.4,2.914
BLK-1521,DEMO-01,525.0,536.92,103.0,32068.4,2.924
BLK-1522,DEMO-01,525.0,536.92,117.89,32068.4,2.923
BLK-1523,DEMO-01,525.0,536.92,132.78,32068.4,2.913
BLK-1524,DEMO-01,525.0,536.92,147.67,32068.4,2.902
BLK-1525,DEMO-01,525.0,536.92,162.56,32068.4,2.924
BLK-1526,DEMO-01,525.0,536.92,177.44,32068.4,2.929
BLK-1527,DEMO-01,525.0,536.92,192.33,32068.4,2.948
BLK-1528,DEMO-01,525.0,536.92,207.22,32068.4,2.929
BLK-1529,DEMO-01,525.0,536.92,222.11,32068.4,2.901
BLK-1530,DEMO-01,525.0,536.92,237.0,32068.4,2.925
BLK-1531,DEMO-01,525.0,580.0,103.0,32068.4,2.916
BLK-1532,DEMO-01,525.0,580.0,117.89,32068.4,2.91
BLK-1533,DEMO-01,525.0,580.0,132.78,32068.4,2.912
BLK-1534,DEMO-01,525.0,580.0,147.67,32068.4,2.907
BLK-1535,DEMO-01,525.0,580.0,162.56,32068.4,2.928
BLK-1536,DEMO-01,525.0,580.0,177.44,32068.4,2.898
BLK-1537,DEMO-01,525.0,580.0,192.33,32068.4,2.905
BLK-1538,DEMO-01,525.0,580.0,207.22,32068.4,2.915
BLK-1539,DEMO-01,525.0,580.0,222.11,32068.4,2.938
BLK-1540,DEMO-01,525.0,580.0,237.0,32068.4,2.93
BLK-1541,DEMO-01,575.0,20.0,103.0,32068.4,2.895
BLK-1542,DEMO-01,575.0,20.0,117.89,32068.4,2.934
BLK-1543,DEMO-01,575.0,20.0,132.78,32068.4,2.934
BLK-1544,DEMO-01,575.0,20.0,147.67,32068.4,2.901
BLK-1545,DEMO-01,575.0,20.0,162.56,32068.4,2.883
BLK-1546,DEMO-01,575.0,20.0,177.44,32068.4,2.915
BLK-1547,DEMO-01,575.0,20.0,192.33,32068.4,2.931
BLK-1548,DEMO-01,575.0,20.0,207.22,32068.4,2.937
BLK-1549,DEMO-01,575.0,20.0,222.11,32068.4,2.905
BLK-1550,DEMO-01,575.0,20.0,237.0,32068.4,2.939
BLK-1551,DEMO-01,575.0,63.08,103.0,32068.4,2.887
BLK-1552,DEMO-01,575.0,63.08,117.89,32068.4,2.911
BLK-1553,DEMO-01,575.0,63.08,132.78,32068.4,2.911
BLK-1554,DEMO-01,575.0,63.08,147.67,32068.4,2.931
BLK-1555,DEMO-01,575.0,63.08,162.56,32068.4,2.933
BLK-1556,DEMO-01,575.0,63.08,177.44,32068.4,2.93
BLK-1557,DEMO-01,575.0,63.08,192.33,32068.4,2.9
BLK-1558,DEMO-01,575.0,63.08,207.22,32068.4,2.928
BLK-1559,DEMO-01,575.0,63.08,222.11,32068.4,2.923
BLK-1560,DEMO-01,575.0,63.08,237.0,32068.4,2.894
BLK-1561,DEMO-01,575.0,106.15,103.0,32068.4,2.889
BLK-1562,DEMO-01,575.0,106.15,117.89,32068.4,2.93
BLK-1563,DEMO-01,575.0,106.15,132.78,32068.4,2.914
BLK-1564,DEMO-01,575.0,106.15,147.67,32068.4,2.899
BLK-1565,DEMO-01,575.0,106.15,162.56,32068.4,2.915
BLK-1566,DEMO-01,575.0,106.15,177.44,32068.4,2.93
BLK-1567,DEMO-01,575.0,106.15,192.33,32068.4,2.919
BLK-1568,DEMO-01,575.0,106.15,207.22,32068.4,2.896
BLK-1569,DEMO-01,575.0,106.15,222.11,32068.4,2.941
BLK-1570,DEMO-01,575.0,106.15,237.0,32068.4,2.929
BLK-1571,DEMO-01,575.0,149.23,103.0,32068.4,2.912
BLK-1572,DEMO-01,575.0,149.23,117.89,32068.4,2.912
BLK-1573,DEMO-01,575.0,149.23,132.78,32068.4,2.921
BLK-1574,DEMO-01,575.0,149.23,147.67,32068.4,2.902
BLK-1575,DEMO-01,575.0,149.23,162.56,32068.4,2.935
BLK-1576,DEMO-01,575.0,149.23,177.44,32068.4,2.932
BLK-1577,DEMO-01,575.0,149.23,192.33,32068.4,2.924
BLK-1578,DEMO-01,575.0,149.23,207.22,32068.4,2.901
BLK-1579,DEMO-01,575.0,149.23,222.11,32068.4,2.901
BLK-1580,DEMO-01,575.0,149.23,237.0,32068.4,2.938
BLK-1581,DEMO-01,575.0,192.31,103.0,32068.4,2.917
BLK-1582,DEMO-01,575.0,192.31,117.89,32068.4,2.919
BLK-1583,DEMO-01,575.0,192.31,132.78,32068.4,2.89
BLK-1584,DEMO-01,575.0,192.31,147.67,32068.4,2.909
BLK-1585,DEMO-01,575.0,192.31,162.56,32068.4,2.941
BLK-1586,DEMO-01,575.0,192.31,177.44,32068.4,3.003
BLK-1587,DEMO-01,575.0,192.31,192.33,32068.4,2.928
BLK-1588,DEMO-01,575.0,192.31,207.22,32068.4,2.921
BLK-1589,DEMO-01,575.0,192.31,222.11,32068.4,2.921
BLK-1590,DEMO-01,575.0,192.31,237.0,32068.4,2.933
BLK-1591,DEMO-01,575.0,235.38,103.0,32068.4,2.908
BLK-1592,DEMO-01,575.0,235.38,117.89,32068.4,2.887
BLK-1593,DEMO-01,575.0,235.38,132.78,32068.4,2.903
BLK-1594,DEMO-01,575.0,235.38,147.67,32068.4,2.902
BLK-1595,DEMO-01,575.0,235.38,162.56,32068.4,2.929
BLK-1596,DEMO-01,575.0,235.38,177.44,32068.4,2.939
BLK-1597,DEMO-01,575.0,235.38,192.33,32068.4,3.054
BLK-1598,DEMO-01,575.0,235.38,207.22,32068.4,2.972
BLK-1599,DEMO-01,575.0,235.38,222.11,32068.4,2.917
BLK-1600,DEMO-01,575.0,235.38,237.0,32068.4,2.928
BLK-1601,DEMO-01,575.0,278.46,103.0,32068.4,2.895
BLK-1602,DEMO-01,575.0,278.46,117.89,32068.4,2.895
BLK-1603,DEMO-01,575.0,278.46,132.78,32068.4,2.935
BLK-1604,DEMO-01,575.0,278.46,147.67,32068.4,2.918
BLK-1605,DEMO-01,575.0,278.46,162.56,32068.4,2.918
BLK-1606,DEMO-01,575.0,278.46,177.44,32068.4,2.916
BLK-1607,DEMO-01,575.0,278.46,192.33,32068.4,3.084
BLK-1608,DEMO-01,575.0,278.46,207.22,32068.4,3.095
BLK-1609,DEMO-01,575.0,278.46,222.11,32068.4,2.955
BLK-1610,DEMO-01,575.0,278.46,237.0,32068.4,2.952
BLK-1611,DEMO-01,575.0,321.54,103.0,32068.4,2.923
BLK-1612,DEMO-01,575.0,321.54,117.89,32068.4,2.908
BLK-1613,DEMO-01,575.0,321.54,132.78,32068.4,2.883
BLK-1614,DEMO-01,575.0,321.54,147.67,32068.4,2.894
BLK-1615,DEMO-01,575.0,321.54,162.56,32068.4,2.937
BLK-1616,DEMO-01,575.0,321.54,177.44,32068.4,2.923
BLK-1617,DEMO-01,575.0,321.54,192.33,32068.4,3.197
BLK-1618,DEMO-01,575.0,321.54,207.22,32068.4,3.355
BLK-1619,DEMO-01,575.0,321.54,222.11,32068.4,3.003
BLK-1620,DEMO-01,575.0,321.54,237.0,32068.4,2.915
BLK-1621,DEMO-01,575.0,364.62,103.0,32068.4,2.911
BLK-1622,DEMO-01,575.0,364.62,117.89,32068.4,2.917
BLK-1623,DEMO-01,575.0,364.62,132.78,32068.4,2.908
BLK-1624,DEMO-01,575.0,364.62,147.67,32068.4,2.909
BLK-1625,DEMO-01,575.0,364.62,162.56,32068.4,2.925
BLK-1626,DEMO-01,575.0,364.62,177.44,32068.4,3.062
BLK-1627,DEMO-01,575.0,364.62,192.33,32068.4,3.685
BLK-1628,DEMO-01,575.0,364.62,207.22,32068.4,3.321
BLK-1629,DEMO-01,575.0,364.62,222.11,32068.4,2.954
BLK-1630,DEMO-01,575.0,364.62,237.0,32068.4,2.902
BLK-1631,DEMO-01,575.0,407.69,103.0,32068.4,2.923
BLK-1632,DEMO-01,575.0,407.69,117.89,32068.4,2.907
BLK-1633,DEMO-01,575.0,407.69,132.78,32068.4,2.921
BLK-1634,DEMO-01,575.0,407.69,147.67,32068.4,2.926
BLK-1635,DEMO-01,575.0,407.69,162.56,32068.4,2.976
BLK-1636,DEMO-01,575.0,407.69,177.44,32068.4,3.558
BLK-1637,DEMO-01,575.0,407.69,192.33,32068.4,3.584
BLK-1638,DEMO-01,575.0,407.69,207.22,32068.4,3.004
BLK-1639,DEMO-01,575.0,407.69,222.11,32068.4,2.927
BLK-1640,DEMO-01,575.0,407.69,237.0,32068.4,2.939
BLK-1641,DEMO-01,575.0,450.77,103.0,32068.4,2.897
BLK-1642,DEMO-01,575.0,450.77,117.89,32068.4,2.934
BLK-1643,DEMO-01,575.0,450.77,132.78,32068.4,2.903
BLK-1644,DEMO-01,575.0,450.77,147.67,32068.4,2.914
BLK-1645,DEMO-01,575.0,450.77,162.56,32068.4,3.086
BLK-1646,DEMO-01,575.0,450.77,177.44,32068.4,3.505
BLK-1647,DEMO-01,575.0,450.77,192.33,32068.4,3.11
BLK-1648,DEMO-01,575.0,450.77,207.22,32068.4,2.917
BLK-1649,DEMO-01,575.0,450.77,222.11,32068.4,2.918
BLK-1650,DEMO-01,575.0,450.77,237.0,32068.4,2.914
BLK-1651,DEMO-01,575.0,493.85,103.0,32068.4,2.927
BLK-1652,DEMO-01,575.0,493.85,117.89,32068.4,2.962
BLK-1653,DEMO-01,575.0,493.85,132.78,32068.4,2.922
BLK-1654,DEMO-01,575.0,493.85,147.67,32068.4,2.908
BLK-1655,DEMO-01,575.0,493.85,162.56,32068.4,2.962
BLK-1656,DEMO-01,575.0,493.85,177.44,32068.4,3.173
BLK-1657,DEMO-01,575.0,493.85,192.33,32068.4,3.015
BLK-1658,DEMO-01,575.0,493.85,207.22,32068.4,2.927
BLK-1659,DEMO-01,575.0,493.85,222.11,32068.4,2.922
BLK-1660,DEMO-01,575.0,493.85,237.0,32068.4,2.91
BLK-1661,DEMO-01,575.0,536.92,103.0,32068.4,2.942
BLK-1662,DEMO-01,575.0,536.92,117.89,32068.4,2.906
BLK-1663,DEMO-01,575.0,536.92,132.78,32068.4,2.915
BLK-1664,DEMO-01,575.0,536.92,147.67,32068.4,2.925
BLK-1665,DEMO-01,575.0,536.92,162.56,32068.4,2.932
BLK-1666,DEMO-01,575.0,536.92,177.44,32068.4,2.986
BLK-1667,DEMO-01,575.0,536.92,192.33,32068.4,2.998
BLK-1668,DEMO-01,575.0,536.92,207.22,32068.4,2.941
BLK-1669,DEMO-01,575.0,536.92,222.11,32068.4,2.908
BLK-1670,DEMO-01,575.0,536.92,237.0,32068.4,2.928
BLK-1671,DEMO-01,575.0,580.0,103.0,32068.4,2.928
BLK-1672,DEMO-01,575.0,580.0,117.89,32068.4,2.936
BLK-1673,DEMO-01,575.0,580.0,132.78,32068.4,2.894
BLK-1674,DEMO-01,575.0,580.0,147.67,32068.4,2.904
BLK-1675,DEMO-01,575.0,580.0,162.56,32068.4,2.927
BLK-1676,DEMO-01,575.0,580.0,177.44,32068.4,2.885
BLK-1677,DEMO-01,575.0,580.0,192.33,32068.4,2.942
BLK-1678,DEMO-01,575.0,580.0,207.22,32068.4,2.941
BLK-1679,DEMO-01,575.0,580.0,222.11,32068.4,2.909
BLK-1680,DEMO-01,575.0,580.0,237.0,32068.4,2.911
BLK-1681,DEMO-01,625.0,20.0,103.0,32068.4,2.902
BLK-1682,DEMO-01,625.0,20.0,117.89,32068.4,2.909
BLK-1683,DEMO-01,625.0,20.0,132.78,32068.4,2.91
BLK-1684,DEMO-01,625.0,20.0,147.67,32068.4,2.907
BLK-1685,DEMO-01,625.0,20.0,162.56,32068.4,2.906
BLK-1686,DEMO-01,625.0,20.0,177.44,32068.4,2.913
BLK-1687,DEMO-01,625.0,20.0,192.33,32068.4,2.913
BLK-1688,DEMO-01,625.0,20.0,207.22,32068.4,2.941
BLK-1689,DEMO-01,625.0,20.0,222.11,32068.4,2.911
BLK-1690,DEMO-01,625.0,20.0,237.0,32068.4,2.921
BLK-1691,DEMO-01,625.0,63.08,103.0,32068.4,2.909
BLK-1692,DEMO-01,625.0,63.08,117.89,32068.4,2.908
BLK-1693,DEMO-01,625.0,63.08,132.78,32068.4,2.894
BLK-1694,DEMO-01,625.0,63.08,147.67,32068.4,2.895
BLK-1695,DEMO-01,625.0,63.08,162.56,32068.4,2.9
BLK-1696,DEMO-01,625.0,63.08,177.44,32068.4,2.919
BLK-1697,DEMO-01,625.0,63.08,192.33,32068.4,2.931
BLK-1698,DEMO-01,625.0,63.08,207.22,32068.4,2.893
BLK-1699,DEMO-01,625.0,63.08,222.11,32068.4,2.909
BLK-1700,DEMO-01,625.0,63.08,237.0,32068.4,2.898
BLK-1701,DEMO-01,625.0,106.15,103.0,32068.4,2.913
BLK-1702,DEMO-01,625.0,106.15,117.89,32068.4,2.93
BLK-1703,DEMO-01,625.0,106.15,132.78,32068.4,2.91
BLK-1704,DEMO-01,625.0,106.15,147.67,32068.4,2.916
BLK-1705,DEMO-01,625.0,106.15,162.56,32068.4,2.939
BLK-1706,DEMO-01,625.0,106.15,177.44,32068.4,2.925
BLK-1707,DEMO-01,625.0,106.15,192.33,32068.4,2.906
BLK-1708,DEMO-01,625.0,106.15,207.22,32068.4,2.918
BLK-1709,DEMO-01,625.0,106.15,222.11,32068.4,2.905
BLK-1710,DEMO-01,625.0,106.15,237.0,32068.4,2.922
BLK-1711,DEMO-01,625.0,149.23,103.0,32068.4,2.923
BLK-1712,DEMO-01,625.0,149.23,117.89,32068.4,2.898
BLK-1713,DEMO-01,625.0,149.23,132.78,32068.4,2.919
BLK-1714,DEMO-01,625.0,149.23,147.67,32068.4,2.92
BLK-1715,DEMO-01,625.0,149.23,162.56,32068.4,2.944
BLK-1716,DEMO-01,625.0,149.23,177.44,32068.4,2.934
BLK-1717,DEMO-01,625.0,149.23,192.33,32068.4,2.923
BLK-1718,DEMO-01,625.0,149.23,207.22,32068.4,2.912
BLK-1719,DEMO-01,625.0,149.23,222.11,32068.4,2.929
BLK-1720,DEMO-01,625.0,149.23,237.0,32068.4,2.905
BLK-1721,DEMO-01,625.0,192.31,103.0,32068.4,2.899
BLK-1722,DEMO-01,625.0,192.31,117.89,32068.4,2.874
BLK-1723,DEMO-01,625.0,192.31,132.78,32068.4,2.915
BLK-1724,DEMO-01,625.0,192.31,147.67,32068.4,2.914
BLK-1725,DEMO-01,625.0,192.31,162.56,32068.4,2.976
BLK-1726,DEMO-01,625.0,192.31,177.44,32068.4,2.925
BLK-1727,DEMO-01,625.0,192.31,192.33,32068.4,2.91
BLK-1728,DEMO-01,625.0,192.31,207.22,32068.4,2.922
BLK-1729,DEMO-01,625.0,192.31,222.11,32068.4,2.903
BLK-1730,DEMO-01,625.0,192.31,237.0,32068.4,2.922
BLK-1731,DEMO-01,625.0,235.38,103.0,32068.4,2.909
BLK-1732,DEMO-01,625.0,235.38,117.89,32068.4,2.916
BLK-1733,DEMO-01,625.0,235.38,132.78,32068.4,2.924
BLK-1734,DEMO-01,625.0,235.38,147.67,32068.4,2.93
BLK-1735,DEMO-01,625.0,235.38,162.56,32068.4,2.962
BLK-1736,DEMO-01,625.0,235.38,177.44,32068.4,3.031
BLK-1737,DEMO-01,625.0,235.38,192.33,32068.4,2.947
BLK-1738,DEMO-01,625.0,235.38,207.22,32068.4,2.926
BLK-1739,DEMO-01,625.0,235.38,222.11,32068.4,2.903
BLK-1740,DEMO-01,625.0,235.38,237.0,32068.4,2.914
BLK-1741,DEMO-01,625.0,278.46,103.0,32068.4,2.911
BLK-1742,DEMO-01,625.0,278.46,117.89,32068.4,2.915
BLK-1743,DEMO-01,625.0,278.46,132.78,32068.4,2.903
BLK-1744,DEMO-01,625.0,278.46,147.67,32068.4,2.892
BLK-1745,DEMO-01,625.0,278.46,162.56,32068.4,2.938
BLK-1746,DEMO-01,625.0,278.46,177.44,32068.4,3.088
BLK-1747,DEMO-01,625.0,278.46,192.33,32068.4,3.077
BLK-1748,DEMO-01,625.0,278.46,207.22,32068.4,2.944
BLK-1749,DEMO-01,625.0,278.46,222.11,32068.4,2.931
BLK-1750,DEMO-01,625.0,278.46,237.0,32068.4,2.924
BLK-1751,DEMO-01,625.0,321.54,103.0,32068.4,2.911
BLK-1752,DEMO-01,625.0,321.54,117.89,32068.4,2.904
BLK-1753,DEMO-01,625.0,321.54,132.78,32068.4,2.917
BLK-1754,DEMO-01,625.0,321.54,147.67,32068.4,2.92
BLK-1755,DEMO-01,625.0,321.54,162.56,32068.4,2.937
BLK-1756,DEMO-01,625.0,321.54,177.44,32068.4,3.18
BLK-1757,DEMO-01,625.0,321.54,192.33,32068.4,3.289
BLK-1758,DEMO-01,625.0,321.54,207.22,32068.4,2.981
BLK-1759,DEMO-01,625.0,321.54,222.11,32068.4,2.923
BLK-1760,DEMO-01,625.0,321.54,237.0,32068.4,2.919
BLK-1761,DEMO-01,625.0,364.62,103.0,32068.4,2.918
BLK-1762,DEMO-01,625.0,364.62,117.89,32068.4,2.938
BLK-1763,DEMO-01,625.0,364.62,132.78,32068.4,2.908
BLK-1764,DEMO-01,625.0,364.62,147.67,32068.4,2.936
BLK-1765,DEMO-01,625.0,364.62,162.56,32068.4,3.059
BLK-1766,DEMO-01,625.0,364.62,177.44,32068.4,3.661
BLK-1767,DEMO-01,625.0,364.62,192.33,32068.4,3.299
BLK-1768,DEMO-01,625.0,364.62,207.22,32068.4,2.932
BLK-1769,DEMO-01,625.0,364.62,222.11,32068.4,2.938
BLK-1770,DEMO-01,625.0,364.62,237.0,32068.4,2.922
BLK-1771,DEMO-01,625.0,407.69,103.0,32068.4,2.905
BLK-1772,DEMO-01,625.0,407.69,117.89,32068.4,2.911
BLK-1773,DEMO-01,625.0,407.69,132.78,32068.4,2.932
BLK-1774,DEMO-01,625.0,407.69,147.67,32068.4,3.01
BLK-1775,DEMO-01,625.0,407.69,162.56,32068.4,3.627
BLK-1776,DEMO-01,625.0,407.69,177.44,32068.4,3.587
BLK-1777,DEMO-01,625.0,407.69,192.33,32068.4,2.984
BLK-1778,DEMO-01,625.0,407.69,207.22,32068.4,2.91
BLK-1779,DEMO-01,625.0,407.69,222.11,32068.4,2.947
BLK-1780,DEMO-01,625.0,407.69,237.0,32068.4,2.919
BLK-1781,DEMO-01,625.0,450.77,103.0,32068.4,2.915
BLK-1782,DEMO-01,625.0,450.77,117.89,32068.4,2.932
BLK-1783,DEMO-01,625.0,450.77,132.78,32068.4,2.921
BLK-1784,DEMO-01,625.0,450.77,147.67,32068.4,3.184
BLK-1785,DEMO-01,625.0,450.77,162.56,32068.4,3.622
BLK-1786,DEMO-01,625.0,450.77,177.44,32068.4,3.126
BLK-1787,DEMO-01,625.0,450.77,192.33,32068.4,2.937
BLK-1788,DEMO-01,625.0,450.77,207.22,32068.4,2.937
BLK-1789,DEMO-01,625.0,450.77,222.11,32068.4,2.906
BLK-1790,DEMO-01,625.0,450.77,237.0,32068.4,2.904
BLK-1791,DEMO-01,625.0,493.85,103.0,32068.4,2.924
BLK-1792,DEMO-01,625.0,493.85,117.89,32068.4,2.908
BLK-1793,DEMO-01,625.0,493.85,132.78,32068.4,2.917
BLK-1794,DEMO-01,625.0,493.85,147.67,32068.4,3.049
BLK-1795,DEMO-01,625.0,493.85,162.56,32068.4,3.289
BLK-1796,DEMO-01,625.0,493.85,177.44,32068.4,3.013
BLK-1797,DEMO-01,625.0,493.85,192.33,32068.4,2.903
BLK-1798,DEMO-01,625.0,493.85,207.22,32068.4,2.916
BLK-1799,DEMO-01,625.0,493.85,222.11,32068.4,2.892
BLK-1800,DEMO-01,625.0,493.85,237.0,32068.4,2.912
BLK-1801,DEMO-01,625.0,536.92,103.0,32068.4,2.898
BLK-1802,DEMO-01,625.0,536.92,117.89,32068.4,2.938
BLK-1803,DEMO-01,625.0,536.92,132.78,32068.4,2.945
BLK-1804,DEMO-01,625.0,536.92,147.67,32068.4,2.913
BLK-1805,DEMO-01,625.0,536.92,162.56,32068.4,3.022
BLK-1806,DEMO-01,625.0,536.92,177.44,32068.4,3.01
BLK-1807,DEMO-01,625.0,536.92,192.33,32068.4,2.923
BLK-1808,DEMO-01,625.0,536.92,207.22,32068.4,2.94
BLK-1809,DEMO-01,625.0,536.92,222.11,32068.4,2.91
BLK-1810,DEMO-01,625.0,536.92,237.0,32068.4,2.912
BLK-1811,DEMO-01,625.0,580.0,103.0,32068.4,2.904
BLK-1812,DEMO-01,625.0,580.0,117.89,32068.4,2.931
BLK-1813,DEMO-01,625.0,580.0,132.78,32068.4,2.873
BLK-1814,DEMO-01,625.0,580.0,147.67,32068.4,2.911
BLK-1815,DEMO-01,625.0,580.0,162.56,32068.4,2.925
BLK-1816,DEMO-01,625.0,580.0,177.44,32068.4,2.944
BLK-1817,DEMO-01,625.0,580.0,192.33,32068.4,2.942
BLK-1818,DEMO-01,625.0,580.0,207.22,32068.4,2.933
BLK-1819,DEMO-01,625.0,580.0,222.11,32068.4,2.898
BLK-1820,DEMO-01,625.0,580.0,237.0,32068.4,2.944
BLK-1821,DEMO-01,675.0,20.0,103.0,32068.4,2.897
BLK-1822,DEMO-01,675.0,20.0,117.89,32068.4,2.933
BLK-1823,DEMO-01,675.0,20.0,132.78,32068.4,2.918
BLK-1824,DEMO-01,675.0,20.0,147.67,32068.4,2.91
BLK-1825,DEMO-01,675.0,20.0,162.56,32068.4,2.911
BLK-1826,DEMO-01,675.0,20.0,177.44,32068.4,2.916
BLK-1827,DEMO-01,675.0,20.0,192.33,32068.4,2.919
BLK-1828,DEMO-01,675.0,20.0,207.22,32068.4,2.904
BLK-1829,DEMO-01,675.0,20.0,222.11,32068.4,2.913
BLK-1830,DEMO-01,675.0,20.0,237.0,32068.4,2.906
BLK-1831,DEMO-01,675.0,63.08,103.0,32068.4,2.9
BLK-1832,DEMO-01,675.0,63.08,117.89,32068.4,2.905
BLK-1833,DEMO-01,675.0,63.08,132.78,32068.4,2.901
BLK-1834,DEMO-01,675.0,63.08,147.67,32068.4,2.911
BLK-1835,DEMO-01,675.0,63.08,162.56,32068.4,2.924
BLK-1836,DEMO-01,675.0,63.08,177.44,32068.4,2.918
BLK-1837,DEMO-01,675.0,63.08,192.33,32068.4,2.942
BLK-1838,DEMO-01,675.0,63.08,207.22,32068.4,2.887
BLK-1839,DEMO-01,675.0,63.08,222.11,32068.4,2.922
BLK-1840,DEMO-01,675.0,63.08,237.0,32068.4,2.916
BLK-1841,DEMO-01,675.0,106.15,103.0,32068.4,2.927
BLK-1842,DEMO-01,675.0,106.15,117.89,32068.4,2.926
BLK-1843,DEMO-01,675.0,106.15,132.78,32068.4,2.915
BLK-1844,DEMO-01,675.0,106.15,147.67,32068.4,2.926
BLK-1845,DEMO-01,675.0,106.15,162.56,32068.4,2.913
BLK-1846,DEMO-01,675.0,106.15,177.44,32068.4,2.925
BLK-1847,DEMO-01,675.0,106.15,192.33,32068.4,2.891
BLK-1848,DEMO-01,675.0,106.15,207.22,32068.4,2.926
BLK-1849,DEMO-01,675.0,106.15,222.11,32068.4,2.916
BLK-1850,DEMO-01,675.0,106.15,237.0,32068.4,2.91
BLK-1851,DEMO-01,675.0,149.23,103.0,32068.4,2.913
BLK-1852,DEMO-01,675.0,149.23,117.89,32068.4,2.914
BLK-1853,DEMO-01,675.0,149.23,132.78,32068.4,2.944
BLK-1854,DEMO-01,675.0,149.23,147.67,32068.4,2.998
BLK-1855,DEMO-01,675.0,149.23,162.56,32068.4,2.946
BLK-1856,DEMO-01,675.0,149.23,177.44,32068.4,2.909
BLK-1857,DEMO-01,675.0,149.23,192.33,32068.4,2.925
BLK-1858,DEMO-01,675.0,149.23,207.22,32068.4,2.925
BLK-1859,DEMO-01,675.0,149.23,222.11,32068.4,2.904
BLK-1860,DEMO-01,675.0,149.23,237.0,32068.4,2.9
BLK-1861,DEMO-01,675.0,192.31,103.0,32068.4,2.915
BLK-1862,DEMO-01,675.0,192.31,117.89,32068.4,2.927
BLK-1863,DEMO-01,675.0,192.31,132.78,32068.4,2.913
BLK-1864,DEMO-01,675.0,192.31,147.67,32068.4,3.007
BLK-1865,DEMO-01,675.0,192.31,162.56,32068.4,2.982
BLK-1866,DEMO-01,675.0,192.31,177.44,32068.4,2.92
BLK-1867,DEMO-01,675.0,192.31,192.33,32068.4,2.935
BLK-1868,DEMO-01,675.0,192.31,207.22,32068.4,2.898
BLK-1869,DEMO-01,675.0,192.31,222.11,32068.4,2.947
BLK-1870,DEMO-01,675.0,192.31,237.0,32068.4,2.896
BLK-1871,DEMO-01,675.0,235.38,103.0,32068.4,2.889
BLK-1872,DEMO-01,675.0,235.38,117.89,32068.4,2.915
BLK-1873,DEMO-01,675.0,235.38,132.78,32068.4,2.906
BLK-1874,DEMO-01,675.0,235.38,147.67,32068.4,3.008
BLK-1875,DEMO-01,675.0,235.38,162.56,32068.4,3.124
BLK-1876,DEMO-01,675.0,235.38,177.44,32068.4,2.963
BLK-1877,DEMO-01,675.0,235.38,192.33,32068.4,2.906
BLK-1878,DEMO-01,675.0,235.38,207.22,32068.4,2.922
BLK-1879,DEMO-01,675.0,235.38,222.11,32068.4,2.912
BLK-1880,DEMO-01,675.0,235.38,237.0,32068.4,2.931
BLK-1881,DEMO-01,675.0,278.46,103.0,32068.4,2.914
BLK-1882,DEMO-01,675.0,278.46,117.89,32068.4,2.903
BLK-1883,DEMO-01,675.0,278.46,132.78,32068.4,2.894
BLK-1884,DEMO-01,675.0,278.46,147.67,32068.4,2.949
BLK-1885,DEMO-01,675.0,278.46,162.56,32068.4,3.174
BLK-1886,DEMO-01,675.0,278.46,177.44,32068.4,3.125
BLK-1887,DEMO-01,675.0,278.46,192.33,32068.4,2.943
BLK-1888,DEMO-01,675.0,278.46,207.22,32068.4,2.893
BLK-1889,DEMO-01,675.0,278.46,222.11,32068.4,2.935
BLK-1890,DEMO-01,675.0,278.46,237.0,32068.4,2.918
BLK-1891,DEMO-01,675.0,321.54,103.0,32068.4,2.916
BLK-1892,DEMO-01,675.0,321.54,117.89,32068.4,2.903
BLK-1893,DEMO-01,675.0,321.54,132.78,32068.4,2.927
BLK-1894,DEMO-01,675.0,321.54,147.67,32068.4,2.958
BLK-1895,DEMO-01,675.0,321.54,162.56,32068.4,3.293
BLK-1896,DEMO-01,675.0,321.54,177.44,32068.4,3.295
BLK-1897,DEMO-01,675.0,321.54,192.33,32068.4,2.933
BLK-1898,DEMO-01,675.0,321.54,207.22,32068.4,2.895
BLK-1899,DEMO-01,675.0,321.54,222.11,32068.4,2.901
BLK-1900,DEMO-01,675.0,321.54,237.0,32068.4,2.921
BLK-1901,DEMO-01,675.0,364.62,103.0,32068.4,2.916
BLK-1902,DEMO-01,675.0,364.62,117.89,32068.4,2.93
BLK-1903,DEMO-01,675.0,364.62,132.78,32068.4,2.912
BLK-1904,DEMO-01,675.0,364.62,147.67,32068.4,3.161
BLK-1905,DEMO-01,675.0,364.62,162.56,32068.4,3.65
BLK-1906,DEMO-01,675.0,364.62,177.44,32068.4,3.142
BLK-1907,DEMO-01,675.0,364.62,192.33,32068.4,2.929
BLK-1908,DEMO-01,675.0,364.62,207.22,32068.4,2.915
BLK-1909,DEMO-01,675.0,364.62,222.11,32068.4,2.908
BLK-1910,DEMO-01,675.0,364.62,237.0,32068.4,2.917
BLK-1911,DEMO-01,675.0,407.69,103.0,32068.4,2.914
BLK-1912,DEMO-01,675.0,407.69,117.89,32068.4,2.917
BLK-1913,DEMO-01,675.0,407.69,132.78,32068.4,3.042
BLK-1914,DEMO-01,675.0,407.69,147.67,32068.4,3.629
BLK-1915,DEMO-01,675.0,407.69,162.56,32068.4,3.338
BLK-1916,DEMO-01,675.0,407.69,177.44,32068.4,2.931
BLK-1917,DEMO-01,675.0,407.69,192.33,32068.4,2.903
BLK-1918,DEMO-01,675.0,407.69,207.22,32068.4,2.913
BLK-1919,DEMO-01,675.0,407.69,222.11,32068.4,2.926
BLK-1920,DEMO-01,675.0,407.69,237.0,32068.4,2.919
BLK-1921,DEMO-01,675.0,450.77,103.0,32068.4,2.909
BLK-1922,DEMO-01,675.0,450.77,117.89,32068.4,2.927
BLK-1923,DEMO-01,675.0,450.77,132.78,32068.4,3.22
BLK-1924,DEMO-01,675.0,450.77,147.67,32068.4,3.391
BLK-1925,DEMO-01,675.0,450.77,162.56,32068.4,3.016
BLK-1926,DEMO-01,675.0,450.77,177.44,32068.4,2.893
BLK-1927,DEMO-01,675.0,450.77,192.33,32068.4,2.898
BLK-1928,DEMO-01,675.0,450.77,207.22,32068.4,2.909
BLK-1929,DEMO-01,675.0,450.77,222.11,32068.4,2.945
BLK-1930,DEMO-01,675.0,450.77,237.0,32068.4,2.938
BLK-1931,DEMO-01,675.0,493.85,103.0,32068.4,2.926
BLK-1932,DEMO-01,675.0,493.85,117.89,32068.4,2.928
BLK-1933,DEMO-01,675.0,493.85,132.78,32068.4,3.023
BLK-1934,DEMO-01,675.0,493.85,147.67,32068.4,3.158
BLK-1935,DEMO-01,675.0,493.85,162.56,32068.4,2.954
BLK-1936,DEMO-01,675.0,493.85,177.44,32068.4,2.906
BLK-1937,DEMO-01,675.0,493.85,192.33,32068.4,2.918
BLK-1938,DEMO-01,675.0,493.85,207.22,32068.4,2.91
BLK-1939,DEMO-01,675.0,493.85,222.11,32068.4,2.928
BLK-1940,DEMO-01,675.0,493.85,237.0,32068.4,2.891
BLK-1941,DEMO-01,675.0,536.92,103.0,32068.4,2.917
BLK-1942,DEMO-01,675.0,536.92,117.89,32068.4,2.905
BLK-1943,DEMO-01,675.0,536.92,132.78,32068.4,2.924
BLK-1944,DEMO-01,675.0,536.92,147.67,32068.4,2.998
BLK-1945,DEMO-01,675.0,536.92,162.56,32068.4,2.947
BLK-1946,DEMO-01,675.0,536.92,177.44,32068.4,2.921
BLK-1947,DEMO-01,675.0,536.92,192.33,32068.4,2.913
BLK-1948,DEMO-01,675.0,536.92,207.22,32068.4,2.907
BLK-1949,DEMO-01,675.0,536.92,222.11,32068.4,2.91
BLK-1950,DEMO-01,675.0,536.92,237.0,32068.4,2.914
BLK-1951,DEMO-01,675.0,580.0,103.0,32068.4,2.906
BLK-1952,DEMO-01,675.0,580.0,117.89,32068.4,2.916
BLK-1953,DEMO-01,675.0,580.0,132.78,32068.4,2.913
BLK-1954,DEMO-01,675.0,580.0,147.67,32068.4,2.917
BLK-1955,DEMO-01,675.0,580.0,162.56,32068.4,2.957
BLK-1956,DEMO-01,675.0,580.0,177.44,32068.4,2.926
BLK-1957,DEMO-01,675.0,580.0,192.33,32068.4,2.911
BLK-1958,DEMO-01,675.0,580.0,207.22,32068.4,2.918
BLK-1959,DEMO-01,675.0,580.0,222.11,32068.4,2.903
BLK-1960,DEMO-01,675.0,580.0,237.0,32068.4,2.91
BLK-1961,DEMO-01,725.0,20.0,103.0,32068.4,2.912
BLK-1962,DEMO-01,725.0,20.0,117.89,32068.4,2.9
BLK-1963,DEMO-01,725.0,20.0,132.78,32068.4,2.921
BLK-1964,DEMO-01,725.0,20.0,147.67,32068.4,2.91
BLK-1965,DEMO-01,725.0,20.0,162.56,32068.4,2.913
BLK-1966,DEMO-01,725.0,20.0,177.44,32068.4,2.909
BLK-1967,DEMO-01,725.0,20.0,192.33,32068.4,2.955
BLK-1968,DEMO-01,725.0,20.0,207.22,32068.4,2.907
BLK-1969,DEMO-01,725.0,20.0,222.11,32068.4,2.889
BLK-1970,DEMO-01,725.0,20.0,237.0,32068.4,2.895
BLK-1971,DEMO-01,725.0,63.08,103.0,32068.4,2.926
BLK-1972,DEMO-01,725.0,63.08,117.89,32068.4,2.934
BLK-1973,DEMO-01,725.0,63.08,132.78,32068.4,2.908
BLK-1974,DEMO-01,725.0,63.08,147.67,32068.4,2.941
BLK-1975,DEMO-01,725.0,63.08,162.56,32068.4,2.934
BLK-1976,DEMO-01,725.0,63.08,177.44,32068.4,2.915
BLK-1977,DEMO-01,725.0,63.08,192.33,32068.4,2.913
BLK-1978,DEMO-01,725.0,63.08,207.22,32068.4,2.919
BLK-1979,DEMO-01,725.0,63.08,222.11,32068.4,2.928
BLK-1980,DEMO-01,725.0,63.08,237.0,32068.4,2.921
BLK-1981,DEMO-01,725.0,106.15,103.0,32068.4,2.907
BLK-1982,DEMO-01,725.0,106.15,117.89,32068.4,2.915
BLK-1983,DEMO-01,725.0,106.15,132.78,32068.4,2.964
BLK-1984,DEMO-01,725.0,106.15,147.67,32068.4,2.966
BLK-1985,DEMO-01,725.0,106.15,162.56,32068.4,2.938
BLK-1986,DEMO-01,725.0,106.15,177.44,32068.4,2.924
BLK-1987,DEMO-01,725.0,106.15,192.33,32068.4,2.92
BLK-1988,DEMO-01,725.0,106.15,207.22,32068.4,2.918
BLK-1989,DEMO-01,725.0,106.15,222.11,32068.4,2.928
BLK-1990,DEMO-01,725.0,106.15,237.0,32068.4,2.926
BLK-1991,DEMO-01,725.0,149.23,103.0,32068.4,2.92
BLK-1992,DEMO-01,725.0,149.23,117.89,32068.4,2.921
BLK-1993,DEMO-01,725.0,149.23,132.78,32068.4,3.041
BLK-1994,DEMO-01,725.0,149.23,147.67,32068.4,3.019
BLK-1995,DEMO-01,725.0,149.23,162.56,32068.4,2.921
BLK-1996,DEMO-01,725.0,149.23,177.44,32068.4,2.952
BLK-1997,DEMO-01,725.0,149.23,192.33,32068.4,2.896
BLK-1998,DEMO-01,725.0,149.23,207.22,32068.4,2.929
BLK-1999,DEMO-01,725.0,149.23,222.11,32068.4,2.905
BLK-2000,DEMO-01,725.0,149.23,237.0,32068.4,2.918
BLK-2001,DEMO-01,725.0,192.31,103.0,32068.4,2.95
BLK-2002,DEMO-01,725.0,192.31,117.89,32068.4,2.922
BLK-2003,DEMO-01,725.0,192.31,132.78,32068.4,3.123
BLK-2004,DEMO-01,725.0,192.31,147.67,32068.4,3.186
BLK-2005,DEMO-01,725.0,192.31,162.56,32068.4,2.94
BLK-2006,DEMO-01,725.0,192.31,177.44,32068.4,2.928
BLK-2007,DEMO-01,725.0,192.31,192.33,32068.4,2.909
BLK-2008,DEMO-01,725.0,192.31,207.22,32068.4,2.925
BLK-2009,DEMO-01,725.0,192.31,222.11,32068.4,2.899
BLK-2010,DEMO-01,725.0,192.31,237.0,32068.4,2.892
BLK-2011,DEMO-01,725.0,235.38,103.0,32068.4,2.913
BLK-2012,DEMO-01,725.0,235.38,117.89,32068.4,2.898
BLK-2013,DEMO-01,725.0,235.38,132.78,32068.4,3.046
BLK-2014,DEMO-01,725.0,235.38,147.67,32068.4,3.393
BLK-2015,DEMO-01,725.0,235.38,162.56,32068.4,3.137
BLK-2016,DEMO-01,725.0,235.38,177.44,32068.4,2.933
BLK-2017,DEMO-01,725.0,235.38,192.33,32068.4,2.909
BLK-2018,DEMO-01,725.0,235.38,207.22,32068.4,2.896
BLK-2019,DEMO-01,725.0,235.38,222.11,32068.4,2.943
BLK-2020,DEMO-01,725.0,235.38,237.0,32068.4,2.903
BLK-2021,DEMO-01,725.0,278.46,103.0,32068.4,2.914
BLK-2022,DEMO-01,725.0,278.46,117.89,32068.4,2.914
BLK-2023,DEMO-01,725.0,278.46,132.78,32068.4,2.951
BLK-2024,DEMO-01,725.0,278.46,147.67,32068.4,3.29
BLK-2025,DEMO-01,725.0,278.46,162.56,32068.4,3.472
BLK-2026,DEMO-01,725.0,278.46,177.44,32068.4,3.004
BLK-2027,DEMO-01,725.0,278.46,192.33,32068.4,2.915
BLK-2028,DEMO-01,725.0,278.46,207.22,32068.4,2.926
BLK-2029,DEMO-01,725.0,278.46,222.11,32068.4,2.901
BLK-2030,DEMO-01,725.0,278.46,237.0,32068.4,2.943
BLK-2031,DEMO-01,725.0,321.54,103.0,32068.4,2.906
BLK-2032,DEMO-01,725.0,321.54,117.89,32068.4,2.916
BLK-2033,DEMO-01,725.0,321.54,132.78,32068.4,2.922
BLK-2034,DEMO-01,725.0,321.54,147.67,32068.4,3.258
BLK-2035,DEMO-01,725.0,321.54,162.56,32068.4,3.534
BLK-2036,DEMO-01,725.0,321.54,177.44,32068.4,3.019
BLK-2037,DEMO-01,725.0,321.54,192.33,32068.4,2.913
BLK-2038,DEMO-01,725.0,321.54,207.22,32068.4,2.903
BLK-2039,DEMO-01,725.0,321.54,222.11,32068.4,2.925
BLK-2040,DEMO-01,725.0,321.54,237.0,32068.4,2.906
BLK-2041,DEMO-01,725.0,364.62,103.0,32068.4,2.904
BLK-2042,DEMO-01,725.0,364.62,117.89,32068.4,2.913
BLK-2043,DEMO-01,725.0,364.62,132.78,32068.4,3.038
BLK-2044,DEMO-01,725.0,364.62,147.67,32068.4,3.516
BLK-2045,DEMO-01,725.0,364.62,162.56,32068.4,3.255
BLK-2046,DEMO-01,725.0,364.62,177.44,32068.4,2.917
BLK-2047,DEMO-01,725.0,364.62,192.33,32068.4,2.901
BLK-2048,DEMO-01,725.0,364.62,207.22,32068.4,2.899
BLK-2049,DEMO-01,725.0,364.62,222.11,32068.4,2.933
BLK-2050,DEMO-01,725.0,364.62,237.0,32068.4,2.923
BLK-2051,DEMO-01,725.0,407.69,103.0,32068.4,2.905
BLK-2052,DEMO-01,725.0,407.69,117.89,32068.4,2.944
BLK-2053,DEMO-01,725.0,407.69,132.78,32068.4,3.251
BLK-2054,DEMO-01,725.0,407.69,147.67,32068.4,3.252
BLK-2055,DEMO-01,725.0,407.69,162.56,32068.4,2.958
BLK-2056,DEMO-01,725.0,407.69,177.44,32068.4,2.913
BLK-2057,DEMO-01,725.0,407.69,192.33,32068.4,2.944
BLK-2058,DEMO-01,725.0,407.69,207.22,32068.4,2.933
BLK-2059,DEMO-01,725.0,407.69,222.11,32068.4,2.933
BLK-2060,DEMO-01,725.0,407.69,237.0,32068.4,2.925
BLK-2061,DEMO-01,725.0,450.77,103.0,32068.4,2.913
BLK-2062,DEMO-01,725.0,450.77,117.89,32068.4,3.0
BLK-2063,DEMO-01,725.0,450.77,132.78,32068.4,3.137
BLK-2064,DEMO-01,725.0,450.77,147.67,32068.4,3.008
BLK-2065,DEMO-01,725.0,450.77,162.56,32068.4,2.924
BLK-2066,DEMO-01,725.0,450.77,177.44,32068.4,2.92
BLK-2067,DEMO-01,725.0,450.77,192.33,32068.4,2.918
BLK-2068,DEMO-01,725.0,450.77,207.22,32068.4,2.939
BLK-2069,DEMO-01,725.0,450.77,222.11,32068.4,2.897
BLK-2070,DEMO-01,725.0,450.77,237.0,32068.4,2.94
BLK-2071,DEMO-01,725.0,493.85,103.0,32068.4,2.915
BLK-2072,DEMO-01,725.0,493.85,117.89,32068.4,2.922
BLK-2073,DEMO-01,725.0,493.85,132.78,32068.4,2.984
BLK-2074,DEMO-01,725.0,493.85,147.67,32068.4,2.92
BLK-2075,DEMO-01,725.0,493.85,162.56,32068.4,2.926
BLK-2076,DEMO-01,725.0,493.85,177.44,32068.4,2.902
BLK-2077,DEMO-01,725.0,493.85,192.33,32068.4,2.918
BLK-2078,DEMO-01,725.0,493.85,207.22,32068.4,2.931
BLK-2079,DEMO-01,725.0,493.85,222.11,32068.4,2.907
BLK-2080,DEMO-01,725.0,493.85,237.0,32068.4,2.913
BLK-2081,DEMO-01,725.0,536.92,103.0,32068.4,2.899
BLK-2082,DEMO-01,725.0,536.92,117.89,32068.4,2.912
BLK-2083,DEMO-01,725.0,536.92,132.78,32068.4,2.964
BLK-2084,DEMO-01,725.0,536.92,147.67,32068.4,2.942
BLK-2085,DEMO-01,725.0,536.92,162.56,32068.4,2.914
BLK-2086,DEMO-01,725.0,536.92,177.44,32068.4,2.908
BLK-2087,DEMO-01,725.0,536.92,192.33,32068.4,2.916
BLK-2088,DEMO-01,725.0,536.92,207.22,32068.4,2.918
BLK-2089,DEMO-01,725.0,536.92,222.11,32068.4,2.911
BLK-2090,DEMO-01,725.0,536.92,237.0,32068.4,2.923
BLK-2091,DEMO-01,725.0,580.0,103.0,32068.4,2.904
BLK-2092,DEMO-01,725.0,580.0,117.89,32068.4,2.904
BLK-2093,DEMO-01,725.0,580.0,132.78,32068.4,2.922
BLK-2094,DEMO-01,725.0,580.0,147.67,32068.4,2.904
BLK-2095,DEMO-01,725.0,580.0,162.56,32068.4,2.927
BLK-2096,DEMO-01,725.0,580.0,177.44,32068.4,2.916
BLK-2097,DEMO-01,725.0,580.0,192.33,32068.4,2.892
BLK-2098,DEMO-01,725.0,580.0,207.22,32068.4,2.918
BLK-2099,DEMO-01,725.0,580.0,222.11,32068.4,2.894
BLK-2100,DEMO-01,725.0,580.0,237.0,32068.4,2.925
BLK-2101,DEMO-01,775.0,20.0,103.0,32068.4,2.913
BLK-2102,DEMO-01,775.0,20.0,117.89,32068.4,2.941
BLK-2103,DEMO-01,775.0,20.0,132.78,32068.4,2.93
BLK-2104,DEMO-01,775.0,20.0,147.67,32068.4,2.905
BLK-2105,DEMO-01,775.0,20.0,162.56,32068.4,2.905
BLK-2106,DEMO-01,775.0,20.0,177.44,32068.4,2.914
BLK-2107,DEMO-01,775.0,20.0,192.33,32068.4,2.901
BLK-2108,DEMO-01,775.0,20.0,207.22,32068.4,2.94
BLK-2109,DEMO-01,775.0,20.0,222.11,32068.4,2.916
BLK-2110,DEMO-01,775.0,20.0,237.0,32068.4,2.929
BLK-2111,DEMO-01,775.0,63.08,103.0,32068.4,2.912
BLK-2112,DEMO-01,775.0,63.08,117.89,32068.4,2.914
BLK-2113,DEMO-01,775.0,63.08,132.78,32068.4,2.919
BLK-2114,DEMO-01,775.0,63.08,147.67,32068.4,2.973
BLK-2115,DEMO-01,775.0,63.08,162.56,32068.4,2.98
BLK-2116,DEMO-01,775.0,63.08,177.44,32068.4,2.911
BLK-2117,DEMO-01,775.0,63.08,192.33,32068.4,2.938
BLK-2118,DEMO-01,775.0,63.08,207.22,32068.4,2.912
BLK-2119,DEMO-01,775.0,63.08,222.11,32068.4,2.91
BLK-2120,DEMO-01,775.0,63.08,237.0,32068.4,2.879
BLK-2121,DEMO-01,775.0,106.15,103.0,32068.4,2.925
BLK-2122,DEMO-01,775.0,106.15,117.89,32068.4,2.921
BLK-2123,DEMO-01,775.0,106.15,132.78,32068.4,2.997
BLK-2124,DEMO-01,775.0,106.15,147.67,32068.4,3.121
BLK-2125,DEMO-01,775.0,106.15,162.56,32068.4,2.966
BLK-2126,DEMO-01,775.0,106.15,177.44,32068.4,2.913
BLK-2127,DEMO-01,775.0,106.15,192.33,32068.4,2.922
BLK-2128,DEMO-01,775.0,106.15,207.22,32068.4,2.925
BLK-2129,DEMO-01,775.0,106.15,222.11,32068.4,2.913
BLK-2130,DEMO-01,775.0,106.15,237.0,32068.4,2.929
BLK-2131,DEMO-01,775.0,149.23,103.0,32068.4,2.916
BLK-2132,DEMO-01,775.0,149.23,117.89,32068.4,2.945
BLK-2133,DEMO-01,775.0,149.23,132.78,32068.4,3.267
BLK-2134,DEMO-01,775.0,149.23,147.67,32068.4,3.25
BLK-2135,DEMO-01,775.0,149.23,162.56,32068.4,2.956
BLK-2136,DEMO-01,775.0,149.23,177.44,32068.4,2.896
BLK-2137,DEMO-01,775.0,149.23,192.33,32068.4,2.903
BLK-2138,DEMO-01,775.0,149.23,207.22,32068.4,2.89
BLK-2139,DEMO-01,775.0,149.23,222.11,32068.4,2.914
BLK-2140,DEMO-01,775.0,149.23,237.0,32068.4,2.937
BLK-2141,DEMO-01,775.0,192.31,103.0,32068.4,2.915
BLK-2142,DEMO-01,775.0,192.31,117.89,32068.4,2.959
BLK-2143,DEMO-01,775.0,192.31,132.78,32068.4,3.408
BLK-2144,DEMO-01,775.0,192.31,147.67,32068.4,3.56
BLK-2145,DEMO-01,775.0,192.31,162.56,32068.4,2.998
BLK-2146,DEMO-01,775.0,192.31,177.44,32068.4,2.909
BLK-2147,DEMO-01,775.0,192.31,192.33,32068.4,2.916
BLK-2148,DEMO-01,775.0,192.31,207.22,32068.4,2.908
BLK-2149,DEMO-01,775.0,192.31,222.11,32068.4,2.909
BLK-2150,DEMO-01,775.0,192.31,237.0,32068.4,2.929
BLK-2151,DEMO-01,775.0,235.38,103.0,32068.4,2.93
BLK-2152,DEMO-01,775.0,235.38,117.89,32068.4,2.898
BLK-2153,DEMO-01,775.0,235.38,132.78,32068.4,3.077
BLK-2154,DEMO-01,775.0,235.38,147.67,32068.4,3.742
BLK-2155,DEMO-01,775.0,235.38,162.56,32068.4,3.345
BLK-2156,DEMO-01,775.0,235.38,177.44,32068.4,2.953
BLK-2157,DEMO-01,775.0,235.38,192.33,32068.4,2.952
BLK-2158,DEMO-01,775.0,235.38,207.22,32068.4,2.91
BLK-2159,DEMO-01,775.0,235.38,222.11,32068.4,2.911
BLK-2160,DEMO-01,775.0,235.38,237.0,32068.4,2.924
BLK-2161,DEMO-01,775.0,278.46,103.0,32068.4,2.907
BLK-2162,DEMO-01,775.0,278.46,117.89,32068.4,2.915
BLK-2163,DEMO-01,775.0,278.46,132.78,32068.4,2.939
BLK-2164,DEMO-01,775.0,278.46,147.67,32068.4,3.325
BLK-2165,DEMO-01,775.0,278.46,162.56,32068.4,3.646
BLK-2166,DEMO-01,775.0,278.46,177.44,32068.4,3.038
BLK-2167,DEMO-01,775.0,278.46,192.33,32068.4,2.935
BLK-2168,DEMO-01,775.0,278.46,207.22,32068.4,2.916
BLK-2169,DEMO-01,775.0,278.46,222.11,32068.4,2.9
BLK-2170,DEMO-01,775.0,278.46,237.0,32068.4,2.913
BLK-2171,DEMO-01,775.0,321.54,103.0,32068.4,2.889
BLK-2172,DEMO-01,775.0,321.54,117.89,32068.4,2.9
BLK-2173,DEMO-01,775.0,321.54,132.78,32068.4,2.941
BLK-2174,DEMO-01,775.0,321.54,147.67,32068.4,3.208
BLK-2175,DEMO-01,775.0,321.54,162.56,32068.4,3.485
BLK-2176,DEMO-01,775.0,321.54,177.44,32068.4,3.0
BLK-2177,DEMO-01,775.0,321.54,192.33,32068.4,2.915
BLK-2178,DEMO-01,775.0,321.54,207.22,32068.4,2.91
BLK-2179,DEMO-01,775.0,321.54,222.11,32068.4,2.929
BLK-2180,DEMO-01,775.0,321.54,237.0,32068.4,2.925
BLK-2181,DEMO-01,775.0,364.62,103.0,32068.4,2.925
BLK-2182,DEMO-01,775.0,364.62,117.89,32068.4,2.937
BLK-2183,DEMO-01,775.0,364.62,132.78,32068.4,2.965
BLK-2184,DEMO-01,775.0,364.62,147.67,32068.4,3.253
BLK-2185,DEMO-01,775.0,364.62,162.56,32068.4,3.101
BLK-2186,DEMO-01,775.0,364.62,177.44,32068.4,2.915
BLK-2187,DEMO-01,775.0,364.62,192.33,32068.4,2.926
BLK-2188,DEMO-01,775.0,364.62,207.22,32068.4,2.896
BLK-2189,DEMO-01,775.0,364.62,222.11,32068.4,2.924
BLK-2190,DEMO-01,775.0,364.62,237.0,32068.4,2.918
BLK-2191,DEMO-01,775.0,407.69,103.0,32068.4,2.93
BLK-2192,DEMO-01,775.0,407.69,117.89,32068.4,2.926
BLK-2193,DEMO-01,775.0,407.69,132.78,32068.4,3.029
BLK-2194,DEMO-01,775.0,407.69,147.67,32068.4,3.049
BLK-2195,DEMO-01,775.0,407.69,162.56,32068.4,2.922
BLK-2196,DEMO-01,775.0,407.69,177.44,32068.4,2.907
BLK-2197,DEMO-01,775.0,407.69,192.33,32068.4,2.922
BLK-2198,DEMO-01,775.0,407.69,207.22,32068.4,2.916
BLK-2199,DEMO-01,775.0,407.69,222.11,32068.4,2.911
BLK-2200,DEMO-01,775.0,407.69,237.0,32068.4,2.915
BLK-2201,DEMO-01,775.0,450.77,103.0,32068.4,2.938
BLK-2202,DEMO-01,775.0,450.77,117.89,32068.4,2.925
BLK-2203,DEMO-01,775.0,450.77,132.78,32068.4,2.961
BLK-2204,DEMO-01,775.0,450.77,147.67,32068.4,2.912
BLK-2205,DEMO-01,775.0,450.77,162.56,32068.4,2.916
BLK-2206,DEMO-01,775.0,450.77,177.44,32068.4,2.925
BLK-2207,DEMO-01,775.0,450.77,192.33,32068.4,2.927
BLK-2208,DEMO-01,775.0,450.77,207.22,32068.4,2.918
BLK-2209,DEMO-01,775.0,450.77,222.11,32068.4,2.929
BLK-2210,DEMO-01,775.0,450.77,237.0,32068.4,2.926
BLK-2211,DEMO-01,775.0,493.85,103.0,32068.4,2.931
BLK-2212,DEMO-01,775.0,493.85,117.89,32068.4,2.932
BLK-2213,DEMO-01,775.0,493.85,132.78,32068.4,2.949
BLK-2214,DEMO-01,775.0,493.85,147.67,32068.4,2.919
BLK-2215,DEMO-01,775.0,493.85,162.56,32068.4,2.899
BLK-2216,DEMO-01,775.0,493.85,177.44,32068.4,2.925
BLK-2217,DEMO-01,775.0,493.85,192.33,32068.4,2.926
BLK-2218,DEMO-01,775.0,493.85,207.22,32068.4,2.937
BLK-2219,DEMO-01,775.0,493.85,222.11,32068.4,2.933
BLK-2220,DEMO-01,775.0,493.85,237.0,32068.4,2.942
BLK-2221,DEMO-01,775.0,536.92,103.0,32068.4,2.924
BLK-2222,DEMO-01,775.0,536.92,117.89,32068.4,2.919
BLK-2223,DEMO-01,775.0,536.92,132.78,32068.4,2.899
BLK-2224,DEMO-01,775.0,536.92,147.67,32068.4,2.922
BLK-2225,DEMO-01,775.0,536.92,162.56,32068.4,2.909
BLK-2226,DEMO-01,775.0,536.92,177.44,32068.4,2.919
BLK-2227,DEMO-01,775.0,536.92,192.33,32068.4,2.917
BLK-2228,DEMO-01,775.0,536.92,207.22,32068.4,2.922
BLK-2229,DEMO-01,775.0,536.92,222.11,32068.4,2.915
BLK-2230,DEMO-01,775.0,536.92,237.0,32068.4,2.929
BLK-2231,DEMO-01,775.0,580.0,103.0,32068.4,2.88
BLK-2232,DEMO-01,775.0,580.0,117.89,32068.4,2.919
BLK-2233,DEMO-01,775.0,580.0,132.78,32068.4,2.932
BLK-2234,DEMO-01,775.0,580.0,147.67,32068.4,2.941
BLK-2235,DEMO-01,775.0,580.0,162.56,32068.4,2.926
BLK-2236,DEMO-01,775.0,580.0,177.44,32068.4,2.938
BLK-2237,DEMO-01,775.0,580.0,192.33,32068.4,2.918
BLK-2238,DEMO-01,775.0,580.0,207.22,32068.4,2.916
BLK-2239,DEMO-01,775.0,580.0,222.11,32068.4,2.923
BLK-2240,DEMO-01,775.0,580.0,237.0,32068.4,2.916
