date,mine_id,equipment_id,equipment_type,downtime_h,availability,failure,repair_h
2023-01-01,DEMO-01,SH-01,shovel,1.88,0.922,0,0.0
2023-01-02,DEMO-01,SH-01,shovel,2.62,0.891,0,0.0
2023-01-03,DEMO-01,SH-01,shovel,1.12,0.953,0,0.0
2023-01-04,DEMO-01,SH-01,shovel,1.98,0.918,0,0.0
2023-01-05,DEMO-01,SH-01,shovel,3.78,0.842,0,0.0
2023-01-06,DEMO-01,SH-01,shovel,2.05,0.915,0,0.0
2023-01-07,DEMO-01,SH-01,shovel,1.42,0.941,0,0.0
2023-01-08,DEMO-01,SH-01,shovel,2.68,0.888,0,0.0
2023-01-09,DEMO-01,SH-01,shovel,3.74,0.844,0,0.0
2023-01-10,DEMO-01,SH-01,shovel,4.01,0.833,0,0.0
2023-01-11,DEMO-01,SH-01,shovel,1.71,0.929,0,0.0
2023-01-12,DEMO-01,SH-01,shovel,2.26,0.906,0,0.0
2023-01-13,DEMO-01,SH-01,shovel,0.8,0.966,0,0.0
2023-01-14,DEMO-01,SH-01,shovel,2.25,0.906,0,0.0
2023-01-15,DEMO-01,SH-01,shovel,0.85,0.965,0,0.0
2023-01-16,DEMO-01,SH-01,shovel,0.2,0.992,0,0.0
2023-01-17,DEMO-01,SH-01,shovel,1.78,0.926,0,0.0
2023-01-18,DEMO-01,SH-01,shovel,1.86,0.923,0,0.0
2023-01-19,DEMO-01,SH-01,shovel,4.84,0.798,1,3.75
2023-01-20,DEMO-01,SH-01,shovel,1.76,0.927,0,0.0
2023-01-21,DEMO-01,SH-01,shovel,0.52,0.978,0,0.0
2023-01-22,DEMO-01,SH-01,shovel,1.86,0.923,0,0.0
2023-01-23,DEMO-01,SH-01,shovel,2.88,0.88,0,0.0
2023-01-24,DEMO-01,SH-01,shovel,0.24,0.99,0,0.0
2023-01-25,DEMO-01,SH-01,shovel,1.4,0.942,0,0.0
2023-01-26,DEMO-01,SH-01,shovel,0.82,0.966,0,0.0
2023-01-27,DEMO-01,SH-01,shovel,1.2,0.95,0,0.0
2023-01-28,DEMO-01,SH-01,shovel,1.17,0.951,0,0.0
2023-01-29,DEMO-01,SH-01,shovel,1.68,0.93,0,0.0
2023-01-30,DEMO-01,SH-01,shovel,0.81,0.966,0,0.0
2023-01-31,DEMO-01,SH-01,shovel,4.96,0.793,1,3.8
2023-02-01,DEMO-01,SH-01,shovel,5.08,0.788,0,0.0
2023-02-02,DEMO-01,SH-01,shovel,1.39,0.942,0,0.0
2023-02-03,DEMO-01,SH-01,shovel,0.73,0.97,0,0.0
2023-02-04,DEMO-01,SH-01,shovel,1.11,0.954,0,0.0
2023-02-05,DEMO-01,SH-01,shovel,1.88,0.922,0,0.0
2023-02-06,DEMO-01,SH-01,shovel,2.26,0.906,0,0.0
2023-02-07,DEMO-01,SH-01,shovel,0.69,0.971,0,0.0
2023-02-08,DEMO-01,SH-01,shovel,2.11,0.912,0,0.0
2023-02-09,DEMO-01,SH-01,shovel,1.99,0.917,0,0.0
2023-02-10,DEMO-01,SH-01,shovel,4.45,0.815,0,0.0
2023-02-11,DEMO-01,SH-01,shovel,7.06,0.706,1,6.42
2023-02-12,DEMO-01,SH-01,shovel,4.7,0.804,0,0.0
2023-02-13,DEMO-01,SH-01,shovel,0.68,0.972,0,0.0
2023-02-14,DEMO-01,SH-01,shovel,0.3,0.988,0,0.0
2023-02-15,DEMO-01,SH-01,shovel,2.83,0.882,0,0.0
2023-02-16,DEMO-01,SH-01,shovel,1.82,0.924,0,0.0
2023-02-17,DEMO-01,SH-01,shovel,1.88,0.922,0,0.0
2023-02-18,DEMO-01,SH-01,shovel,1.14,0.953,0,0.0
2023-02-19,DEMO-01,SH-01,shovel,1.06,0.956,0,0.0
2023-02-20,DEMO-01,SH-01,shovel,1.96,0.918,0,0.0
2023-02-21,DEMO-01,SH-01,shovel,0.31,0.987,0,0.0
2023-02-22,DEMO-01,SH-01,shovel,1.31,0.945,0,0.0
2023-02-23,DEMO-01,SH-01,shovel,2.64,0.89,0,0.0
2023-02-24,DEMO-01,SH-01,shovel,2.1,0.912,0,0.0
2023-02-25,DEMO-01,SH-01,shovel,1.53,0.936,0,0.0
2023-02-26,DEMO-01,SH-01,shovel,0.65,0.973,0,0.0
2023-02-27,DEMO-01,SH-01,shovel,0.17,0.993,0,0.0
2023-02-28,DEMO-01,SH-01,shovel,0.58,0.976,0,0.0
2023-03-01,DEMO-01,SH-01,shovel,4.55,0.81,0,0.0
2023-03-02,DEMO-01,SH-01,shovel,0.68,0.972,0,0.0
2023-03-03,DEMO-01,SH-01,shovel,1.74,0.927,0,0.0
2023-03-04,DEMO-01,SH-01,shovel,5.61,0.766,0,0.0
2023-03-05,DEMO-01,SH-01,shovel,1.83,0.924,0,0.0
2023-03-06,DEMO-01,SH-01,shovel,2.56,0.893,0,0.0
2023-03-07,DEMO-01,SH-01,shovel,0.99,0.959,0,0.0
2023-03-08,DEMO-01,SH-01,shovel,2.84,0.882,0,0.0
2023-03-09,DEMO-01,SH-01,shovel,2.96,0.877,0,0.0
2023-03-10,DEMO-01,SH-01,shovel,0.32,0.987,0,0.0
2023-03-11,DEMO-01,SH-01,shovel,0.85,0.964,0,0.0
2023-03-12,DEMO-01,SH-01,shovel,1.22,0.949,0,0.0
2023-03-13,DEMO-01,SH-01,shovel,5.78,0.759,1,4.68
2023-03-14,DEMO-01,SH-01,shovel,2.47,0.897,0,0.0
2023-03-15,DEMO-01,SH-01,shovel,1.32,0.945,0,0.0
2023-03-16,DEMO-01,SH-01,shovel,1.29,0.946,0,0.0
2023-03-17,DEMO-01,SH-01,shovel,1.2,0.95,0,0.0
2023-03-18,DEMO-01,SH-01,shovel,1.15,0.952,0,0.0
2023-03-19,DEMO-01,SH-01,shovel,0.83,0.966,0,0.0
2023-03-20,DEMO-01,SH-01,shovel,0.81,0.966,0,0.0
2023-03-21,DEMO-01,SH-01,shovel,1.38,0.942,0,0.0
2023-03-22,DEMO-01,SH-01,shovel,2.22,0.907,0,0.0
2023-03-23,DEMO-01,SH-01,shovel,1.55,0.935,0,0.0
2023-03-24,DEMO-01,SH-01,shovel,0.46,0.981,0,0.0
2023-03-25,DEMO-01,SH-01,shovel,3.48,0.855,0,0.0
2023-03-26,DEMO-01,SH-01,shovel,0.38,0.984,0,0.0
2023-03-27,DEMO-01,SH-01,shovel,1.92,0.92,0,0.0
2023-03-28,DEMO-01,SH-01,shovel,6.85,0.714,1,6.74
2023-03-29,DEMO-01,SH-01,shovel,1.79,0.926,0,0.0
2023-03-30,DEMO-01,SH-01,shovel,0.93,0.961,0,0.0
2023-03-31,DEMO-01,SH-01,shovel,2.49,0.896,0,0.0
2023-04-01,DEMO-01,SH-01,shovel,2.98,0.876,0,0.0
2023-04-02,DEMO-01,SH-01,shovel,0.6,0.975,0,0.0
2023-04-03,DEMO-01,SH-01,shovel,0.32,0.987,0,0.0
2023-04-04,DEMO-01,SH-01,shovel,1.3,0.946,0,0.0
2023-04-05,DEMO-01,SH-01,shovel,0.65,0.973,0,0.0
2023-04-06,DEMO-01,SH-01,shovel,0.83,0.965,0,0.0
2023-04-07,DEMO-01,SH-01,shovel,2.61,0.891,0,0.0
2023-04-08,DEMO-01,SH-01,shovel,1.93,0.92,0,0.0
2023-04-09,DEMO-01,SH-01,shovel,1.13,0.953,0,0.0
2023-04-10,DEMO-01,SH-01,shovel,0.81,0.966,0,0.0
2023-04-11,DEMO-01,SH-01,shovel,0.91,0.962,0,0.0
2023-04-12,DEMO-01,SH-01,shovel,1.72,0.928,0,0.0
2023-04-13,DEMO-01,SH-01,shovel,2.13,0.911,0,0.0
2023-04-14,DEMO-01,SH-01,shovel,1.67,0.93,0,0.0
2023-04-15,DEMO-01,SH-01,shovel,3.09,0.871,0,0.0
2023-04-16,DEMO-01,SH-01,shovel,2.08,0.913,0,0.0
2023-04-17,DEMO-01,SH-01,shovel,2.66,0.889,0,0.0
2023-04-18,DEMO-01,SH-01,shovel,2.46,0.897,0,0.0
2023-04-19,DEMO-01,SH-01,shovel,0.84,0.965,0,0.0
2023-04-20,DEMO-01,SH-01,shovel,1.11,0.954,0,0.0
2023-04-21,DEMO-01,SH-01,shovel,0.52,0.978,0,0.0
2023-04-22,DEMO-01,SH-01,shovel,1.08,0.955,0,0.0
2023-04-23,DEMO-01,SH-01,shovel,2.14,0.911,0,0.0
2023-04-24,DEMO-01,SH-01,shovel,1.9,0.921,0,0.0
2023-04-25,DEMO-01,SH-01,shovel,11.04,0.54,1,9.82
2023-04-26,DEMO-01,SH-01,shovel,1.89,0.921,0,0.0
2023-04-27,DEMO-01,SH-01,shovel,3.24,0.865,0,0.0
2023-04-28,DEMO-01,SH-01,shovel,8.39,0.65,1,8.48
2023-04-29,DEMO-01,SH-01,shovel,0.73,0.969,0,0.0
2023-04-30,DEMO-01,SH-01,shovel,1.17,0.951,0,0.0
2023-05-01,DEMO-01,SH-01,shovel,0.58,0.976,0,0.0
2023-05-02,DEMO-01,SH-01,shovel,1.15,0.952,0,0.0
2023-05-03,DEMO-01,SH-01,shovel,0.44,0.982,0,0.0
2023-05-04,DEMO-01,SH-01,shovel,4.31,0.82,0,0.0
2023-05-05,DEMO-01,SH-01,shovel,1.84,0.923,0,0.0
2023-05-06,DEMO-01,SH-01,shovel,0.41,0.983,0,0.0
2023-05-07,DEMO-01,SH-01,shovel,2.64,0.89,0,0.0
2023-05-08,DEMO-01,SH-01,shovel,1.22,0.949,0,0.0
2023-05-09,DEMO-01,SH-01,shovel,1.66,0.931,0,0.0
2023-05-10,DEMO-01,SH-01,shovel,1.36,0.943,0,0.0
2023-05-11,DEMO-01,SH-01,shovel,1.19,0.951,0,0.0
2023-05-12,DEMO-01,SH-01,shovel,7.19,0.7,1,6.84
2023-05-13,DEMO-01,SH-01,shovel,0.85,0.965,0,0.0
2023-05-14,DEMO-01,SH-01,shovel,2.18,0.909,0,0.0
2023-05-15,DEMO-01,SH-01,shovel,3.97,0.835,0,0.0
2023-05-16,DEMO-01,SH-01,shovel,3.08,0.871,0,0.0
2023-05-17,DEMO-01,SH-01,shovel,1.42,0.941,0,0.0
2023-05-18,DEMO-01,SH-01,shovel,3.41,0.858,0,0.0
2023-05-19,DEMO-01,SH-01,shovel,3.14,0.869,0,0.0
2023-05-20,DEMO-01,SH-01,shovel,1.19,0.95,0,0.0
2023-05-21,DEMO-01,SH-01,shovel,0.43,0.982,0,0.0
2023-05-22,DEMO-01,SH-01,shovel,1.65,0.931,0,0.0
2023-05-23,DEMO-01,SH-01,shovel,2.01,0.916,0,0.0
2023-05-24,DEMO-01,SH-01,shovel,1.35,0.944,0,0.0
2023-05-25,DEMO-01,SH-01,shovel,2.68,0.888,0,0.0
2023-05-26,DEMO-01,SH-01,shovel,0.36,0.985,0,0.0
2023-05-27,DEMO-01,SH-01,shovel,2.73,0.886,0,0.0
2023-05-28,DEMO-01,SH-01,shovel,0.57,0.976,0,0.0
2023-05-29,DEMO-01,SH-01,shovel,0.99,0.959,0,0.0
2023-05-30,DEMO-01,SH-01,shovel,3.05,0.873,0,0.0
2023-05-31,DEMO-01,SH-01,shovel,6.63,0.724,0,0.0
2023-06-01,DEMO-01,SH-01,shovel,1.85,0.923,0,0.0
2023-06-02,DEMO-01,SH-01,shovel,2.81,0.883,0,0.0
2023-06-03,DEMO-01,SH-01,shovel,3.1,0.871,0,0.0
2023-06-04,DEMO-01,SH-01,shovel,4.4,0.817,0,0.0
2023-06-05,DEMO-01,SH-01,shovel,0.29,0.988,0,0.0
2023-06-06,DEMO-01,SH-01,shovel,2.35,0.902,0,0.0
2023-06-07,DEMO-01,SH-01,shovel,3.14,0.869,0,0.0
2023-06-08,DEMO-01,SH-01,shovel,1.05,0.956,0,0.0
2023-06-09,DEMO-01,SH-01,shovel,0.76,0.968,0,0.0
2023-06-10,DEMO-01,SH-01,shovel,5.07,0.789,0,0.0
2023-06-11,DEMO-01,SH-01,shovel,1.38,0.943,0,0.0
2023-06-12,DEMO-01,SH-01,shovel,2.07,0.914,0,0.0
2023-06-13,DEMO-01,SH-01,shovel,1.72,0.928,0,0.0
2023-06-14,DEMO-01,SH-01,shovel,0.73,0.97,0,0.0
2023-06-15,DEMO-01,SH-01,shovel,1.92,0.92,0,0.0
2023-06-16,DEMO-01,SH-01,shovel,0.59,0.976,0,0.0
2023-06-17,DEMO-01,SH-01,shovel,7.81,0.675,1,6.84
2023-06-18,DEMO-01,SH-01,shovel,8.87,0.631,0,0.0
2023-06-19,DEMO-01,SH-01,shovel,2.62,0.891,0,0.0
2023-06-20,DEMO-01,SH-01,shovel,0.16,0.993,0,0.0
2023-06-21,DEMO-01,SH-01,shovel,2.16,0.91,0,0.0
2023-06-22,DEMO-01,SH-01,shovel,2.21,0.908,0,0.0
2023-06-23,DEMO-01,SH-01,shovel,8.3,0.654,0,0.0
2023-06-24,DEMO-01,SH-01,shovel,1.01,0.958,0,0.0
2023-06-25,DEMO-01,SH-01,shovel,2.38,0.901,0,0.0
2023-06-26,DEMO-01,SH-01,shovel,6.21,0.741,0,0.0
2023-06-27,DEMO-01,SH-01,shovel,1.37,0.943,0,0.0
2023-06-28,DEMO-01,SH-01,shovel,9.34,0.611,0,0.0
2023-06-29,DEMO-01,SH-01,shovel,0.56,0.977,0,0.0
2023-06-30,DEMO-01,SH-01,shovel,8.41,0.649,0,0.0
2023-07-01,DEMO-01,SH-01,shovel,6.53,0.728,0,0.0
2023-07-02,DEMO-01,SH-01,shovel,2.8,0.883,0,0.0
2023-07-03,DEMO-01,SH-01,shovel,1.31,0.945,0,0.0
2023-07-04,DEMO-01,SH-01,shovel,6.18,0.742,0,0.0
2023-07-05,DEMO-01,SH-01,shovel,0.46,0.981,0,0.0
2023-07-06,DEMO-01,SH-01,shovel,0.84,0.965,0,0.0
2023-07-07,DEMO-01,SH-01,shovel,6.98,0.709,0,0.0
2023-07-08,DEMO-01,SH-01,shovel,4.38,0.818,0,0.0
2023-07-09,DEMO-01,SH-01,shovel,5.58,0.768,0,0.0
2023-07-10,DEMO-01,SH-01,shovel,3.83,0.84,0,0.0
2023-07-11,DEMO-01,SH-01,shovel,2.22,0.908,0,0.0
2023-07-12,DEMO-01,SH-01,shovel,5.81,0.758,0,0.0
2023-07-13,DEMO-01,SH-01,shovel,8.88,0.63,0,0.0
2023-07-14,DEMO-01,SH-01,shovel,0.95,0.96,0,0.0
2023-07-15,DEMO-01,SH-01,shovel,3.36,0.86,0,0.0
2023-07-16,DEMO-01,SH-01,shovel,13.05,0.456,0,0.0
2023-07-17,DEMO-01,SH-01,shovel,5.4,0.775,0,0.0
2023-07-18,DEMO-01,SH-01,shovel,11.57,0.518,0,0.0
2023-07-19,DEMO-01,SH-01,shovel,10.11,0.579,1,6.12
2023-07-20,DEMO-01,SH-01,shovel,12.04,0.498,0,0.0
2023-07-21,DEMO-01,SH-01,shovel,7.64,0.682,0,0.0
2023-07-22,DEMO-01,SH-01,shovel,3.38,0.859,0,0.0
2023-07-23,DEMO-01,SH-01,shovel,1.1,0.954,0,0.0
2023-07-24,DEMO-01,SH-01,shovel,8.19,0.659,0,0.0
2023-07-25,DEMO-01,SH-01,shovel,1.27,0.947,0,0.0
2023-07-26,DEMO-01,SH-01,shovel,16.71,0.304,0,0.0
2023-07-27,DEMO-01,SH-01,shovel,10.97,0.543,0,0.0
2023-07-28,DEMO-01,SH-01,shovel,4.28,0.822,0,0.0
2023-07-29,DEMO-01,SH-01,shovel,3.11,0.87,0,0.0
2023-07-30,DEMO-01,SH-01,shovel,4.17,0.826,0,0.0
2023-07-31,DEMO-01,SH-01,shovel,2.62,0.891,0,0.0
2023-08-01,DEMO-01,SH-01,shovel,1.28,0.947,0,0.0
2023-08-02,DEMO-01,SH-01,shovel,3.14,0.869,0,0.0
2023-08-03,DEMO-01,SH-01,shovel,8.2,0.658,0,0.0
2023-08-04,DEMO-01,SH-01,shovel,9.21,0.616,0,0.0
2023-08-05,DEMO-01,SH-01,shovel,7.02,0.708,0,0.0
2023-08-06,DEMO-01,SH-01,shovel,1.19,0.951,0,0.0
2023-08-07,DEMO-01,SH-01,shovel,0.69,0.971,0,0.0
2023-08-08,DEMO-01,SH-01,shovel,0.4,0.983,0,0.0
2023-08-09,DEMO-01,SH-01,shovel,5.3,0.779,0,0.0
2023-08-10,DEMO-01,SH-01,shovel,1.22,0.949,0,0.0
2023-08-11,DEMO-01,SH-01,shovel,1.49,0.938,0,0.0
2023-08-12,DEMO-01,SH-01,shovel,1.71,0.929,0,0.0
2023-08-13,DEMO-01,SH-01,shovel,7.08,0.705,0,0.0
2023-08-14,DEMO-01,SH-01,shovel,2.94,0.877,0,0.0
2023-08-15,DEMO-01,SH-01,shovel,0.58,0.976,0,0.0
2023-08-16,DEMO-01,SH-01,shovel,1.57,0.935,0,0.0
2023-08-17,DEMO-01,SH-01,shovel,0.73,0.97,0,0.0
2023-08-18,DEMO-01,SH-01,shovel,3.64,0.848,0,0.0
2023-08-19,DEMO-01,SH-01,shovel,1.54,0.936,0,0.0
2023-08-20,DEMO-01,SH-01,shovel,10.86,0.547,1,9.73
2023-08-21,DEMO-01,SH-01,shovel,1.32,0.945,0,0.0
2023-08-22,DEMO-01,SH-01,shovel,1.64,0.932,0,0.0
2023-08-23,DEMO-01,SH-01,shovel,2.73,0.886,0,0.0
2023-08-24,DEMO-01,SH-01,shovel,1.9,0.921,0,0.0
2023-08-25,DEMO-01,SH-01,shovel,4.93,0.795,0,0.0
2023-08-26,DEMO-01,SH-01,shovel,6.12,0.745,0,0.0
2023-08-27,DEMO-01,SH-01,shovel,1.03,0.957,0,0.0
2023-08-28,DEMO-01,SH-01,shovel,0.44,0.982,0,0.0
2023-08-29,DEMO-01,SH-01,shovel,1.96,0.918,0,0.0
2023-08-30,DEMO-01,SH-01,shovel,5.38,0.776,0,0.0
2023-08-31,DEMO-01,SH-01,shovel,6.28,0.739,1,2.85
2023-09-01,DEMO-01,SH-01,shovel,2.94,0.877,0,0.0
2023-09-02,DEMO-01,SH-01,shovel,1.32,0.945,0,0.0
2023-09-03,DEMO-01,SH-01,shovel,2.7,0.888,0,0.0
2023-09-04,DEMO-01,SH-01,shovel,0.66,0.972,0,0.0
2023-09-05,DEMO-01,SH-01,shovel,4.11,0.829,0,0.0
2023-09-06,DEMO-01,SH-01,shovel,1.6,0.933,0,0.0
2023-09-07,DEMO-01,SH-01,shovel,5.22,0.782,1,5.26
2023-09-08,DEMO-01,SH-01,shovel,1.18,0.951,0,0.0
2023-09-09,DEMO-01,SH-01,shovel,2.18,0.909,0,0.0
2023-09-10,DEMO-01,SH-01,shovel,0.49,0.979,0,0.0
2023-09-11,DEMO-01,SH-01,shovel,1.92,0.92,0,0.0
2023-09-12,DEMO-01,SH-01,shovel,1.47,0.939,0,0.0
2023-09-13,DEMO-01,SH-01,shovel,2.86,0.881,0,0.0
2023-09-14,DEMO-01,SH-01,shovel,1.72,0.928,0,0.0
2023-09-15,DEMO-01,SH-01,shovel,2.62,0.891,0,0.0
2023-09-16,DEMO-01,SH-01,shovel,3.49,0.855,0,0.0
2023-09-17,DEMO-01,SH-01,shovel,0.98,0.959,0,0.0
2023-09-18,DEMO-01,SH-01,shovel,3.81,0.841,0,0.0
2023-09-19,DEMO-01,SH-01,shovel,1.95,0.919,0,0.0
2023-09-20,DEMO-01,SH-01,shovel,5.89,0.755,0,0.0
2023-09-21,DEMO-01,SH-01,shovel,0.69,0.971,0,0.0
2023-09-22,DEMO-01,SH-01,shovel,1.3,0.946,0,0.0
2023-09-23,DEMO-01,SH-01,shovel,1.24,0.948,0,0.0
2023-09-24,DEMO-01,SH-01,shovel,0.24,0.99,0,0.0
2023-09-25,DEMO-01,SH-01,shovel,0.38,0.984,0,0.0
2023-09-26,DEMO-01,SH-01,shovel,0.54,0.977,0,0.0
2023-09-27,DEMO-01,SH-01,shovel,8.96,0.627,1,9.02
2023-09-28,DEMO-01,SH-01,shovel,1.2,0.95,0,0.0
2023-09-29,DEMO-01,SH-01,shovel,3.59,0.85,0,0.0
2023-09-30,DEMO-01,SH-01,shovel,0.16,0.993,0,0.0
2023-10-01,DEMO-01,SH-01,shovel,2.18,0.909,0,0.0
2023-10-02,DEMO-01,SH-01,shovel,0.44,0.982,0,0.0
2023-10-03,DEMO-01,SH-01,shovel,1.6,0.933,0,0.0
2023-10-04,DEMO-01,SH-01,shovel,1.99,0.917,0,0.0
2023-10-05,DEMO-01,SH-01,shovel,0.69,0.971,0,0.0
2023-10-06,DEMO-01,SH-01,shovel,1.63,0.932,1,1.67
2023-10-07,DEMO-01,SH-01,shovel,6.09,0.746,1,6.62
2023-10-08,DEMO-01,SH-01,shovel,1.29,0.946,0,0.0
2023-10-09,DEMO-01,SH-01,shovel,3.17,0.868,0,0.0
2023-10-10,DEMO-01,SH-01,shovel,2.48,0.897,0,0.0
2023-10-11,DEMO-01,SH-01,shovel,0.66,0.972,0,0.0
2023-10-12,DEMO-01,SH-01,shovel,1.83,0.924,0,0.0
2023-10-13,DEMO-01,SH-01,shovel,1.16,0.952,0,0.0
2023-10-14,DEMO-01,SH-01,shovel,0.29,0.988,0,0.0
2023-10-15,DEMO-01,SH-01,shovel,2.68,0.888,0,0.0
2023-10-16,DEMO-01,SH-01,shovel,0.54,0.978,0,0.0
2023-10-17,DEMO-01,SH-01,shovel,0.76,0.968,0,0.0
2023-10-18,DEMO-01,SH-01,shovel,4.86,0.798,0,0.0
2023-10-19,DEMO-01,SH-01,shovel,5.6,0.767,0,0.0
2023-10-20,DEMO-01,SH-01,shovel,1.63,0.932,0,0.0
2023-10-21,DEMO-01,SH-01,shovel,2.27,0.905,0,0.0
2023-10-22,DEMO-01,SH-01,shovel,0.78,0.967,0,0.0
2023-10-23,DEMO-01,SH-01,shovel,2.84,0.882,0,0.0
2023-10-24,DEMO-01,SH-01,shovel,1.58,0.934,0,0.0
2023-10-25,DEMO-01,SH-01,shovel,2.42,0.899,0,0.0
2023-10-26,DEMO-01,SH-01,shovel,0.85,0.964,0,0.0
2023-10-27,DEMO-01,SH-01,shovel,0.37,0.985,0,0.0
2023-10-28,DEMO-01,SH-01,shovel,2.68,0.888,0,0.0
2023-10-29,DEMO-01,SH-01,shovel,0.45,0.981,0,0.0
2023-10-30,DEMO-01,SH-01,shovel,0.23,0.99,0,0.0
2023-10-31,DEMO-01,SH-01,shovel,0.76,0.969,0,0.0
2023-11-01,DEMO-01,SH-01,shovel,1.64,0.932,0,0.0
2023-11-02,DEMO-01,SH-01,shovel,0.75,0.969,0,0.0
2023-11-03,DEMO-01,SH-01,shovel,1.54,0.936,0,0.0
2023-11-04,DEMO-01,SH-01,shovel,1.52,0.937,0,0.0
2023-11-05,DEMO-01,SH-01,shovel,2.37,0.901,0,0.0
2023-11-06,DEMO-01,SH-01,shovel,0.5,0.979,0,0.0
2023-11-07,DEMO-01,SH-01,shovel,4.4,0.817,0,0.0
2023-11-08,DEMO-01,SH-01,shovel,1.01,0.958,0,0.0
2023-11-09,DEMO-01,SH-01,shovel,1.09,0.955,0,0.0
2023-11-10,DEMO-01,SH-01,shovel,1.28,0.947,0,0.0
2023-11-11,DEMO-01,SH-01,shovel,2.18,0.909,0,0.0
2023-11-12,DEMO-01,SH-01,shovel,1.59,0.934,0,0.0
2023-11-13,DEMO-01,SH-01,shovel,3.36,0.86,0,0.0
2023-11-14,DEMO-01,SH-01,shovel,0.34,0.986,0,0.0
2023-11-15,DEMO-01,SH-01,shovel,0.23,0.99,0,0.0
2023-11-16,DEMO-01,SH-01,shovel,3.02,0.874,0,0.0
2023-11-17,DEMO-01,SH-01,shovel,1.14,0.953,0,0.0
2023-11-18,DEMO-01,SH-01,shovel,1.74,0.927,0,0.0
2023-11-19,DEMO-01,SH-01,shovel,5.74,0.761,0,0.0
2023-11-20,DEMO-01,SH-01,shovel,1.88,0.922,0,0.0
2023-11-21,DEMO-01,SH-01,shovel,3.59,0.851,0,0.0
2023-11-22,DEMO-01,SH-01,shovel,1.14,0.952,0,0.0
2023-11-23,DEMO-01,SH-01,shovel,2.22,0.907,0,0.0
2023-11-24,DEMO-01,SH-01,shovel,0.53,0.978,0,0.0
2023-11-25,DEMO-01,SH-01,shovel,3.56,0.852,0,0.0
2023-11-26,DEMO-01,SH-01,shovel,3.37,0.86,0,0.0
2023-11-27,DEMO-01,SH-01,shovel,9.55,0.602,1,6.63
2023-11-28,DEMO-01,SH-01,shovel,0.68,0.972,0,0.0
2023-11-29,DEMO-01,SH-01,shovel,2.42,0.899,0,0.0
2023-11-30,DEMO-01,SH-01,shovel,4.13,0.828,0,0.0
2023-12-01,DEMO-01,SH-01,shovel,1.06,0.956,0,0.0
2023-12-02,DEMO-01,SH-01,shovel,2.58,0.892,0,0.0
2023-12-03,DEMO-01,SH-01,shovel,1.45,0.94,0,0.0
2023-12-04,DEMO-01,SH-01,shovel,0.09,0.996,0,0.0
2023-12-05,DEMO-01,SH-01,shovel,0.52,0.978,0,0.0
2023-12-06,DEMO-01,SH-01,shovel,1.22,0.949,0,0.0
2023-12-07,DEMO-01,SH-01,shovel,0.69,0.971,0,0.0
2023-12-08,DEMO-01,SH-01,shovel,0.48,0.98,0,0.0
2023-12-09,DEMO-01,SH-01,shovel,1.11,0.954,0,0.0
2023-12-10,DEMO-01,SH-01,shovel,0.35,0.986,0,0.0
2023-12-11,DEMO-01,SH-01,shovel,0.47,0.981,0,0.0
2023-12-12,DEMO-01,SH-01,shovel,3.65,0.848,0,0.0
2023-12-13,DEMO-01,SH-01,shovel,0.27,0.989,0,0.0
2023-12-14,DEMO-01,SH-01,shovel,1.94,0.919,0,0.0
2023-12-15,DEMO-01,SH-01,shovel,0.58,0.976,0,0.0
2023-12-16,DEMO-01,SH-01,shovel,0.88,0.963,0,0.0
2023-12-17,DEMO-01,SH-01,shovel,1.61,0.933,0,0.0
2023-12-18,DEMO-01,SH-01,shovel,1.57,0.935,0,0.0
2023-12-19,DEMO-01,SH-01,shovel,0.79,0.967,0,0.0
2023-12-20,DEMO-01,SH-01,shovel,3.31,0.862,0,0.0
2023-12-21,DEMO-01,SH-01,shovel,4.71,0.804,0,0.0
2023-12-22,DEMO-01,SH-01,shovel,1.39,0.942,0,0.0
2023-12-23,DEMO-01,SH-01,shovel,1.68,0.93,0,0.0
2023-12-24,DEMO-01,SH-01,shovel,1.13,0.953,0,0.0
2023-12-25,DEMO-01,SH-01,shovel,6.93,0.711,1,6.83
2023-12-26,DEMO-01,SH-01,shovel,0.79,0.967,0,0.0
2023-12-27,DEMO-01,SH-01,shovel,0.23,0.99,0,0.0
2023-12-28,DEMO-01,SH-01,shovel,0.6,0.975,0,0.0
2023-12-29,DEMO-01,SH-01,shovel,0.48,0.98,0,0.0
2023-12-30,DEMO-01,SH-01,shovel,1.05,0.956,0,0.0
2023-12-31,DEMO-01,SH-01,shovel,1.61,0.933,0,0.0
2024-01-01,DEMO-01,SH-01,shovel,0.94,0.961,0,0.0
2024-01-02,DEMO-01,SH-01,shovel,1.14,0.953,0,0.0
2024-01-03,DEMO-01,SH-01,shovel,0.74,0.969,0,0.0
2024-01-04,DEMO-01,SH-01,shovel,2.16,0.91,0,0.0
2024-01-05,DEMO-01,SH-01,shovel,1.9,0.921,0,0.0
2024-01-06,DEMO-01,SH-01,shovel,0.47,0.981,0,0.0
2024-01-07,DEMO-01,SH-01,shovel,0.88,0.963,0,0.0
2024-01-08,DEMO-01,SH-01,shovel,1.72,0.928,0,0.0
2024-01-09,DEMO-01,SH-01,shovel,3.26,0.864,1,3.38
2024-01-10,DEMO-01,SH-01,shovel,8.28,0.655,1,7.99
2024-01-11,DEMO-01,SH-01,shovel,0.77,0.968,0,0.0
2024-01-12,DEMO-01,SH-01,shovel,0.44,0.982,0,0.0
2024-01-13,DEMO-01,SH-01,shovel,1.15,0.952,0,0.0
2024-01-14,DEMO-01,SH-01,shovel,1.72,0.928,0,0.0
2024-01-15,DEMO-01,SH-01,shovel,1.49,0.938,0,0.0
2024-01-16,DEMO-01,SH-01,shovel,0.86,0.964,0,0.0
2024-01-17,DEMO-01,SH-01,shovel,4.73,0.803,0,0.0
2024-01-18,DEMO-01,SH-01,shovel,0.86,0.964,0,0.0
2024-01-19,DEMO-01,SH-01,shovel,1.12,0.953,0,0.0
2024-01-20,DEMO-01,SH-01,shovel,0.56,0.977,0,0.0
2024-01-21,DEMO-01,SH-01,shovel,2.0,0.917,0,0.0
2024-01-22,DEMO-01,SH-01,shovel,10.82,0.549,1,9.84
2024-01-23,DEMO-01,SH-01,shovel,3.44,0.857,0,0.0
2024-01-24,DEMO-01,SH-01,shovel,0.56,0.977,0,0.0
2024-01-25,DEMO-01,SH-01,shovel,0.64,0.973,0,0.0
2024-01-26,DEMO-01,SH-01,shovel,1.66,0.931,0,0.0
2024-01-27,DEMO-01,SH-01,shovel,7.99,0.667,1,8.65
2024-01-28,DEMO-01,SH-01,shovel,2.83,0.882,0,0.0
2024-01-29,DEMO-01,SH-01,shovel,0.69,0.971,0,0.0
2024-01-30,DEMO-01,SH-01,shovel,1.47,0.939,0,0.0
2024-01-31,DEMO-01,SH-01,shovel,2.22,0.908,0,0.0
2024-02-01,DEMO-01,SH-01,shovel,0.92,0.962,0,0.0
2024-02-02,DEMO-01,SH-01,shovel,1.81,0.925,0,0.0
2024-02-03,DEMO-01,SH-01,shovel,1.11,0.954,0,0.0
2024-02-04,DEMO-01,SH-01,shovel,2.02,0.916,0,0.0
2024-02-05,DEMO-01,SH-01,shovel,2.13,0.911,0,0.0
2024-02-06,DEMO-01,SH-01,shovel,4.43,0.816,0,0.0
2024-02-07,DEMO-01,SH-01,shovel,2.86,0.881,0,0.0
2024-02-08,DEMO-01,SH-01,shovel,0.47,0.98,0,0.0
2024-02-09,DEMO-01,SH-01,shovel,1.08,0.955,0,0.0
2024-02-10,DEMO-01,SH-01,shovel,1.37,0.943,0,0.0
2024-02-11,DEMO-01,SH-01,shovel,1.87,0.922,0,0.0
2024-02-12,DEMO-01,SH-01,shovel,9.02,0.624,1,7.63
2024-02-13,DEMO-01,SH-01,shovel,0.47,0.98,0,0.0
2024-02-14,DEMO-01,SH-01,shovel,4.94,0.794,0,0.0
2024-02-15,DEMO-01,SH-01,shovel,0.68,0.972,0,0.0
2024-02-16,DEMO-01,SH-01,shovel,1.69,0.929,0,0.0
2024-02-17,DEMO-01,SH-01,shovel,1.06,0.956,0,0.0
2024-02-18,DEMO-01,SH-01,shovel,0.73,0.97,0,0.0
2024-02-19,DEMO-01,SH-01,shovel,3.29,0.863,0,0.0
2024-02-20,DEMO-01,SH-01,shovel,2.6,0.892,0,0.0
2024-02-21,DEMO-01,SH-01,shovel,1.01,0.958,0,0.0
2024-02-22,DEMO-01,SH-01,shovel,1.09,0.955,0,0.0
2024-02-23,DEMO-01,SH-01,shovel,2.48,0.897,0,0.0
2024-02-24,DEMO-01,SH-01,shovel,2.55,0.894,0,0.0
2024-02-25,DEMO-01,SH-01,shovel,1.05,0.956,0,0.0
2024-02-26,DEMO-01,SH-01,shovel,3.03,0.874,0,0.0
2024-02-27,DEMO-01,SH-01,shovel,2.5,0.896,0,0.0
2024-02-28,DEMO-01,SH-01,shovel,0.06,0.998,0,0.0
2024-02-29,DEMO-01,SH-01,shovel,0.79,0.967,0,0.0
2024-03-01,DEMO-01,SH-01,shovel,2.56,0.893,0,0.0
2024-03-02,DEMO-01,SH-01,shovel,1.19,0.95,0,0.0
2024-03-03,DEMO-01,SH-01,shovel,6.95,0.71,1,7.25
2024-03-04,DEMO-01,SH-01,shovel,8.63,0.641,1,7.34
2024-03-05,DEMO-01,SH-01,shovel,0.69,0.971,0,0.0
2024-03-06,DEMO-01,SH-01,shovel,2.06,0.914,0,0.0
2024-03-07,DEMO-01,SH-01,shovel,0.98,0.959,0,0.0
2024-03-08,DEMO-01,SH-01,shovel,0.5,0.979,0,0.0
2024-03-09,DEMO-01,SH-01,shovel,0.61,0.975,0,0.0
2024-03-10,DEMO-01,SH-01,shovel,1.91,0.92,0,0.0
2024-03-11,DEMO-01,SH-01,shovel,0.87,0.964,0,0.0
2024-03-12,DEMO-01,SH-01,shovel,2.1,0.913,0,0.0
2024-03-13,DEMO-01,SH-01,shovel,1.22,0.949,0,0.0
2024-03-14,DEMO-01,SH-01,shovel,2.33,0.903,0,0.0
2024-03-15,DEMO-01,SH-01,shovel,1.17,0.951,0,0.0
2024-03-16,DEMO-01,SH-01,shovel,0.67,0.972,0,0.0
2024-03-17,DEMO-01,SH-01,shovel,1.94,0.919,0,0.0
2024-03-18,DEMO-01,SH-01,shovel,0.32,0.987,0,0.0
2024-03-19,DEMO-01,SH-01,shovel,3.96,0.835,0,0.0
2024-03-20,DEMO-01,SH-01,shovel,1.2,0.95,0,0.0
2024-03-21,DEMO-01,SH-01,shovel,0.77,0.968,0,0.0
2024-03-22,DEMO-01,SH-01,shovel,1.26,0.948,0,0.0
2024-03-23,DEMO-01,SH-01,shovel,1.6,0.933,0,0.0
2024-03-24,DEMO-01,SH-01,shovel,1.58,0.934,0,0.0
2024-03-25,DEMO-01,SH-01,shovel,1.84,0.923,0,0.0
2024-03-26,DEMO-01,SH-01,shovel,1.97,0.918,0,0.0
2024-03-27,DEMO-01,SH-01,shovel,1.17,0.951,0,0.0
2024-03-28,DEMO-01,SH-01,shovel,1.62,0.933,0,0.0
2024-03-29,DEMO-01,SH-01,shovel,0.78,0.967,0,0.0
2024-03-30,DEMO-01,SH-01,shovel,2.93,0.878,0,0.0
2024-03-31,DEMO-01,SH-01,shovel,1.49,0.938,0,0.0
2024-04-01,DEMO-01,SH-01,shovel,0.74,0.969,0,0.0
2024-04-02,DEMO-01,SH-01,shovel,1.34,0.944,0,0.0
2024-04-03,DEMO-01,SH-01,shovel,3.4,0.858,0,0.0
2024-04-04,DEMO-01,SH-01,shovel,3.33,0.861,0,0.0
2024-04-05,DEMO-01,SH-01,shovel,1.75,0.927,0,0.0
2024-04-06,DEMO-01,SH-01,shovel,2.51,0.895,0,0.0
2024-04-07,DEMO-01,SH-01,shovel,0.97,0.96,0,0.0
2024-04-08,DEMO-01,SH-01,shovel,1.74,0.928,0,0.0
2024-04-09,DEMO-01,SH-01,shovel,0.86,0.964,0,0.0
2024-04-10,DEMO-01,SH-01,shovel,1.86,0.923,0,0.0
2024-04-11,DEMO-01,SH-01,shovel,4.88,0.797,0,0.0
2024-04-12,DEMO-01,SH-01,shovel,0.66,0.972,0,0.0
2024-04-13,DEMO-01,SH-01,shovel,0.66,0.973,0,0.0
2024-04-14,DEMO-01,SH-01,shovel,1.1,0.954,0,0.0
2024-04-15,DEMO-01,SH-01,shovel,1.59,0.934,0,0.0
2024-04-16,DEMO-01,SH-01,shovel,0.63,0.974,0,0.0
2024-04-17,DEMO-01,SH-01,shovel,1.86,0.922,0,0.0
2024-04-18,DEMO-01,SH-01,shovel,0.87,0.964,0,0.0
2024-04-19,DEMO-01,SH-01,shovel,0.86,0.964,0,0.0
2024-04-20,DEMO-01,SH-01,shovel,0.94,0.961,0,0.0
2024-04-21,DEMO-01,SH-01,shovel,2.62,0.891,0,0.0
2024-04-22,DEMO-01,SH-01,shovel,1.46,0.939,0,0.0
2024-04-23,DEMO-01,SH-01,shovel,0.43,0.982,0,0.0
2024-04-24,DEMO-01,SH-01,shovel,2.9,0.879,0,0.0
2024-04-25,DEMO-01,SH-01,shovel,1.52,0.937,0,0.0
2024-04-26,DEMO-01,SH-01,shovel,1.39,0.942,0,0.0
2024-04-27,DEMO-01,SH-01,shovel,1.54,0.936,0,0.0
2024-04-28,DEMO-01,SH-01,shovel,2.76,0.885,0,0.0
2024-04-29,DEMO-01,SH-01,shovel,1.37,0.943,0,0.0
2024-04-30,DEMO-01,SH-01,shovel,2.08,0.913,0,0.0
2024-05-01,DEMO-01,SH-01,shovel,3.25,0.865,0,0.0
2024-05-02,DEMO-01,SH-01,shovel,3.55,0.852,0,0.0
2024-05-03,DEMO-01,SH-01,shovel,1.86,0.922,0,0.0
2024-05-04,DEMO-01,SH-01,shovel,0.8,0.967,0,0.0
2024-05-05,DEMO-01,SH-01,shovel,4.62,0.808,0,0.0
2024-05-06,DEMO-01,SH-01,shovel,0.47,0.98,0,0.0
2024-05-07,DEMO-01,SH-01,shovel,0.37,0.984,0,0.0
2024-05-08,DEMO-01,SH-01,shovel,2.97,0.876,0,0.0
2024-05-09,DEMO-01,SH-01,shovel,0.92,0.962,0,0.0
2024-05-10,DEMO-01,SH-01,shovel,3.69,0.846,0,0.0
2024-05-11,DEMO-01,SH-01,shovel,0.39,0.984,0,0.0
2024-05-12,DEMO-01,SH-01,shovel,4.11,0.829,0,0.0
2024-05-13,DEMO-01,SH-01,shovel,1.59,0.934,0,0.0
2024-05-14,DEMO-01,SH-01,shovel,1.76,0.927,0,0.0
2024-05-15,DEMO-01,SH-01,shovel,1.2,0.95,0,0.0
2024-05-16,DEMO-01,SH-01,shovel,2.57,0.893,0,0.0
2024-05-17,DEMO-01,SH-01,shovel,2.19,0.909,0,0.0
2024-05-18,DEMO-01,SH-01,shovel,1.71,0.929,0,0.0
2024-05-19,DEMO-01,SH-01,shovel,0.8,0.967,0,0.0
2024-05-20,DEMO-01,SH-01,shovel,6.51,0.729,0,0.0
2024-05-21,DEMO-01,SH-01,shovel,2.44,0.898,0,0.0
2024-05-22,DEMO-01,SH-01,shovel,6.63,0.724,1,4.95
2024-05-23,DEMO-01,SH-01,shovel,1.36,0.943,0,0.0
2024-05-24,DEMO-01,SH-01,shovel,0.84,0.965,0,0.0
2024-05-25,DEMO-01,SH-01,shovel,1.56,0.935,0,0.0
2024-05-26,DEMO-01,SH-01,shovel,1.12,0.953,0,0.0
2024-05-27,DEMO-01,SH-01,shovel,2.42,0.899,0,0.0
2024-05-28,DEMO-01,SH-01,shovel,2.22,0.908,0,0.0
2024-05-29,DEMO-01,SH-01,shovel,2.69,0.888,0,0.0
2024-05-30,DEMO-01,SH-01,shovel,3.75,0.844,0,0.0
2024-05-31,DEMO-01,SH-01,shovel,2.02,0.916,0,0.0
2024-06-01,DEMO-01,SH-01,shovel,3.73,0.845,0,0.0
2024-06-02,DEMO-01,SH-01,shovel,0.76,0.968,0,0.0
2024-06-03,DEMO-01,SH-01,shovel,1.91,0.92,0,0.0
2024-06-04,DEMO-01,SH-01,shovel,3.32,0.862,0,0.0
2024-06-05,DEMO-01,SH-01,shovel,0.74,0.969,0,0.0
2024-06-06,DEMO-01,SH-01,shovel,0.37,0.985,0,0.0
2024-06-07,DEMO-01,SH-01,shovel,0.94,0.961,0,0.0
2024-06-08,DEMO-01,SH-01,shovel,2.21,0.908,0,0.0
2024-06-09,DEMO-01,SH-01,shovel,4.85,0.798,0,0.0
2024-06-10,DEMO-01,SH-01,shovel,4.65,0.806,0,0.0
2024-06-11,DEMO-01,SH-01,shovel,0.67,0.972,0,0.0
2024-06-12,DEMO-01,SH-01,shovel,3.8,0.842,0,0.0
2024-06-13,DEMO-01,SH-01,shovel,3.27,0.864,0,0.0
2024-06-14,DEMO-01,SH-01,shovel,1.81,0.925,0,0.0
2024-06-15,DEMO-01,SH-01,shovel,5.94,0.752,0,0.0
2024-06-16,DEMO-01,SH-01,shovel,0.9,0.963,0,0.0
2024-06-17,DEMO-01,SH-01,shovel,1.23,0.949,0,0.0
2024-06-18,DEMO-01,SH-01,shovel,4.59,0.809,0,0.0
2024-06-19,DEMO-01,SH-01,shovel,2.44,0.898,0,0.0
2024-06-20,DEMO-01,SH-01,shovel,5.9,0.754,0,0.0
2024-06-21,DEMO-01,SH-01,shovel,1.69,0.929,0,0.0
2024-06-22,DEMO-01,SH-01,shovel,2.51,0.895,0,0.0
2024-06-23,DEMO-01,SH-01,shovel,3.24,0.865,0,0.0
2024-06-24,DEMO-01,SH-01,shovel,6.18,0.743,0,0.0
2024-06-25,DEMO-01,SH-01,shovel,0.52,0.978,0,0.0
2024-06-26,DEMO-01,SH-01,shovel,2.82,0.882,0,0.0
2024-06-27,DEMO-01,SH-01,shovel,11.56,0.518,0,0.0
2024-06-28,DEMO-01,SH-01,shovel,3.49,0.855,0,0.0
2024-06-29,DEMO-01,SH-01,shovel,2.44,0.898,0,0.0
2024-06-30,DEMO-01,SH-01,shovel,2.4,0.9,0,0.0
2024-07-01,DEMO-01,SH-01,shovel,4.17,0.826,0,0.0
2024-07-02,DEMO-01,SH-01,shovel,3.86,0.839,0,0.0
2024-07-03,DEMO-01,SH-01,shovel,6.67,0.722,0,0.0
2024-07-04,DEMO-01,SH-01,shovel,0.82,0.966,0,0.0
2024-07-05,DEMO-01,SH-01,shovel,1.24,0.949,0,0.0
2024-07-06,DEMO-01,SH-01,shovel,8.15,0.66,0,0.0
2024-07-07,DEMO-01,SH-01,shovel,3.7,0.846,0,0.0
2024-07-08,DEMO-01,SH-01,shovel,6.03,0.749,0,0.0
2024-07-09,DEMO-01,SH-01,shovel,0.72,0.97,0,0.0
2024-07-10,DEMO-01,SH-01,shovel,8.16,0.66,0,0.0
2024-07-11,DEMO-01,SH-01,shovel,4.88,0.797,0,0.0
2024-07-12,DEMO-01,SH-01,shovel,0.58,0.976,0,0.0
2024-07-13,DEMO-01,SH-01,shovel,1.24,0.948,0,0.0
2024-07-14,DEMO-01,SH-01,shovel,4.21,0.825,0,0.0
2024-07-15,DEMO-01,SH-01,shovel,3.66,0.848,0,0.0
2024-07-16,DEMO-01,SH-01,shovel,1.8,0.925,0,0.0
2024-07-17,DEMO-01,SH-01,shovel,1.29,0.946,0,0.0
2024-07-18,DEMO-01,SH-01,shovel,5.18,0.784,0,0.0
2024-07-19,DEMO-01,SH-01,shovel,16.19,0.325,0,0.0
2024-07-20,DEMO-01,SH-01,shovel,2.09,0.913,0,0.0
2024-07-21,DEMO-01,SH-01,shovel,2.08,0.913,0,0.0
2024-07-22,DEMO-01,SH-01,shovel,7.74,0.678,1,5.62
2024-07-23,DEMO-01,SH-01,shovel,4.67,0.805,0,0.0
2024-07-24,DEMO-01,SH-01,shovel,3.77,0.843,0,0.0
2024-07-25,DEMO-01,SH-01,shovel,1.04,0.957,0,0.0
2024-07-26,DEMO-01,SH-01,shovel,1.01,0.958,0,0.0
2024-07-27,DEMO-01,SH-01,shovel,12.56,0.477,0,0.0
2024-07-28,DEMO-01,SH-01,shovel,0.41,0.983,0,0.0
2024-07-29,DEMO-01,SH-01,shovel,1.54,0.936,0,0.0
2024-07-30,DEMO-01,SH-01,shovel,9.68,0.597,0,0.0
2024-07-31,DEMO-01,SH-01,shovel,0.73,0.969,0,0.0
2024-08-01,DEMO-01,SH-01,shovel,4.93,0.795,1,5.49
2024-08-02,DEMO-01,SH-01,shovel,0.71,0.971,0,0.0
2024-08-03,DEMO-01,SH-01,shovel,6.56,0.727,0,0.0
2024-08-04,DEMO-01,SH-01,shovel,4.94,0.794,0,0.0
2024-08-05,DEMO-01,SH-01,shovel,2.13,0.911,0,0.0
2024-08-06,DEMO-01,SH-01,shovel,1.04,0.957,0,0.0
2024-08-07,DEMO-01,SH-01,shovel,4.18,0.826,0,0.0
2024-08-08,DEMO-01,SH-01,shovel,10.27,0.572,1,9.99
2024-08-09,DEMO-01,SH-01,shovel,12.95,0.461,0,0.0
2024-08-10,DEMO-01,SH-01,shovel,1.08,0.955,0,0.0
2024-08-11,DEMO-01,SH-01,shovel,1.78,0.926,0,0.0
2024-08-12,DEMO-01,SH-01,shovel,4.25,0.823,0,0.0
2024-08-13,DEMO-01,SH-01,shovel,4.3,0.821,0,0.0
2024-08-14,DEMO-01,SH-01,shovel,1.72,0.928,0,0.0
2024-08-15,DEMO-01,SH-01,shovel,1.48,0.938,0,0.0
2024-08-16,DEMO-01,SH-01,shovel,1.41,0.941,0,0.0
2024-08-17,DEMO-01,SH-01,shovel,5.03,0.791,0,0.0
2024-08-18,DEMO-01,SH-01,shovel,2.48,0.897,0,0.0
2024-08-19,DEMO-01,SH-01,shovel,3.47,0.855,0,0.0
2024-08-20,DEMO-01,SH-01,shovel,7.02,0.708,0,0.0
2024-08-21,DEMO-01,SH-01,shovel,1.48,0.938,0,0.0
2024-08-22,DEMO-01,SH-01,shovel,0.55,0.977,0,0.0
2024-08-23,DEMO-01,SH-01,shovel,6.0,0.75,0,0.0
2024-08-24,DEMO-01,SH-01,shovel,4.59,0.809,0,0.0
2024-08-25,DEMO-01,SH-01,shovel,7.16,0.702,0,0.0
2024-08-26,DEMO-01,SH-01,shovel,0.78,0.968,0,0.0
2024-08-27,DEMO-01,SH-01,shovel,0.46,0.981,0,0.0
2024-08-28,DEMO-01,SH-01,shovel,1.61,0.933,0,0.0
2024-08-29,DEMO-01,SH-01,shovel,4.21,0.825,0,0.0
2024-08-30,DEMO-01,SH-01,shovel,4.36,0.818,0,0.0
2024-08-31,DEMO-01,SH-01,shovel,2.38,0.901,0,0.0
2024-09-01,DEMO-01,SH-01,shovel,1.39,0.942,0,0.0
2024-09-02,DEMO-01,SH-01,shovel,7.65,0.681,0,0.0
2024-09-03,DEMO-01,SH-01,shovel,0.57,0.976,0,0.0
2024-09-04,DEMO-01,SH-01,shovel,0.51,0.979,0,0.0
2024-09-05,DEMO-01,SH-01,shovel,1.74,0.927,0,0.0
2024-09-06,DEMO-01,SH-01,shovel,0.36,0.985,0,0.0
2024-09-07,DEMO-01,SH-01,shovel,0.11,0.995,0,0.0
2024-09-08,DEMO-01,SH-01,shovel,0.3,0.987,0,0.0
2024-09-09,DEMO-01,SH-01,shovel,3.2,0.867,0,0.0
2024-09-10,DEMO-01,SH-01,shovel,1.2,0.95,0,0.0
2024-09-11,DEMO-01,SH-01,shovel,0.91,0.962,0,0.0
2024-09-12,DEMO-01,SH-01,shovel,4.25,0.823,0,0.0
2024-09-13,DEMO-01,SH-01,shovel,1.18,0.951,0,0.0
2024-09-14,DEMO-01,SH-01,shovel,2.29,0.905,0,0.0
2024-09-15,DEMO-01,SH-01,shovel,0.33,0.986,0,0.0
2024-09-16,DEMO-01,SH-01,shovel,3.73,0.845,0,0.0
2024-09-17,DEMO-01,SH-01,shovel,11.51,0.52,1,7.78
2024-09-18,DEMO-01,SH-01,shovel,0.26,0.989,0,0.0
2024-09-19,DEMO-01,SH-01,shovel,1.71,0.929,0,0.0
2024-09-20,DEMO-01,SH-01,shovel,2.17,0.909,0,0.0
2024-09-21,DEMO-01,SH-01,shovel,1.94,0.919,0,0.0
2024-09-22,DEMO-01,SH-01,shovel,1.34,0.944,0,0.0
2024-09-23,DEMO-01,SH-01,shovel,2.91,0.879,1,2.87
2024-09-24,DEMO-01,SH-01,shovel,5.04,0.79,1,2.97
2024-09-25,DEMO-01,SH-01,shovel,0.3,0.988,0,0.0
2024-09-26,DEMO-01,SH-01,shovel,2.67,0.889,0,0.0
2024-09-27,DEMO-01,SH-01,shovel,1.75,0.927,0,0.0
2024-09-28,DEMO-01,SH-01,shovel,3.32,0.861,0,0.0
2024-09-29,DEMO-01,SH-01,shovel,1.42,0.941,0,0.0
2024-09-30,DEMO-01,SH-01,shovel,4.19,0.825,0,0.0
2024-10-01,DEMO-01,SH-01,shovel,5.78,0.759,0,0.0
2024-10-02,DEMO-01,SH-01,shovel,1.5,0.937,0,0.0
2024-10-03,DEMO-01,SH-01,shovel,3.35,0.86,0,0.0
2024-10-04,DEMO-01,SH-01,shovel,2.18,0.909,0,0.0
2024-10-05,DEMO-01,SH-01,shovel,1.01,0.958,0,0.0
2024-10-06,DEMO-01,SH-01,shovel,1.5,0.938,0,0.0
2024-10-07,DEMO-01,SH-01,shovel,0.7,0.971,0,0.0
2024-10-08,DEMO-01,SH-01,shovel,1.4,0.942,0,0.0
2024-10-09,DEMO-01,SH-01,shovel,0.39,0.984,0,0.0
2024-10-10,DEMO-01,SH-01,shovel,2.07,0.914,0,0.0
2024-10-11,DEMO-01,SH-01,shovel,1.2,0.95,0,0.0
2024-10-12,DEMO-01,SH-01,shovel,2.32,0.903,0,0.0
2024-10-13,DEMO-01,SH-01,shovel,0.93,0.961,0,0.0
2024-10-14,DEMO-01,SH-01,shovel,1.35,0.944,0,0.0
2024-10-15,DEMO-01,SH-01,shovel,0.12,0.995,0,0.0
2024-10-16,DEMO-01,SH-01,shovel,1.25,0.948,0,0.0
2024-10-17,DEMO-01,SH-01,shovel,0.35,0.985,0,0.0
2024-10-18,DEMO-01,SH-01,shovel,1.24,0.948,0,0.0
2024-10-19,DEMO-01,SH-01,shovel,1.76,0.927,0,0.0
2024-10-20,DEMO-01,SH-01,shovel,2.64,0.89,0,0.0
2024-10-21,DEMO-01,SH-01,shovel,2.02,0.916,0,0.0
2024-10-22,DEMO-01,SH-01,shovel,5.21,0.783,0,0.0
2024-10-23,DEMO-01,SH-01,shovel,2.16,0.91,0,0.0
2024-10-24,DEMO-01,SH-01,shovel,0.49,0.98,0,0.0
2024-10-25,DEMO-01,SH-01,shovel,4.19,0.825,0,0.0
2024-10-26,DEMO-01,SH-01,shovel,1.05,0.956,0,0.0
2024-10-27,DEMO-01,SH-01,shovel,4.84,0.798,0,0.0
2024-10-28,DEMO-01,SH-01,shovel,9.76,0.594,1,9.4
2024-10-29,DEMO-01,SH-01,shovel,11.11,0.537,1,8.92
2024-10-30,DEMO-01,SH-01,shovel,6.17,0.743,1,6.78
2024-10-31,DEMO-01,SH-01,shovel,0.55,0.977,0,0.0
2024-11-01,DEMO-01,SH-01,shovel,3.1,0.871,0,0.0
2024-11-02,DEMO-01,SH-01,shovel,0.55,0.977,0,0.0
2024-11-03,DEMO-01,SH-01,shovel,2.32,0.903,0,0.0
2024-11-04,DEMO-01,SH-01,shovel,0.69,0.971,0,0.0
2024-11-05,DEMO-01,SH-01,shovel,0.4,0.983,0,0.0
2024-11-06,DEMO-01,SH-01,shovel,0.67,0.972,0,0.0
2024-11-07,DEMO-01,SH-01,shovel,8.22,0.657,1,8.88
2024-11-08,DEMO-01,SH-01,shovel,2.98,0.876,0,0.0
2024-11-09,DEMO-01,SH-01,shovel,1.84,0.923,0,0.0
2024-11-10,DEMO-01,SH-01,shovel,1.59,0.934,0,0.0
2024-11-11,DEMO-01,SH-01,shovel,0.78,0.968,0,0.0
2024-11-12,DEMO-01,SH-01,shovel,0.67,0.972,0,0.0
2024-11-13,DEMO-01,SH-01,shovel,1.49,0.938,0,0.0
2024-11-14,DEMO-01,SH-01,shovel,0.54,0.978,0,0.0
2024-11-15,DEMO-01,SH-01,shovel,0.72,0.97,0,0.0
2024-11-16,DEMO-01,SH-01,shovel,1.07,0.955,0,0.0
2024-11-17,DEMO-01,SH-01,shovel,1.87,0.922,0,0.0
2024-11-18,DEMO-01,SH-01,shovel,1.47,0.939,0,0.0
2024-11-19,DEMO-01,SH-01,shovel,0.51,0.979,0,0.0
2024-11-20,DEMO-01,SH-01,shovel,1.26,0.948,0,0.0
2024-11-21,DEMO-01,SH-01,shovel,3.0,0.875,0,0.0
2024-11-22,DEMO-01,SH-01,shovel,2.71,0.887,0,0.0
2024-11-23,DEMO-01,SH-01,shovel,0.32,0.987,0,0.0
2024-11-24,DEMO-01,SH-01,shovel,2.38,0.901,0,0.0
2024-11-25,DEMO-01,SH-01,shovel,0.09,0.996,0,0.0
2024-11-26,DEMO-01,SH-01,shovel,1.11,0.954,0,0.0
2024-11-27,DEMO-01,SH-01,shovel,0.72,0.97,0,0.0
2024-11-28,DEMO-01,SH-01,shovel,0.46,0.981,0,0.0
2024-11-29,DEMO-01,SH-01,shovel,1.07,0.956,0,0.0
2024-11-30,DEMO-01,SH-01,shovel,3.3,0.862,0,0.0
2024-12-01,DEMO-01,SH-01,shovel,1.78,0.926,0,0.0
2024-12-02,DEMO-01,SH-01,shovel,1.37,0.943,0,0.0
2024-12-03,DEMO-01,SH-01,shovel,0.37,0.984,0,0.0
2024-12-04,DEMO-01,SH-01,shovel,4.78,0.801,0,0.0
2024-12-05,DEMO-01,SH-01,shovel,0.26,0.989,0,0.0
2024-12-06,DEMO-01,SH-01,shovel,3.77,0.843,0,0.0
2024-12-07,DEMO-01,SH-01,shovel,1.32,0.945,0,0.0
2024-12-08,DEMO-01,SH-01,shovel,1.98,0.917,0,0.0
2024-12-09,DEMO-01,SH-01,shovel,0.76,0.968,0,0.0
2024-12-10,DEMO-01,SH-01,shovel,0.54,0.978,0,0.0
2024-12-11,DEMO-01,SH-01,shovel,3.08,0.872,0,0.0
2024-12-12,DEMO-01,SH-01,shovel,2.19,0.909,0,0.0
2024-12-13,DEMO-01,SH-01,shovel,1.16,0.952,0,0.0
2024-12-14,DEMO-01,SH-01,shovel,0.47,0.981,0,0.0
2024-12-15,DEMO-01,SH-01,shovel,6.71,0.72,0,0.0
2024-12-16,DEMO-01,SH-01,shovel,2.9,0.879,0,0.0
2024-12-17,DEMO-01,SH-01,shovel,3.89,0.838,0,0.0
2024-12-18,DEMO-01,SH-01,shovel,0.33,0.986,0,0.0
2024-12-19,DEMO-01,SH-01,shovel,1.22,0.949,0,0.0
2024-12-20,DEMO-01,SH-01,shovel,0.54,0.977,0,0.0
2024-12-21,DEMO-01,SH-01,shovel,1.28,0.947,0,0.0
2024-12-22,DEMO-01,SH-01,shovel,4.15,0.827,0,0.0
2024-12-23,DEMO-01,SH-01,shovel,2.78,0.884,0,0.0
2024-12-24,DEMO-01,SH-01,shovel,4.77,0.801,0,0.0
2024-12-25,DEMO-01,SH-01,shovel,1.44,0.94,0,0.0
2024-12-26,DEMO-01,SH-01,shovel,2.02,0.916,0,0.0
2024-12-27,DEMO-01,SH-01,shovel,1.59,0.934,0,0.0
2024-12-28,DEMO-01,SH-01,shovel,1.21,0.949,0,0.0
2024-12-29,DEMO-01,SH-01,shovel,1.12,0.953,0,0.0
2024-12-30,DEMO-01,SH-01,shovel,0.78,0.968,0,0.0
2024-12-31,DEMO-01,SH-01,shovel,1.13,0.953,0,0.0
2025-01-01,DEMO-01,SH-01,shovel,3.34,0.861,0,0.0
2025-01-02,DEMO-01,SH-01,shovel,1.69,0.93,0,0.0
2025-01-03,DEMO-01,SH-01,shovel,0.17,0.993,0,0.0
2025-01-04,DEMO-01,SH-01,shovel,0.6,0.975,0,0.0
2025-01-05,DEMO-01,SH-01,shovel,3.17,0.868,0,0.0
2025-01-06,DEMO-01,SH-01,shovel,0.77,0.968,0,0.0
2025-01-07,DEMO-01,SH-01,shovel,2.5,0.896,0,0.0
2025-01-08,DEMO-01,SH-01,shovel,2.27,0.906,0,0.0
2025-01-09,DEMO-01,SH-01,shovel,0.71,0.97,0,0.0
2025-01-10,DEMO-01,SH-01,shovel,3.42,0.857,0,0.0
2025-01-11,DEMO-01,SH-01,shovel,0.88,0.963,0,0.0
2025-01-12,DEMO-01,SH-01,shovel,2.21,0.908,0,0.0
2025-01-13,DEMO-01,SH-01,shovel,3.32,0.862,0,0.0
2025-01-14,DEMO-01,SH-01,shovel,1.84,0.923,0,0.0
2025-01-15,DEMO-01,SH-01,shovel,1.27,0.947,0,0.0
2025-01-16,DEMO-01,SH-01,shovel,1.59,0.934,0,0.0
2025-01-17,DEMO-01,SH-01,shovel,3.3,0.862,0,0.0
2025-01-18,DEMO-01,SH-01,shovel,4.05,0.831,0,0.0
2025-01-19,DEMO-01,SH-01,shovel,2.4,0.9,0,0.0
2025-01-20,DEMO-01,SH-01,shovel,2.25,0.906,0,0.0
2025-01-21,DEMO-01,SH-01,shovel,1.07,0.956,0,0.0
2025-01-22,DEMO-01,SH-01,shovel,0.3,0.987,0,0.0
2025-01-23,DEMO-01,SH-01,shovel,1.34,0.944,0,0.0
2025-01-24,DEMO-01,SH-01,shovel,0.72,0.97,0,0.0
2025-01-25,DEMO-01,SH-01,shovel,2.04,0.915,0,0.0
2025-01-26,DEMO-01,SH-01,shovel,2.57,0.893,0,0.0
2025-01-27,DEMO-01,SH-01,shovel,1.43,0.94,0,0.0
2025-01-28,DEMO-01,SH-01,shovel,1.3,0.946,0,0.0
2025-01-29,DEMO-01,SH-01,shovel,1.62,0.932,0,0.0
2025-01-30,DEMO-01,SH-01,shovel,4.53,0.811,0,0.0
2025-01-31,DEMO-01,SH-01,shovel,2.86,0.881,0,0.0
2025-02-01,DEMO-01,SH-01,shovel,1.12,0.953,0,0.0
2025-02-02,DEMO-01,SH-01,shovel,2.12,0.912,0,0.0
2025-02-03,DEMO-01,SH-01,shovel,1.83,0.924,0,0.0
2025-02-04,DEMO-01,SH-01,shovel,2.27,0.905,0,0.0
2025-02-05,DEMO-01,SH-01,shovel,2.36,0.902,0,0.0
2025-02-06,DEMO-01,SH-01,shovel,0.24,0.99,0,0.0
2025-02-07,DEMO-01,SH-01,shovel,1.36,0.943,0,0.0
2025-02-08,DEMO-01,SH-01,shovel,0.77,0.968,0,0.0
2025-02-09,DEMO-01,SH-01,shovel,4.51,0.812,0,0.0
2025-02-10,DEMO-01,SH-01,shovel,0.65,0.973,0,0.0
2025-02-11,DEMO-01,SH-01,shovel,4.86,0.798,0,0.0
2025-02-12,DEMO-01,SH-01,shovel,0.83,0.965,0,0.0
2025-02-13,DEMO-01,SH-01,shovel,0.58,0.976,0,0.0
2025-02-14,DEMO-01,SH-01,shovel,1.0,0.959,0,0.0
2025-02-15,DEMO-01,SH-01,shovel,0.94,0.961,0,0.0
2025-02-16,DEMO-01,SH-01,shovel,1.31,0.946,0,0.0
2025-02-17,DEMO-01,SH-01,shovel,1.86,0.923,0,0.0
2025-02-18,DEMO-01,SH-01,shovel,2.74,0.886,0,0.0
2025-02-19,DEMO-01,SH-01,shovel,1.09,0.955,0,0.0
2025-02-20,DEMO-01,SH-01,shovel,1.71,0.929,0,0.0
2025-02-21,DEMO-01,SH-01,shovel,1.82,0.924,0,0.0
2025-02-22,DEMO-01,SH-01,shovel,1.99,0.917,0,0.0
2025-02-23,DEMO-01,SH-01,shovel,4.28,0.822,0,0.0
2025-02-24,DEMO-01,SH-01,shovel,4.99,0.792,1,3.53
2025-02-25,DEMO-01,SH-01,shovel,0.72,0.97,0,0.0
2025-02-26,DEMO-01,SH-01,shovel,2.73,0.886,1,2.41
2025-02-27,DEMO-01,SH-01,shovel,2.01,0.916,0,0.0
2025-02-28,DEMO-01,SH-01,shovel,4.17,0.826,0,0.0
2025-03-01,DEMO-01,SH-01,shovel,0.78,0.967,0,0.0
2025-03-02,DEMO-01,SH-01,shovel,5.42,0.774,0,0.0
2025-03-03,DEMO-01,SH-01,shovel,1.6,0.933,0,0.0
2025-03-04,DEMO-01,SH-01,shovel,0.54,0.978,0,0.0
2025-03-05,DEMO-01,SH-01,shovel,1.25,0.948,0,0.0
2025-03-06,DEMO-01,SH-01,shovel,3.4,0.858,0,0.0
2025-03-07,DEMO-01,SH-01,shovel,0.16,0.994,0,0.0
2025-03-08,DEMO-01,SH-01,shovel,0.97,0.96,0,0.0
2025-03-09,DEMO-01,SH-01,shovel,1.71,0.929,0,0.0
2025-03-10,DEMO-01,SH-01,shovel,1.65,0.931,0,0.0
2025-03-11,DEMO-01,SH-01,shovel,1.83,0.924,0,0.0
2025-03-12,DEMO-01,SH-01,shovel,2.13,0.911,0,0.0
2025-03-13,DEMO-01,SH-01,shovel,0.98,0.959,0,0.0
2025-03-14,DEMO-01,SH-01,shovel,2.37,0.901,0,0.0
2025-03-15,DEMO-01,SH-01,shovel,2.36,0.902,0,0.0
2025-03-16,DEMO-01,SH-01,shovel,1.99,0.917,0,0.0
2025-03-17,DEMO-01,SH-01,shovel,0.93,0.961,0,0.0
2025-03-18,DEMO-01,SH-01,shovel,1.66,0.931,0,0.0
2025-03-19,DEMO-01,SH-01,shovel,2.24,0.907,0,0.0
2025-03-20,DEMO-01,SH-01,shovel,2.27,0.905,0,0.0
2025-03-21,DEMO-01,SH-01,shovel,1.97,0.918,0,0.0
2025-03-22,DEMO-01,SH-01,shovel,2.38,0.901,0,0.0
2025-03-23,DEMO-01,SH-01,shovel,9.41,0.608,0,0.0
2025-03-24,DEMO-01,SH-01,shovel,2.88,0.88,0,0.0
2025-03-25,DEMO-01,SH-01,shovel,3.67,0.847,0,0.0
2025-03-26,DEMO-01,SH-01,shovel,4.51,0.812,0,0.0
2025-03-27,DEMO-01,SH-01,shovel,0.42,0.982,0,0.0
2025-03-28,DEMO-01,SH-01,shovel,2.86,0.881,0,0.0
2025-03-29,DEMO-01,SH-01,shovel,1.32,0.945,0,0.0
2025-03-30,DEMO-01,SH-01,shovel,1.6,0.933,0,0.0
2025-03-31,DEMO-01,SH-01,shovel,0.93,0.961,0,0.0
2025-04-01,DEMO-01,SH-01,shovel,0.27,0.989,0,0.0
2025-04-02,DEMO-01,SH-01,shovel,1.58,0.934,0,0.0
2025-04-03,DEMO-01,SH-01,shovel,1.93,0.92,0,0.0
2025-04-04,DEMO-01,SH-01,shovel,1.87,0.922,0,0.0
2025-04-05,DEMO-01,SH-01,shovel,0.93,0.961,0,0.0
2025-04-06,DEMO-01,SH-01,shovel,0.39,0.984,0,0.0
2025-04-07,DEMO-01,SH-01,shovel,2.05,0.915,0,0.0
2025-04-08,DEMO-01,SH-01,shovel,2.2,0.908,0,0.0
2025-04-09,DEMO-01,SH-01,shovel,1.88,0.922,0,0.0
2025-04-10,DEMO-01,SH-01,shovel,2.02,0.916,0,0.0
2025-04-11,DEMO-01,SH-01,shovel,2.18,0.909,0,0.0
2025-04-12,DEMO-01,SH-01,shovel,1.91,0.921,0,0.0
2025-04-13,DEMO-01,SH-01,shovel,2.22,0.908,0,0.0
2025-04-14,DEMO-01,SH-01,shovel,1.33,0.945,0,0.0
2025-04-15,DEMO-01,SH-01,shovel,2.27,0.905,0,0.0
2025-04-16,DEMO-01,SH-01,shovel,0.46,0.981,0,0.0
2025-04-17,DEMO-01,SH-01,shovel,0.37,0.985,0,0.0
2025-04-18,DEMO-01,SH-01,shovel,1.89,0.921,0,0.0
2025-04-19,DEMO-01,SH-01,shovel,0.51,0.979,0,0.0
2025-04-20,DEMO-01,SH-01,shovel,3.09,0.871,0,0.0
2025-04-21,DEMO-01,SH-01,shovel,2.55,0.894,0,0.0
2025-04-22,DEMO-01,SH-01,shovel,1.17,0.951,0,0.0
2025-04-23,DEMO-01,SH-01,shovel,0.84,0.965,0,0.0
2025-04-24,DEMO-01,SH-01,shovel,4.56,0.81,0,0.0
2025-04-25,DEMO-01,SH-01,shovel,3.28,0.863,0,0.0
2025-04-26,DEMO-01,SH-01,shovel,2.49,0.896,0,0.0
2025-04-27,DEMO-01,SH-01,shovel,1.2,0.95,0,0.0
2025-04-28,DEMO-01,SH-01,shovel,4.22,0.824,0,0.0
2025-04-29,DEMO-01,SH-01,shovel,2.26,0.906,0,0.0
2025-04-30,DEMO-01,SH-01,shovel,0.49,0.98,0,0.0
2025-05-01,DEMO-01,SH-01,shovel,3.57,0.851,0,0.0
2025-05-02,DEMO-01,SH-01,shovel,1.5,0.937,0,0.0
2025-05-03,DEMO-01,SH-01,shovel,0.42,0.982,0,0.0
2025-05-04,DEMO-01,SH-01,shovel,0.71,0.97,0,0.0
2025-05-05,DEMO-01,SH-01,shovel,0.48,0.98,0,0.0
2025-05-06,DEMO-01,SH-01,shovel,2.16,0.91,0,0.0
2025-05-07,DEMO-01,SH-01,shovel,1.87,0.922,0,0.0
2025-05-08,DEMO-01,SH-01,shovel,0.86,0.964,0,0.0
2025-05-09,DEMO-01,SH-01,shovel,1.84,0.923,0,0.0
2025-05-10,DEMO-01,SH-01,shovel,0.76,0.968,0,0.0
2025-05-11,DEMO-01,SH-01,shovel,1.11,0.954,0,0.0
2025-05-12,DEMO-01,SH-01,shovel,0.58,0.976,0,0.0
2025-05-13,DEMO-01,SH-01,shovel,1.54,0.936,0,0.0
2025-05-14,DEMO-01,SH-01,shovel,1.42,0.941,0,0.0
2025-05-15,DEMO-01,SH-01,shovel,4.06,0.831,0,0.0
2025-05-16,DEMO-01,SH-01,shovel,3.69,0.846,0,0.0
2025-05-17,DEMO-01,SH-01,shovel,2.45,0.898,0,0.0
2025-05-18,DEMO-01,SH-01,shovel,1.92,0.92,0,0.0
2025-05-19,DEMO-01,SH-01,shovel,1.07,0.956,0,0.0
2025-05-20,DEMO-01,SH-01,shovel,2.73,0.886,0,0.0
2025-05-21,DEMO-01,SH-01,shovel,8.41,0.65,1,6.78
2025-05-22,DEMO-01,SH-01,shovel,0.68,0.972,0,0.0
2025-05-23,DEMO-01,SH-01,shovel,1.57,0.935,0,0.0
2025-05-24,DEMO-01,SH-01,shovel,2.75,0.885,0,0.0
2025-05-25,DEMO-01,SH-01,shovel,1.54,0.936,0,0.0
2025-05-26,DEMO-01,SH-01,shovel,1.48,0.938,0,0.0
2025-05-27,DEMO-01,SH-01,shovel,0.57,0.976,0,0.0
2025-05-28,DEMO-01,SH-01,shovel,1.03,0.957,0,0.0
2025-05-29,DEMO-01,SH-01,shovel,1.53,0.936,0,0.0
2025-05-30,DEMO-01,SH-01,shovel,0.7,0.971,0,0.0
2025-05-31,DEMO-01,SH-01,shovel,1.01,0.958,0,0.0
2025-06-01,DEMO-01,SH-01,shovel,1.45,0.94,0,0.0
2025-06-02,DEMO-01,SH-01,shovel,0.74,0.969,0,0.0
2025-06-03,DEMO-01,SH-01,shovel,5.07,0.789,0,0.0
2025-06-04,DEMO-01,SH-01,shovel,0.91,0.962,0,0.0
2025-06-05,DEMO-01,SH-01,shovel,1.55,0.935,0,0.0
2025-06-06,DEMO-01,SH-01,shovel,3.24,0.865,0,0.0
2025-06-07,DEMO-01,SH-01,shovel,6.38,0.734,0,0.0
2025-06-08,DEMO-01,SH-01,shovel,2.44,0.898,0,0.0
2025-06-09,DEMO-01,SH-01,shovel,0.94,0.961,0,0.0
2025-06-10,DEMO-01,SH-01,shovel,1.44,0.94,0,0.0
2025-06-11,DEMO-01,SH-01,shovel,1.65,0.931,0,0.0
2025-06-12,DEMO-01,SH-01,shovel,3.77,0.843,0,0.0
2025-06-13,DEMO-01,SH-01,shovel,1.45,0.94,0,0.0
2025-06-14,DEMO-01,SH-01,shovel,6.21,0.741,0,0.0
2025-06-15,DEMO-01,SH-01,shovel,4.46,0.814,1,3.21
2025-06-16,DEMO-01,SH-01,shovel,4.48,0.813,0,0.0
2025-06-17,DEMO-01,SH-01,shovel,2.55,0.894,0,0.0
2025-06-18,DEMO-01,SH-01,shovel,0.6,0.975,0,0.0
2025-06-19,DEMO-01,SH-01,shovel,0.35,0.985,0,0.0
2025-06-20,DEMO-01,SH-01,shovel,1.85,0.923,0,0.0
2025-06-21,DEMO-01,SH-01,shovel,0.97,0.96,0,0.0
2025-06-22,DEMO-01,SH-01,shovel,4.89,0.796,0,0.0
2025-06-23,DEMO-01,SH-01,shovel,2.77,0.884,0,0.0
2025-06-24,DEMO-01,SH-01,shovel,17.53,0.27,1,8.78
2025-06-25,DEMO-01,SH-01,shovel,3.27,0.864,0,0.0
2025-06-26,DEMO-01,SH-01,shovel,13.41,0.441,0,0.0
2025-06-27,DEMO-01,SH-01,shovel,0.63,0.974,0,0.0
2025-06-28,DEMO-01,SH-01,shovel,3.55,0.852,0,0.0
2025-06-29,DEMO-01,SH-01,shovel,1.16,0.952,0,0.0
2025-06-30,DEMO-01,SH-01,shovel,2.21,0.908,0,0.0
2025-07-01,DEMO-01,SH-01,shovel,2.73,0.886,0,0.0
2025-07-02,DEMO-01,SH-01,shovel,1.61,0.933,0,0.0
2025-07-03,DEMO-01,SH-01,shovel,1.87,0.922,0,0.0
2025-07-04,DEMO-01,SH-01,shovel,11.31,0.529,0,0.0
2025-07-05,DEMO-01,SH-01,shovel,9.64,0.598,0,0.0
2025-07-06,DEMO-01,SH-01,shovel,0.36,0.985,0,0.0
2025-07-07,DEMO-01,SH-01,shovel,3.35,0.86,0,0.0
2025-07-08,DEMO-01,SH-01,shovel,3.45,0.856,0,0.0
2025-07-09,DEMO-01,SH-01,shovel,1.69,0.93,0,0.0
2025-07-10,DEMO-01,SH-01,shovel,3.28,0.863,0,0.0
2025-07-11,DEMO-01,SH-01,shovel,6.13,0.745,0,0.0
2025-07-12,DEMO-01,SH-01,shovel,4.13,0.828,0,0.0
2025-07-13,DEMO-01,SH-01,shovel,4.25,0.823,0,0.0
2025-07-14,DEMO-01,SH-01,shovel,8.84,0.632,0,0.0
2025-07-15,DEMO-01,SH-01,shovel,4.56,0.81,0,0.0
2025-07-16,DEMO-01,SH-01,shovel,5.28,0.78,0,0.0
2025-07-17,DEMO-01,SH-01,shovel,7.93,0.67,0,0.0
2025-07-18,DEMO-01,SH-01,shovel,9.83,0.59,0,0.0
2025-07-19,DEMO-01,SH-01,shovel,0.07,0.997,0,0.0
2025-07-20,DEMO-01,SH-01,shovel,2.81,0.883,0,0.0
2025-07-21,DEMO-01,SH-01,shovel,1.02,0.958,0,0.0
2025-07-22,DEMO-01,SH-01,shovel,1.68,0.93,0,0.0
2025-07-23,DEMO-01,SH-01,shovel,3.17,0.868,0,0.0
2025-07-24,DEMO-01,SH-01,shovel,3.18,0.868,0,0.0
2025-07-25,DEMO-01,SH-01,shovel,2.53,0.895,0,0.0
2025-07-26,DEMO-01,SH-01,shovel,2.32,0.903,0,0.0
2025-07-27,DEMO-01,SH-01,shovel,5.17,0.784,0,0.0
2025-07-28,DEMO-01,SH-01,shovel,4.68,0.805,0,0.0
2025-07-29,DEMO-01,SH-01,shovel,4.34,0.819,0,0.0
2025-07-30,DEMO-01,SH-01,shovel,7.02,0.708,0,0.0
2025-07-31,DEMO-01,SH-01,shovel,1.45,0.94,0,0.0
2025-08-01,DEMO-01,SH-01,shovel,1.44,0.94,0,0.0
2025-08-02,DEMO-01,SH-01,shovel,5.24,0.782,0,0.0
2025-08-03,DEMO-01,SH-01,shovel,5.57,0.768,0,0.0
2025-08-04,DEMO-01,SH-01,shovel,2.72,0.887,0,0.0
2025-08-05,DEMO-01,SH-01,shovel,1.49,0.938,0,0.0
2025-08-06,DEMO-01,SH-01,shovel,4.49,0.813,1,2.88
2025-08-07,DEMO-01,SH-01,shovel,6.23,0.741,0,0.0
2025-08-08,DEMO-01,SH-01,shovel,0.25,0.99,0,0.0
2025-08-09,DEMO-01,SH-01,shovel,1.79,0.925,0,0.0
2025-08-10,DEMO-01,SH-01,shovel,7.86,0.672,0,0.0
2025-08-11,DEMO-01,SH-01,shovel,3.98,0.834,0,0.0
2025-08-12,DEMO-01,SH-01,shovel,2.07,0.914,0,0.0
2025-08-13,DEMO-01,SH-01,shovel,0.42,0.983,0,0.0
2025-08-14,DEMO-01,SH-01,shovel,1.53,0.936,0,0.0
2025-08-15,DEMO-01,SH-01,shovel,11.63,0.515,0,0.0
2025-08-16,DEMO-01,SH-01,shovel,1.08,0.955,0,0.0
2025-08-17,DEMO-01,SH-01,shovel,9.25,0.615,0,0.0
2025-08-18,DEMO-01,SH-01,shovel,2.41,0.9,0,0.0
2025-08-19,DEMO-01,SH-01,shovel,7.68,0.68,0,0.0
2025-08-20,DEMO-01,SH-01,shovel,1.63,0.932,0,0.0
2025-08-21,DEMO-01,SH-01,shovel,13.18,0.451,1,8.48
2025-08-22,DEMO-01,SH-01,shovel,1.07,0.956,0,0.0
2025-08-23,DEMO-01,SH-01,shovel,3.76,0.843,0,0.0
2025-08-24,DEMO-01,SH-01,shovel,4.25,0.823,0,0.0
2025-08-25,DEMO-01,SH-01,shovel,4.92,0.795,0,0.0
2025-08-26,DEMO-01,SH-01,shovel,7.13,0.703,1,5.88
2025-08-27,DEMO-01,SH-01,shovel,0.92,0.962,0,0.0
2025-08-28,DEMO-01,SH-01,shovel,0.37,0.985,0,0.0
2025-08-29,DEMO-01,SH-01,shovel,3.83,0.841,0,0.0
2025-08-30,DEMO-01,SH-01,shovel,3.44,0.856,0,0.0
2025-08-31,DEMO-01,SH-01,shovel,3.42,0.858,0,0.0
2025-09-01,DEMO-01,SH-01,shovel,3.89,0.838,0,0.0
2025-09-02,DEMO-01,SH-01,shovel,2.37,0.901,0,0.0
2025-09-03,DEMO-01,SH-01,shovel,7.61,0.683,1,8.08
2025-09-04,DEMO-01,SH-01,shovel,0.36,0.985,0,0.0
2025-09-05,DEMO-01,SH-01,shovel,6.8,0.717,0,0.0
2025-09-06,DEMO-01,SH-01,shovel,3.19,0.867,0,0.0
2025-09-07,DEMO-01,SH-01,shovel,1.41,0.941,0,0.0
2025-09-08,DEMO-01,SH-01,shovel,9.52,0.603,1,8.21
2025-09-09,DEMO-01,SH-01,shovel,0.95,0.96,0,0.0
2025-09-10,DEMO-01,SH-01,shovel,4.01,0.833,0,0.0
2025-09-11,DEMO-01,SH-01,shovel,5.93,0.753,1,6.83
2025-09-12,DEMO-01,SH-01,shovel,1.11,0.954,0,0.0
2025-09-13,DEMO-01,SH-01,shovel,2.31,0.904,0,0.0
2025-09-14,DEMO-01,SH-01,shovel,4.43,0.815,0,0.0
2025-09-15,DEMO-01,SH-01,shovel,3.74,0.844,0,0.0
2025-09-16,DEMO-01,SH-01,shovel,1.54,0.936,0,0.0
2025-09-17,DEMO-01,SH-01,shovel,2.06,0.914,0,0.0
2025-09-18,DEMO-01,SH-01,shovel,2.92,0.879,0,0.0
2025-09-19,DEMO-01,SH-01,shovel,2.94,0.878,0,0.0
2025-09-20,DEMO-01,SH-01,shovel,1.2,0.95,0,0.0
2025-09-21,DEMO-01,SH-01,shovel,3.2,0.867,0,0.0
2025-09-22,DEMO-01,SH-01,shovel,0.86,0.964,0,0.0
2025-09-23,DEMO-01,SH-01,shovel,0.5,0.979,0,0.0
2025-09-24,DEMO-01,SH-01,shovel,2.46,0.898,0,0.0
2025-09-25,DEMO-01,SH-01,shovel,1.92,0.92,0,0.0
2025-09-26,DEMO-01,SH-01,shovel,0.65,0.973,0,0.0
2025-09-27,DEMO-01,SH-01,shovel,0.62,0.974,0,0.0
2025-09-28,DEMO-01,SH-01,shovel,3.57,0.851,0,0.0
2025-09-29,DEMO-01,SH-01,shovel,2.02,0.916,0,0.0
2025-09-30,DEMO-01,SH-01,shovel,0.98,0.959,0,0.0
2025-10-01,DEMO-01,SH-01,shovel,2.58,0.893,0,0.0
2025-10-02,DEMO-01,SH-01,shovel,1.74,0.927,0,0.0
2025-10-03,DEMO-01,SH-01,shovel,1.71,0.929,0,0.0
2025-10-04,DEMO-01,SH-01,shovel,1.32,0.945,0,0.0
2025-10-05,DEMO-01,SH-01,shovel,2.26,0.906,0,0.0
2025-10-06,DEMO-01,SH-01,shovel,10.45,0.565,1,8.72
2025-10-07,DEMO-01,SH-01,shovel,0.77,0.968,0,0.0
2025-10-08,DEMO-01,SH-01,shovel,0.62,0.974,0,0.0
2025-10-09,DEMO-01,SH-01,shovel,1.48,0.938,0,0.0
2025-10-10,DEMO-01,SH-01,shovel,2.1,0.913,0,0.0
2025-10-11,DEMO-01,SH-01,shovel,0.68,0.972,0,0.0
2025-10-12,DEMO-01,SH-01,shovel,2.41,0.9,0,0.0
2025-10-13,DEMO-01,SH-01,shovel,2.7,0.887,0,0.0
2025-10-14,DEMO-01,SH-01,shovel,0.29,0.988,0,0.0
2025-10-15,DEMO-01,SH-01,shovel,2.48,0.897,0,0.0
2025-10-16,DEMO-01,SH-01,shovel,10.65,0.556,1,9.11
2025-10-17,DEMO-01,SH-01,shovel,4.58,0.809,1,2.88
2025-10-18,DEMO-01,SH-01,shovel,0.77,0.968,0,0.0
2025-10-19,DEMO-01,SH-01,shovel,2.37,0.901,0,0.0
2025-10-20,DEMO-01,SH-01,shovel,0.64,0.973,0,0.0
2025-10-21,DEMO-01,SH-01,shovel,1.95,0.919,0,0.0
2025-10-22,DEMO-01,SH-01,shovel,4.73,0.803,0,0.0
2025-10-23,DEMO-01,SH-01,shovel,1.33,0.945,0,0.0
2025-10-24,DEMO-01,SH-01,shovel,2.03,0.915,0,0.0
2025-10-25,DEMO-01,SH-01,shovel,1.94,0.919,0,0.0
2025-10-26,DEMO-01,SH-01,shovel,1.58,0.934,0,0.0
2025-10-27,DEMO-01,SH-01,shovel,3.04,0.873,0,0.0
2025-10-28,DEMO-01,SH-01,shovel,0.97,0.959,0,0.0
2025-10-29,DEMO-01,SH-01,shovel,0.6,0.975,0,0.0
2025-10-30,DEMO-01,SH-01,shovel,1.37,0.943,0,0.0
2025-10-31,DEMO-01,SH-01,shovel,2.15,0.911,0,0.0
2025-11-01,DEMO-01,SH-01,shovel,2.8,0.883,0,0.0
2025-11-02,DEMO-01,SH-01,shovel,3.81,0.841,0,0.0
2025-11-03,DEMO-01,SH-01,shovel,2.81,0.883,0,0.0
2025-11-04,DEMO-01,SH-01,shovel,0.27,0.989,0,0.0
2025-11-05,DEMO-01,SH-01,shovel,1.29,0.946,0,0.0
2025-11-06,DEMO-01,SH-01,shovel,1.26,0.948,0,0.0
2025-11-07,DEMO-01,SH-01,shovel,5.01,0.791,0,0.0
2025-11-08,DEMO-01,SH-01,shovel,1.77,0.926,0,0.0
2025-11-09,DEMO-01,SH-01,shovel,3.64,0.848,0,0.0
2025-11-10,DEMO-01,SH-01,shovel,3.11,0.871,0,0.0
2025-11-11,DEMO-01,SH-01,shovel,0.73,0.969,0,0.0
2025-11-12,DEMO-01,SH-01,shovel,2.66,0.889,0,0.0
2025-11-13,DEMO-01,SH-01,shovel,0.15,0.994,0,0.0
2025-11-14,DEMO-01,SH-01,shovel,1.8,0.925,0,0.0
2025-11-15,DEMO-01,SH-01,shovel,1.14,0.953,0,0.0
2025-11-16,DEMO-01,SH-01,shovel,1.39,0.942,0,0.0
2025-11-17,DEMO-01,SH-01,shovel,0.8,0.967,0,0.0
2025-11-18,DEMO-01,SH-01,shovel,1.06,0.956,0,0.0
2025-11-19,DEMO-01,SH-01,shovel,3.89,0.838,0,0.0
2025-11-20,DEMO-01,SH-01,shovel,1.82,0.924,0,0.0
2025-11-21,DEMO-01,SH-01,shovel,0.22,0.991,0,0.0
2025-11-22,DEMO-01,SH-01,shovel,1.3,0.946,0,0.0
2025-11-23,DEMO-01,SH-01,shovel,1.14,0.952,0,0.0
2025-11-24,DEMO-01,SH-01,shovel,1.79,0.925,0,0.0
2025-11-25,DEMO-01,SH-01,shovel,3.53,0.853,0,0.0
2025-11-26,DEMO-01,SH-01,shovel,0.78,0.967,0,0.0
2025-11-27,DEMO-01,SH-01,shovel,0.28,0.988,0,0.0
2025-11-28,DEMO-01,SH-01,shovel,0.77,0.968,0,0.0
2025-11-29,DEMO-01,SH-01,shovel,0.94,0.961,0,0.0
2025-11-30,DEMO-01,SH-01,shovel,0.2,0.992,0,0.0
2025-12-01,DEMO-01,SH-01,shovel,2.21,0.908,0,0.0
2025-12-02,DEMO-01,SH-01,shovel,0.88,0.964,0,0.0
2025-12-03,DEMO-01,SH-01,shovel,1.34,0.944,0,0.0
2025-12-04,DEMO-01,SH-01,shovel,1.69,0.93,0,0.0
2025-12-05,DEMO-01,SH-01,shovel,4.06,0.831,0,0.0
2025-12-06,DEMO-01,SH-01,shovel,1.45,0.94,0,0.0
2025-12-07,DEMO-01,SH-01,shovel,1.8,0.925,0,0.0
2025-12-08,DEMO-01,SH-01,shovel,2.79,0.884,0,0.0
2025-12-09,DEMO-01,SH-01,shovel,4.11,0.829,0,0.0
2025-12-10,DEMO-01,SH-01,shovel,3.54,0.853,0,0.0
2025-12-11,DEMO-01,SH-01,shovel,1.9,0.921,0,0.0
2025-12-12,DEMO-01,SH-01,shovel,1.17,0.951,0,0.0
2025-12-13,DEMO-01,SH-01,shovel,1.09,0.954,0,0.0
2025-12-14,DEMO-01,SH-01,shovel,1.5,0.938,0,0.0
2025-12-15,DEMO-01,SH-01,shovel,0.96,0.96,0,0.0
2025-12-16,DEMO-01,SH-01,shovel,0.15,0.994,0,0.0
2025-12-17,DEMO-01,SH-01,shovel,0.64,0.973,0,0.0
2025-12-18,DEMO-01,SH-01,shovel,2.34,0.903,0,0.0
2025-12-19,DEMO-01,SH-01,shovel,1.13,0.953,0,0.0
2025-12-20,DEMO-01,SH-01,shovel,1.89,0.921,0,0.0
2025-12-21,DEMO-01,SH-01,shovel,0.36,0.985,0,0.0
2025-12-22,DEMO-01,SH-01,shovel,0.26,0.989,0,0.0
2025-12-23,DEMO-01,SH-01,shovel,0.66,0.973,0,0.0
2025-12-24,DEMO-01,SH-01,shovel,1.63,0.932,0,0.0
2025-12-25,DEMO-01,SH-01,shovel,3.57,0.851,0,0.0
2025-12-26,DEMO-01,SH-01,shovel,0.57,0.976,0,0.0
2025-12-27,DEMO-01,SH-01,shovel,2.26,0.906,0,0.0
2025-12-28,DEMO-01,SH-01,shovel,1.82,0.924,0,0.0
2025-12-29,DEMO-01,SH-01,shovel,3.14,0.869,0,0.0
2025-12-30,DEMO-01,SH-01,shovel,1.81,0.924,0,0.0
2025-12-31,DEMO-01,SH-01,shovel,0.62,0.974,0,0.0
2023-01-01,DEMO-01,SH-02,shovel,1.47,0.939,0,0.0
2023-01-02,DEMO-01,SH-02,shovel,2.76,0.885,0,0.0
2023-01-03,DEMO-01,SH-02,shovel,3.24,0.865,0,0.0
2023-01-04,DEMO-01,SH-02,shovel,0.63,0.974,0,0.0
2023-01-05,DEMO-01,SH-02,shovel,2.96,0.876,0,0.0
2023-01-06,DEMO-01,SH-02,shovel,2.23,0.907,0,0.0
2023-01-07,DEMO-01,SH-02,shovel,2.71,0.887,0,0.0
2023-01-08,DEMO-01,SH-02,shovel,1.34,0.944,0,0.0
2023-01-09,DEMO-01,SH-02,shovel,5.1,0.787,0,0.0
2023-01-10,DEMO-01,SH-02,shovel,1.35,0.944,0,0.0
2023-01-11,DEMO-01,SH-02,shovel,0.81,0.966,0,0.0
2023-01-12,DEMO-01,SH-02,shovel,2.96,0.877,0,0.0
2023-01-13,DEMO-01,SH-02,shovel,1.9,0.921,0,0.0
2023-01-14,DEMO-01,SH-02,shovel,1.15,0.952,0,0.0
2023-01-15,DEMO-01,SH-02,shovel,1.07,0.955,0,0.0
2023-01-16,DEMO-01,SH-02,shovel,3.46,0.856,0,0.0
2023-01-17,DEMO-01,SH-02,shovel,4.25,0.823,0,0.0
2023-01-18,DEMO-01,SH-02,shovel,0.73,0.97,0,0.0
2023-01-19,DEMO-01,SH-02,shovel,0.97,0.96,0,0.0
2023-01-20,DEMO-01,SH-02,shovel,1.6,0.933,0,0.0
2023-01-21,DEMO-01,SH-02,shovel,1.93,0.919,0,0.0
2023-01-22,DEMO-01,SH-02,shovel,3.58,0.851,0,0.0
2023-01-23,DEMO-01,SH-02,shovel,0.72,0.97,0,0.0
2023-01-24,DEMO-01,SH-02,shovel,1.78,0.926,0,0.0
2023-01-25,DEMO-01,SH-02,shovel,0.94,0.961,0,0.0
2023-01-26,DEMO-01,SH-02,shovel,2.56,0.893,0,0.0
2023-01-27,DEMO-01,SH-02,shovel,2.88,0.88,0,0.0
2023-01-28,DEMO-01,SH-02,shovel,1.99,0.917,0,0.0
2023-01-29,DEMO-01,SH-02,shovel,0.38,0.984,0,0.0
2023-01-30,DEMO-01,SH-02,shovel,1.8,0.925,0,0.0
2023-01-31,DEMO-01,SH-02,shovel,0.51,0.979,0,0.0
2023-02-01,DEMO-01,SH-02,shovel,0.73,0.97,0,0.0
2023-02-02,DEMO-01,SH-02,shovel,2.74,0.886,0,0.0
2023-02-03,DEMO-01,SH-02,shovel,2.36,0.902,0,0.0
2023-02-04,DEMO-01,SH-02,shovel,0.49,0.979,0,0.0
2023-02-05,DEMO-01,SH-02,shovel,1.67,0.93,0,0.0
2023-02-06,DEMO-01,SH-02,shovel,0.86,0.964,0,0.0
2023-02-07,DEMO-01,SH-02,shovel,0.54,0.978,0,0.0
2023-02-08,DEMO-01,SH-02,shovel,3.77,0.843,0,0.0
2023-02-09,DEMO-01,SH-02,shovel,8.72,0.637,1,7.61
2023-02-10,DEMO-01,SH-02,shovel,1.55,0.935,0,0.0
2023-02-11,DEMO-01,SH-02,shovel,2.96,0.877,0,0.0
2023-02-12,DEMO-01,SH-02,shovel,1.72,0.928,0,0.0
2023-02-13,DEMO-01,SH-02,shovel,1.94,0.919,0,0.0
2023-02-14,DEMO-01,SH-02,shovel,2.16,0.91,0,0.0
2023-02-15,DEMO-01,SH-02,shovel,3.1,0.871,0,0.0
2023-02-16,DEMO-01,SH-02,shovel,1.57,0.935,0,0.0
2023-02-17,DEMO-01,SH-02,shovel,0.08,0.996,0,0.0
2023-02-18,DEMO-01,SH-02,shovel,0.73,0.97,0,0.0
2023-02-19,DEMO-01,SH-02,shovel,0.14,0.994,0,0.0
2023-02-20,DEMO-01,SH-02,shovel,2.06,0.914,0,0.0
2023-02-21,DEMO-01,SH-02,shovel,0.26,0.989,0,0.0
2023-02-22,DEMO-01,SH-02,shovel,0.41,0.983,0,0.0
2023-02-23,DEMO-01,SH-02,shovel,1.08,0.955,0,0.0
2023-02-24,DEMO-01,SH-02,shovel,4.27,0.822,0,0.0
2023-02-25,DEMO-01,SH-02,shovel,4.17,0.826,0,0.0
2023-02-26,DEMO-01,SH-02,shovel,1.45,0.939,0,0.0
2023-02-27,DEMO-01,SH-02,shovel,2.07,0.914,0,0.0
2023-02-28,DEMO-01,SH-02,shovel,1.14,0.953,0,0.0
2023-03-01,DEMO-01,SH-02,shovel,3.54,0.853,0,0.0
2023-03-02,DEMO-01,SH-02,shovel,0.22,0.991,0,0.0
2023-03-03,DEMO-01,SH-02,shovel,1.29,0.946,0,0.0
2023-03-04,DEMO-01,SH-02,shovel,1.8,0.925,0,0.0
2023-03-05,DEMO-01,SH-02,shovel,1.25,0.948,0,0.0
2023-03-06,DEMO-01,SH-02,shovel,1.68,0.93,0,0.0
2023-03-07,DEMO-01,SH-02,shovel,2.11,0.912,0,0.0
2023-03-08,DEMO-01,SH-02,shovel,5.58,0.768,1,6.22
2023-03-09,DEMO-01,SH-02,shovel,2.86,0.881,0,0.0
2023-03-10,DEMO-01,SH-02,shovel,0.29,0.988,0,0.0
2023-03-11,DEMO-01,SH-02,shovel,2.76,0.885,0,0.0
2023-03-12,DEMO-01,SH-02,shovel,2.62,0.891,0,0.0
2023-03-13,DEMO-01,SH-02,shovel,0.84,0.965,0,0.0
2023-03-14,DEMO-01,SH-02,shovel,0.42,0.983,0,0.0
2023-03-15,DEMO-01,SH-02,shovel,0.59,0.975,0,0.0
2023-03-16,DEMO-01,SH-02,shovel,0.66,0.973,0,0.0
2023-03-17,DEMO-01,SH-02,shovel,0.73,0.97,0,0.0
2023-03-18,DEMO-01,SH-02,shovel,5.65,0.764,1,3.43
2023-03-19,DEMO-01,SH-02,shovel,0.67,0.972,0,0.0
2023-03-20,DEMO-01,SH-02,shovel,3.42,0.857,1,2.67
2023-03-21,DEMO-01,SH-02,shovel,2.83,0.882,1,2.5
2023-03-22,DEMO-01,SH-02,shovel,3.67,0.847,0,0.0
2023-03-23,DEMO-01,SH-02,shovel,0.55,0.977,0,0.0
2023-03-24,DEMO-01,SH-02,shovel,2.76,0.885,0,0.0
2023-03-25,DEMO-01,SH-02,shovel,4.07,0.83,0,0.0
2023-03-26,DEMO-01,SH-02,shovel,1.19,0.95,0,0.0
2023-03-27,DEMO-01,SH-02,shovel,4.51,0.812,0,0.0
2023-03-28,DEMO-01,SH-02,shovel,1.35,0.944,0,0.0
2023-03-29,DEMO-01,SH-02,shovel,1.3,0.946,0,0.0
2023-03-30,DEMO-01,SH-02,shovel,1.93,0.919,0,0.0
2023-03-31,DEMO-01,SH-02,shovel,2.62,0.891,0,0.0
2023-04-01,DEMO-01,SH-02,shovel,3.65,0.848,0,0.0
2023-04-02,DEMO-01,SH-02,shovel,1.07,0.955,0,0.0
2023-04-03,DEMO-01,SH-02,shovel,0.25,0.99,0,0.0
2023-04-04,DEMO-01,SH-02,shovel,0.35,0.985,0,0.0
2023-04-05,DEMO-01,SH-02,shovel,0.66,0.973,0,0.0
2023-04-06,DEMO-01,SH-02,shovel,4.73,0.803,0,0.0
2023-04-07,DEMO-01,SH-02,shovel,1.78,0.926,0,0.0
2023-04-08,DEMO-01,SH-02,shovel,1.3,0.946,0,0.0
2023-04-09,DEMO-01,SH-02,shovel,1.66,0.931,0,0.0
2023-04-10,DEMO-01,SH-02,shovel,0.44,0.982,0,0.0
2023-04-11,DEMO-01,SH-02,shovel,0.61,0.975,0,0.0
2023-04-12,DEMO-01,SH-02,shovel,1.19,0.95,0,0.0
2023-04-13,DEMO-01,SH-02,shovel,0.21,0.991,0,0.0
2023-04-14,DEMO-01,SH-02,shovel,0.67,0.972,0,0.0
2023-04-15,DEMO-01,SH-02,shovel,2.65,0.89,0,0.0
2023-04-16,DEMO-01,SH-02,shovel,1.68,0.93,0,0.0
2023-04-17,DEMO-01,SH-02,shovel,2.58,0.892,0,0.0
2023-04-18,DEMO-01,SH-02,shovel,1.04,0.956,0,0.0
2023-04-19,DEMO-01,SH-02,shovel,0.52,0.978,0,0.0
2023-04-20,DEMO-01,SH-02,shovel,1.99,0.917,0,0.0
2023-04-21,DEMO-01,SH-02,shovel,1.52,0.937,0,0.0
2023-04-22,DEMO-01,SH-02,shovel,0.53,0.978,0,0.0
2023-04-23,DEMO-01,SH-02,shovel,1.96,0.918,0,0.0
2023-04-24,DEMO-01,SH-02,shovel,0.94,0.961,0,0.0
2023-04-25,DEMO-01,SH-02,shovel,1.37,0.943,0,0.0
2023-04-26,DEMO-01,SH-02,shovel,3.62,0.849,0,0.0
2023-04-27,DEMO-01,SH-02,shovel,1.63,0.932,0,0.0
2023-04-28,DEMO-01,SH-02,shovel,7.78,0.676,1,6.05
2023-04-29,DEMO-01,SH-02,shovel,0.41,0.983,0,0.0
2023-04-30,DEMO-01,SH-02,shovel,0.3,0.988,0,0.0
2023-05-01,DEMO-01,SH-02,shovel,0.45,0.981,0,0.0
2023-05-02,DEMO-01,SH-02,shovel,0.75,0.969,0,0.0
2023-05-03,DEMO-01,SH-02,shovel,2.53,0.894,0,0.0
2023-05-04,DEMO-01,SH-02,shovel,0.89,0.963,0,0.0
2023-05-05,DEMO-01,SH-02,shovel,1.51,0.937,0,0.0
2023-05-06,DEMO-01,SH-02,shovel,0.51,0.979,0,0.0
2023-05-07,DEMO-01,SH-02,shovel,3.24,0.865,0,0.0
2023-05-08,DEMO-01,SH-02,shovel,0.75,0.969,0,0.0
2023-05-09,DEMO-01,SH-02,shovel,0.37,0.984,0,0.0
2023-05-10,DEMO-01,SH-02,shovel,1.6,0.933,0,0.0
2023-05-11,DEMO-01,SH-02,shovel,2.3,0.904,0,0.0
2023-05-12,DEMO-01,SH-02,shovel,1.69,0.929,0,0.0
2023-05-13,DEMO-01,SH-02,shovel,2.15,0.911,0,0.0
2023-05-14,DEMO-01,SH-02,shovel,1.23,0.949,0,0.0
2023-05-15,DEMO-01,SH-02,shovel,1.57,0.935,0,0.0
2023-05-16,DEMO-01,SH-02,shovel,3.81,0.841,0,0.0
2023-05-17,DEMO-01,SH-02,shovel,1.12,0.953,0,0.0
2023-05-18,DEMO-01,SH-02,shovel,2.57,0.893,0,0.0
2023-05-19,DEMO-01,SH-02,shovel,0.61,0.975,0,0.0
2023-05-20,DEMO-01,SH-02,shovel,1.5,0.937,0,0.0
2023-05-21,DEMO-01,SH-02,shovel,4.26,0.823,0,0.0
2023-05-22,DEMO-01,SH-02,shovel,1.42,0.941,0,0.0
2023-05-23,DEMO-01,SH-02,shovel,2.69,0.888,0,0.0
2023-05-24,DEMO-01,SH-02,shovel,0.55,0.977,0,0.0
2023-05-25,DEMO-01,SH-02,shovel,1.88,0.922,0,0.0
2023-05-26,DEMO-01,SH-02,shovel,0.37,0.985,0,0.0
2023-05-27,DEMO-01,SH-02,shovel,1.72,0.928,0,0.0
2023-05-28,DEMO-01,SH-02,shovel,1.92,0.92,0,0.0
2023-05-29,DEMO-01,SH-02,shovel,2.83,0.882,0,0.0
2023-05-30,DEMO-01,SH-02,shovel,1.17,0.951,0,0.0
2023-05-31,DEMO-01,SH-02,shovel,3.21,0.866,0,0.0
2023-06-01,DEMO-01,SH-02,shovel,2.82,0.882,0,0.0
2023-06-02,DEMO-01,SH-02,shovel,2.43,0.899,0,0.0
2023-06-03,DEMO-01,SH-02,shovel,3.28,0.863,0,0.0
2023-06-04,DEMO-01,SH-02,shovel,3.43,0.857,0,0.0
2023-06-05,DEMO-01,SH-02,shovel,0.91,0.962,0,0.0
2023-06-06,DEMO-01,SH-02,shovel,2.44,0.898,0,0.0
2023-06-07,DEMO-01,SH-02,shovel,0.65,0.973,0,0.0
2023-06-08,DEMO-01,SH-02,shovel,2.71,0.887,0,0.0
2023-06-09,DEMO-01,SH-02,shovel,2.16,0.91,0,0.0
2023-06-10,DEMO-01,SH-02,shovel,3.32,0.862,0,0.0
2023-06-11,DEMO-01,SH-02,shovel,0.72,0.97,0,0.0
2023-06-12,DEMO-01,SH-02,shovel,1.53,0.936,0,0.0
2023-06-13,DEMO-01,SH-02,shovel,1.13,0.953,0,0.0
2023-06-14,DEMO-01,SH-02,shovel,1.71,0.929,0,0.0
2023-06-15,DEMO-01,SH-02,shovel,1.03,0.957,0,0.0
2023-06-16,DEMO-01,SH-02,shovel,0.59,0.975,0,0.0
2023-06-17,DEMO-01,SH-02,shovel,1.9,0.921,0,0.0
2023-06-18,DEMO-01,SH-02,shovel,8.37,0.651,0,0.0
2023-06-19,DEMO-01,SH-02,shovel,2.1,0.913,0,0.0
2023-06-20,DEMO-01,SH-02,shovel,2.02,0.916,0,0.0
2023-06-21,DEMO-01,SH-02,shovel,1.41,0.941,0,0.0
2023-06-22,DEMO-01,SH-02,shovel,2.85,0.881,0,0.0
2023-06-23,DEMO-01,SH-02,shovel,5.63,0.765,0,0.0
2023-06-24,DEMO-01,SH-02,shovel,1.24,0.948,0,0.0
2023-06-25,DEMO-01,SH-02,shovel,3.36,0.86,0,0.0
2023-06-26,DEMO-01,SH-02,shovel,4.88,0.797,0,0.0
2023-06-27,DEMO-01,SH-02,shovel,1.6,0.933,0,0.0
2023-06-28,DEMO-01,SH-02,shovel,7.82,0.674,0,0.0
2023-06-29,DEMO-01,SH-02,shovel,1.63,0.932,0,0.0
2023-06-30,DEMO-01,SH-02,shovel,7.96,0.668,0,0.0
2023-07-01,DEMO-01,SH-02,shovel,5.53,0.77,0,0.0
2023-07-02,DEMO-01,SH-02,shovel,0.87,0.964,0,0.0
2023-07-03,DEMO-01,SH-02,shovel,1.67,0.931,0,0.0
2023-07-04,DEMO-01,SH-02,shovel,3.87,0.839,0,0.0
2023-07-05,DEMO-01,SH-02,shovel,0.17,0.993,0,0.0
2023-07-06,DEMO-01,SH-02,shovel,0.4,0.983,0,0.0
2023-07-07,DEMO-01,SH-02,shovel,3.45,0.856,0,0.0
2023-07-08,DEMO-01,SH-02,shovel,3.79,0.842,0,0.0
2023-07-09,DEMO-01,SH-02,shovel,3.14,0.869,0,0.0
2023-07-10,DEMO-01,SH-02,shovel,5.19,0.784,0,0.0
2023-07-11,DEMO-01,SH-02,shovel,1.24,0.948,0,0.0
2023-07-12,DEMO-01,SH-02,shovel,6.92,0.712,0,0.0
2023-07-13,DEMO-01,SH-02,shovel,9.2,0.617,0,0.0
2023-07-14,DEMO-01,SH-02,shovel,1.59,0.934,0,0.0
2023-07-15,DEMO-01,SH-02,shovel,5.07,0.789,0,0.0
2023-07-16,DEMO-01,SH-02,shovel,14.87,0.381,1,2.63
2023-07-17,DEMO-01,SH-02,shovel,5.47,0.772,0,0.0
2023-07-18,DEMO-01,SH-02,shovel,11.61,0.516,0,0.0
2023-07-19,DEMO-01,SH-02,shovel,4.99,0.792,0,0.0
2023-07-20,DEMO-01,SH-02,shovel,16.47,0.314,0,0.0
2023-07-21,DEMO-01,SH-02,shovel,8.06,0.664,0,0.0
2023-07-22,DEMO-01,SH-02,shovel,3.2,0.866,0,0.0
2023-07-23,DEMO-01,SH-02,shovel,0.39,0.984,0,0.0
2023-07-24,DEMO-01,SH-02,shovel,8.11,0.662,0,0.0
2023-07-25,DEMO-01,SH-02,shovel,1.94,0.919,0,0.0
2023-07-26,DEMO-01,SH-02,shovel,15.85,0.34,0,0.0
2023-07-27,DEMO-01,SH-02,shovel,11.34,0.528,0,0.0
2023-07-28,DEMO-01,SH-02,shovel,4.1,0.829,0,0.0
2023-07-29,DEMO-01,SH-02,shovel,3.72,0.845,0,0.0
2023-07-30,DEMO-01,SH-02,shovel,7.83,0.674,0,0.0
2023-07-31,DEMO-01,SH-02,shovel,2.09,0.913,0,0.0
2023-08-01,DEMO-01,SH-02,shovel,0.81,0.966,0,0.0
2023-08-02,DEMO-01,SH-02,shovel,2.85,0.881,0,0.0
2023-08-03,DEMO-01,SH-02,shovel,6.84,0.715,0,0.0
2023-08-04,DEMO-01,SH-02,shovel,8.66,0.639,0,0.0
2023-08-05,DEMO-01,SH-02,shovel,5.42,0.774,0,0.0
2023-08-06,DEMO-01,SH-02,shovel,1.68,0.93,0,0.0
2023-08-07,DEMO-01,SH-02,shovel,1.0,0.958,0,0.0
2023-08-08,DEMO-01,SH-02,shovel,1.94,0.919,0,0.0
2023-08-09,DEMO-01,SH-02,shovel,2.08,0.913,0,0.0
2023-08-10,DEMO-01,SH-02,shovel,4.53,0.811,0,0.0
2023-08-11,DEMO-01,SH-02,shovel,1.82,0.924,0,0.0
2023-08-12,DEMO-01,SH-02,shovel,1.36,0.943,0,0.0
2023-08-13,DEMO-01,SH-02,shovel,15.44,0.357,1,8.9
2023-08-14,DEMO-01,SH-02,shovel,5.96,0.752,1,5.97
2023-08-15,DEMO-01,SH-02,shovel,2.54,0.894,0,0.0
2023-08-16,DEMO-01,SH-02,shovel,7.09,0.704,1,6.97
2023-08-17,DEMO-01,SH-02,shovel,8.71,0.637,1,9.34
2023-08-18,DEMO-01,SH-02,shovel,2.51,0.895,0,0.0
2023-08-19,DEMO-01,SH-02,shovel,2.83,0.882,0,0.0
2023-08-20,DEMO-01,SH-02,shovel,3.22,0.866,0,0.0
2023-08-21,DEMO-01,SH-02,shovel,1.61,0.933,0,0.0
2023-08-22,DEMO-01,SH-02,shovel,1.14,0.953,0,0.0
2023-08-23,DEMO-01,SH-02,shovel,3.7,0.846,0,0.0
2023-08-24,DEMO-01,SH-02,shovel,1.77,0.926,0,0.0
2023-08-25,DEMO-01,SH-02,shovel,3.71,0.845,0,0.0
2023-08-26,DEMO-01,SH-02,shovel,2.22,0.908,0,0.0
2023-08-27,DEMO-01,SH-02,shovel,1.42,0.941,0,0.0
2023-08-28,DEMO-01,SH-02,shovel,0.81,0.966,0,0.0
2023-08-29,DEMO-01,SH-02,shovel,1.47,0.939,0,0.0
2023-08-30,DEMO-01,SH-02,shovel,5.13,0.786,0,0.0
2023-08-31,DEMO-01,SH-02,shovel,3.24,0.865,0,0.0
2023-09-01,DEMO-01,SH-02,shovel,2.13,0.911,0,0.0
2023-09-02,DEMO-01,SH-02,shovel,1.06,0.956,0,0.0
2023-09-03,DEMO-01,SH-02,shovel,1.5,0.938,0,0.0
2023-09-04,DEMO-01,SH-02,shovel,0.49,0.98,0,0.0
2023-09-05,DEMO-01,SH-02,shovel,1.77,0.926,0,0.0
2023-09-06,DEMO-01,SH-02,shovel,3.44,0.857,0,0.0
2023-09-07,DEMO-01,SH-02,shovel,6.07,0.747,0,0.0
2023-09-08,DEMO-01,SH-02,shovel,0.47,0.98,0,0.0
2023-09-09,DEMO-01,SH-02,shovel,3.23,0.865,0,0.0
2023-09-10,DEMO-01,SH-02,shovel,0.04,0.998,0,0.0
2023-09-11,DEMO-01,SH-02,shovel,3.42,0.858,0,0.0
2023-09-12,DEMO-01,SH-02,shovel,3.02,0.874,0,0.0
2023-09-13,DEMO-01,SH-02,shovel,1.57,0.935,0,0.0
2023-09-14,DEMO-01,SH-02,shovel,4.4,0.816,0,0.0
2023-09-15,DEMO-01,SH-02,shovel,2.79,0.884,0,0.0
2023-09-16,DEMO-01,SH-02,shovel,1.28,0.947,0,0.0
2023-09-17,DEMO-01,SH-02,shovel,0.5,0.979,0,0.0
2023-09-18,DEMO-01,SH-02,shovel,4.93,0.795,0,0.0
2023-09-19,DEMO-01,SH-02,shovel,2.3,0.904,0,0.0
2023-09-20,DEMO-01,SH-02,shovel,4.07,0.83,0,0.0
2023-09-21,DEMO-01,SH-02,shovel,4.3,0.821,1,3.83
2023-09-22,DEMO-01,SH-02,shovel,1.67,0.93,0,0.0
2023-09-23,DEMO-01,SH-02,shovel,0.48,0.98,0,0.0
2023-09-24,DEMO-01,SH-02,shovel,0.84,0.965,0,0.0
2023-09-25,DEMO-01,SH-02,shovel,2.12,0.912,0,0.0
2023-09-26,DEMO-01,SH-02,shovel,2.5,0.896,0,0.0
2023-09-27,DEMO-01,SH-02,shovel,2.76,0.885,0,0.0
2023-09-28,DEMO-01,SH-02,shovel,2.24,0.907,0,0.0
2023-09-29,DEMO-01,SH-02,shovel,1.27,0.947,0,0.0
2023-09-30,DEMO-01,SH-02,shovel,1.64,0.932,0,0.0
2023-10-01,DEMO-01,SH-02,shovel,0.19,0.992,0,0.0
2023-10-02,DEMO-01,SH-02,shovel,4.51,0.812,0,0.0
2023-10-03,DEMO-01,SH-02,shovel,1.67,0.931,0,0.0
2023-10-04,DEMO-01,SH-02,shovel,2.59,0.892,0,0.0
2023-10-05,DEMO-01,SH-02,shovel,2.65,0.89,0,0.0
2023-10-06,DEMO-01,SH-02,shovel,3.36,0.86,0,0.0
2023-10-07,DEMO-01,SH-02,shovel,0.44,0.982,0,0.0
2023-10-08,DEMO-01,SH-02,shovel,1.48,0.938,0,0.0
2023-10-09,DEMO-01,SH-02,shovel,0.76,0.969,0,0.0
2023-10-10,DEMO-01,SH-02,shovel,2.29,0.905,0,0.0
2023-10-11,DEMO-01,SH-02,shovel,0.77,0.968,0,0.0
2023-10-12,DEMO-01,SH-02,shovel,0.99,0.959,0,0.0
2023-10-13,DEMO-01,SH-02,shovel,1.81,0.925,0,0.0
2023-10-14,DEMO-01,SH-02,shovel,0.79,0.967,0,0.0
2023-10-15,DEMO-01,SH-02,shovel,1.45,0.939,0,0.0
2023-10-16,DEMO-01,SH-02,shovel,0.71,0.971,0,0.0
2023-10-17,DEMO-01,SH-02,shovel,4.0,0.833,0,0.0
2023-10-18,DEMO-01,SH-02,shovel,0.27,0.989,0,0.0
2023-10-19,DEMO-01,SH-02,shovel,0.55,0.977,0,0.0
2023-10-20,DEMO-01,SH-02,shovel,1.44,0.94,0,0.0
2023-10-21,DEMO-01,SH-02,shovel,0.34,0.986,0,0.0
2023-10-22,DEMO-01,SH-02,shovel,4.39,0.817,0,0.0
2023-10-23,DEMO-01,SH-02,shovel,2.46,0.898,0,0.0
2023-10-24,DEMO-01,SH-02,shovel,0.64,0.973,0,0.0
2023-10-25,DEMO-01,SH-02,shovel,0.27,0.989,0,0.0
2023-10-26,DEMO-01,SH-02,shovel,2.91,0.879,0,0.0
2023-10-27,DEMO-01,SH-02,shovel,2.26,0.906,0,0.0
2023-10-28,DEMO-01,SH-02,shovel,3.88,0.838,0,0.0
2023-10-29,DEMO-01,SH-02,shovel,2.83,0.882,0,0.0
2023-10-30,DEMO-01,SH-02,shovel,2.94,0.878,0,0.0
2023-10-31,DEMO-01,SH-02,shovel,2.19,0.909,0,0.0
2023-11-01,DEMO-01,SH-02,shovel,3.46,0.856,0,0.0
2023-11-02,DEMO-01,SH-02,shovel,1.11,0.954,0,0.0
2023-11-03,DEMO-01,SH-02,shovel,0.82,0.966,0,0.0
2023-11-04,DEMO-01,SH-02,shovel,2.96,0.877,0,0.0
2023-11-05,DEMO-01,SH-02,shovel,2.15,0.91,0,0.0
2023-11-06,DEMO-01,SH-02,shovel,0.71,0.97,0,0.0
2023-11-07,DEMO-01,SH-02,shovel,3.06,0.873,0,0.0
2023-11-08,DEMO-01,SH-02,shovel,0.77,0.968,0,0.0
2023-11-09,DEMO-01,SH-02,shovel,2.87,0.88,0,0.0
2023-11-10,DEMO-01,SH-02,shovel,3.91,0.837,1,1.76
2023-11-11,DEMO-01,SH-02,shovel,0.98,0.959,0,0.0
2023-11-12,DEMO-01,SH-02,shovel,2.43,0.899,0,0.0
2023-11-13,DEMO-01,SH-02,shovel,0.34,0.986,0,0.0
2023-11-14,DEMO-01,SH-02,shovel,0.47,0.98,0,0.0
2023-11-15,DEMO-01,SH-02,shovel,1.93,0.92,0,0.0
2023-11-16,DEMO-01,SH-02,shovel,1.35,0.944,0,0.0
2023-11-17,DEMO-01,SH-02,shovel,5.43,0.774,1,5.28
2023-11-18,DEMO-01,SH-02,shovel,1.93,0.92,0,0.0
2023-11-19,DEMO-01,SH-02,shovel,0.86,0.964,0,0.0
2023-11-20,DEMO-01,SH-02,shovel,1.57,0.934,0,0.0
2023-11-21,DEMO-01,SH-02,shovel,0.74,0.969,0,0.0
2023-11-22,DEMO-01,SH-02,shovel,1.19,0.951,0,0.0
2023-11-23,DEMO-01,SH-02,shovel,1.26,0.947,0,0.0
2023-11-24,DEMO-01,SH-02,shovel,4.73,0.803,0,0.0
2023-11-25,DEMO-01,SH-02,shovel,3.4,0.858,1,3.73
2023-11-26,DEMO-01,SH-02,shovel,0.4,0.983,0,0.0
2023-11-27,DEMO-01,SH-02,shovel,1.89,0.921,0,0.0
2023-11-28,DEMO-01,SH-02,shovel,3.47,0.855,0,0.0
2023-11-29,DEMO-01,SH-02,shovel,1.78,0.926,0,0.0
2023-11-30,DEMO-01,SH-02,shovel,1.58,0.934,0,0.0
2023-12-01,DEMO-01,SH-02,shovel,0.7,0.971,0,0.0
2023-12-02,DEMO-01,SH-02,shovel,2.45,0.898,0,0.0
2023-12-03,DEMO-01,SH-02,shovel,0.73,0.969,0,0.0
2023-12-04,DEMO-01,SH-02,shovel,0.61,0.975,0,0.0
2023-12-05,DEMO-01,SH-02,shovel,0.59,0.975,0,0.0
2023-12-06,DEMO-01,SH-02,shovel,1.29,0.946,0,0.0
2023-12-07,DEMO-01,SH-02,shovel,5.96,0.752,0,0.0
2023-12-08,DEMO-01,SH-02,shovel,2.39,0.9,0,0.0
2023-12-09,DEMO-01,SH-02,shovel,3.0,0.875,0,0.0
2023-12-10,DEMO-01,SH-02,shovel,1.16,0.952,0,0.0
2023-12-11,DEMO-01,SH-02,shovel,1.11,0.954,0,0.0
2023-12-12,DEMO-01,SH-02,shovel,2.57,0.893,0,0.0
2023-12-13,DEMO-01,SH-02,shovel,5.23,0.782,0,0.0
2023-12-14,DEMO-01,SH-02,shovel,0.71,0.971,0,0.0
2023-12-15,DEMO-01,SH-02,shovel,2.21,0.908,0,0.0
2023-12-16,DEMO-01,SH-02,shovel,3.2,0.867,0,0.0
2023-12-17,DEMO-01,SH-02,shovel,1.01,0.958,0,0.0
2023-12-18,DEMO-01,SH-02,shovel,2.36,0.902,0,0.0
2023-12-19,DEMO-01,SH-02,shovel,0.67,0.972,0,0.0
2023-12-20,DEMO-01,SH-02,shovel,1.67,0.93,0,0.0
2023-12-21,DEMO-01,SH-02,shovel,0.71,0.97,0,0.0
2023-12-22,DEMO-01,SH-02,shovel,0.42,0.983,0,0.0
2023-12-23,DEMO-01,SH-02,shovel,1.95,0.919,0,0.0
2023-12-24,DEMO-01,SH-02,shovel,1.78,0.926,0,0.0
2023-12-25,DEMO-01,SH-02,shovel,5.17,0.785,0,0.0
2023-12-26,DEMO-01,SH-02,shovel,1.9,0.921,0,0.0
2023-12-27,DEMO-01,SH-02,shovel,1.29,0.946,0,0.0
2023-12-28,DEMO-01,SH-02,shovel,2.85,0.881,0,0.0
2023-12-29,DEMO-01,SH-02,shovel,1.35,0.944,0,0.0
2023-12-30,DEMO-01,SH-02,shovel,1.04,0.957,0,0.0
2023-12-31,DEMO-01,SH-02,shovel,1.23,0.949,0,0.0
2024-01-01,DEMO-01,SH-02,shovel,0.98,0.959,0,0.0
2024-01-02,DEMO-01,SH-02,shovel,3.47,0.855,0,0.0
2024-01-03,DEMO-01,SH-02,shovel,0.88,0.963,0,0.0
2024-01-04,DEMO-01,SH-02,shovel,1.45,0.94,0,0.0
2024-01-05,DEMO-01,SH-02,shovel,1.2,0.95,0,0.0
2024-01-06,DEMO-01,SH-02,shovel,0.57,0.976,0,0.0
2024-01-07,DEMO-01,SH-02,shovel,1.17,0.951,0,0.0
2024-01-08,DEMO-01,SH-02,shovel,1.72,0.928,0,0.0
2024-01-09,DEMO-01,SH-02,shovel,0.52,0.979,0,0.0
2024-01-10,DEMO-01,SH-02,shovel,1.88,0.922,0,0.0
2024-01-11,DEMO-01,SH-02,shovel,4.33,0.82,0,0.0
2024-01-12,DEMO-01,SH-02,shovel,2.39,0.9,0,0.0
2024-01-13,DEMO-01,SH-02,shovel,0.25,0.99,0,0.0
2024-01-14,DEMO-01,SH-02,shovel,0.98,0.959,0,0.0
2024-01-15,DEMO-01,SH-02,shovel,0.77,0.968,0,0.0
2024-01-16,DEMO-01,SH-02,shovel,0.23,0.99,0,0.0
2024-01-17,DEMO-01,SH-02,shovel,0.71,0.97,0,0.0
2024-01-18,DEMO-01,SH-02,shovel,1.5,0.938,0,0.0
2024-01-19,DEMO-01,SH-02,shovel,1.2,0.95,0,0.0
2024-01-20,DEMO-01,SH-02,shovel,1.97,0.918,0,0.0
2024-01-21,DEMO-01,SH-02,shovel,0.55,0.977,0,0.0
2024-01-22,DEMO-01,SH-02,shovel,1.03,0.957,0,0.0
2024-01-23,DEMO-01,SH-02,shovel,2.26,0.906,0,0.0
2024-01-24,DEMO-01,SH-02,shovel,2.8,0.883,0,0.0
2024-01-25,DEMO-01,SH-02,shovel,0.2,0.992,0,0.0
2024-01-26,DEMO-01,SH-02,shovel,3.17,0.868,0,0.0
2024-01-27,DEMO-01,SH-02,shovel,3.29,0.863,0,0.0
2024-01-28,DEMO-01,SH-02,shovel,4.98,0.793,0,0.0
2024-01-29,DEMO-01,SH-02,shovel,2.51,0.895,0,0.0
2024-01-30,DEMO-01,SH-02,shovel,0.73,0.97,0,0.0
2024-01-31,DEMO-01,SH-02,shovel,2.63,0.89,0,0.0
2024-02-01,DEMO-01,SH-02,shovel,0.53,0.978,0,0.0
2024-02-02,DEMO-01,SH-02,shovel,4.11,0.829,0,0.0
2024-02-03,DEMO-01,SH-02,shovel,1.27,0.947,0,0.0
2024-02-04,DEMO-01,SH-02,shovel,1.06,0.956,0,0.0
2024-02-05,DEMO-01,SH-02,shovel,0.86,0.964,0,0.0
2024-02-06,DEMO-01,SH-02,shovel,1.6,0.933,0,0.0
2024-02-07,DEMO-01,SH-02,shovel,0.53,0.978,0,0.0
2024-02-08,DEMO-01,SH-02,shovel,3.01,0.875,0,0.0
2024-02-09,DEMO-01,SH-02,shovel,2.6,0.892,0,0.0
2024-02-10,DEMO-01,SH-02,shovel,2.8,0.884,0,0.0
2024-02-11,DEMO-01,SH-02,shovel,0.12,0.995,0,0.0
2024-02-12,DEMO-01,SH-02,shovel,0.9,0.963,0,0.0
2024-02-13,DEMO-01,SH-02,shovel,0.27,0.989,0,0.0
2024-02-14,DEMO-01,SH-02,shovel,0.36,0.985,0,0.0
2024-02-15,DEMO-01,SH-02,shovel,0.84,0.965,0,0.0
2024-02-16,DEMO-01,SH-02,shovel,3.08,0.872,0,0.0
2024-02-17,DEMO-01,SH-02,shovel,1.95,0.919,0,0.0
2024-02-18,DEMO-01,SH-02,shovel,0.41,0.983,0,0.0
2024-02-19,DEMO-01,SH-02,shovel,0.6,0.975,0,0.0
2024-02-20,DEMO-01,SH-02,shovel,1.54,0.936,0,0.0
2024-02-21,DEMO-01,SH-02,shovel,8.6,0.642,1,8.53
2024-02-22,DEMO-01,SH-02,shovel,1.34,0.944,0,0.0
2024-02-23,DEMO-01,SH-02,shovel,2.57,0.893,0,0.0
2024-02-24,DEMO-01,SH-02,shovel,2.04,0.915,0,0.0
2024-02-25,DEMO-01,SH-02,shovel,3.89,0.838,0,0.0
2024-02-26,DEMO-01,SH-02,shovel,1.3,0.946,0,0.0
2024-02-27,DEMO-01,SH-02,shovel,0.32,0.987,0,0.0
2024-02-28,DEMO-01,SH-02,shovel,1.42,0.941,0,0.0
2024-02-29,DEMO-01,SH-02,shovel,0.34,0.986,0,0.0
2024-03-01,DEMO-01,SH-02,shovel,1.55,0.935,0,0.0
2024-03-02,DEMO-01,SH-02,shovel,4.98,0.793,1,3.84
2024-03-03,DEMO-01,SH-02,shovel,1.15,0.952,0,0.0
2024-03-04,DEMO-01,SH-02,shovel,1.92,0.92,0,0.0
2024-03-05,DEMO-01,SH-02,shovel,1.19,0.951,0,0.0
2024-03-06,DEMO-01,SH-02,shovel,1.25,0.948,0,0.0
2024-03-07,DEMO-01,SH-02,shovel,2.22,0.907,0,0.0
2024-03-08,DEMO-01,SH-02,shovel,4.03,0.832,0,0.0
2024-03-09,DEMO-01,SH-02,shovel,7.48,0.688,1,7.24
2024-03-10,DEMO-01,SH-02,shovel,2.21,0.908,0,0.0
2024-03-11,DEMO-01,SH-02,shovel,0.96,0.96,0,0.0
2024-03-12,DEMO-01,SH-02,shovel,1.6,0.933,0,0.0
2024-03-13,DEMO-01,SH-02,shovel,0.47,0.981,0,0.0
2024-03-14,DEMO-01,SH-02,shovel,0.84,0.965,0,0.0
2024-03-15,DEMO-01,SH-02,shovel,2.06,0.914,0,0.0
2024-03-16,DEMO-01,SH-02,shovel,1.22,0.949,0,0.0
2024-03-17,DEMO-01,SH-02,shovel,0.86,0.964,0,0.0
2024-03-18,DEMO-01,SH-02,shovel,1.04,0.957,0,0.0
2024-03-19,DEMO-01,SH-02,shovel,0.33,0.986,0,0.0
2024-03-20,DEMO-01,SH-02,shovel,3.79,0.842,0,0.0
2024-03-21,DEMO-01,SH-02,shovel,1.56,0.935,0,0.0
2024-03-22,DEMO-01,SH-02,shovel,3.31,0.862,0,0.0
2024-03-23,DEMO-01,SH-02,shovel,0.46,0.981,0,0.0
2024-03-24,DEMO-01,SH-02,shovel,1.67,0.93,0,0.0
2024-03-25,DEMO-01,SH-02,shovel,0.19,0.992,0,0.0
2024-03-26,DEMO-01,SH-02,shovel,2.08,0.913,0,0.0
2024-03-27,DEMO-01,SH-02,shovel,1.65,0.931,0,0.0
2024-03-28,DEMO-01,SH-02,shovel,0.42,0.983,0,0.0
2024-03-29,DEMO-01,SH-02,shovel,1.25,0.948,0,0.0
2024-03-30,DEMO-01,SH-02,shovel,1.74,0.927,0,0.0
2024-03-31,DEMO-01,SH-02,shovel,0.64,0.973,0,0.0
2024-04-01,DEMO-01,SH-02,shovel,1.34,0.944,0,0.0
2024-04-02,DEMO-01,SH-02,shovel,9.55,0.602,1,5.2
2024-04-03,DEMO-01,SH-02,shovel,1.08,0.955,0,0.0
2024-04-04,DEMO-01,SH-02,shovel,1.25,0.948,0,0.0
2024-04-05,DEMO-01,SH-02,shovel,1.65,0.931,0,0.0
2024-04-06,DEMO-01,SH-02,shovel,1.48,0.938,0,0.0
2024-04-07,DEMO-01,SH-02,shovel,8.33,0.653,1,9.01
2024-04-08,DEMO-01,SH-02,shovel,0.83,0.965,0,0.0
2024-04-09,DEMO-01,SH-02,shovel,2.08,0.913,0,0.0
2024-04-10,DEMO-01,SH-02,shovel,1.25,0.948,0,0.0
2024-04-11,DEMO-01,SH-02,shovel,3.93,0.836,0,0.0
2024-04-12,DEMO-01,SH-02,shovel,2.68,0.888,0,0.0
2024-04-13,DEMO-01,SH-02,shovel,0.54,0.977,0,0.0
2024-04-14,DEMO-01,SH-02,shovel,6.91,0.712,1,1.53
2024-04-15,DEMO-01,SH-02,shovel,1.77,0.926,0,0.0
2024-04-16,DEMO-01,SH-02,shovel,0.26,0.989,0,0.0
2024-04-17,DEMO-01,SH-02,shovel,1.33,0.944,0,0.0
2024-04-18,DEMO-01,SH-02,shovel,3.16,0.868,0,0.0
2024-04-19,DEMO-01,SH-02,shovel,0.6,0.975,0,0.0
2024-04-20,DEMO-01,SH-02,shovel,1.34,0.944,0,0.0
2024-04-21,DEMO-01,SH-02,shovel,2.81,0.883,0,0.0
2024-04-22,DEMO-01,SH-02,shovel,2.94,0.878,0,0.0
2024-04-23,DEMO-01,SH-02,shovel,0.88,0.963,0,0.0
2024-04-24,DEMO-01,SH-02,shovel,0.66,0.972,0,0.0
2024-04-25,DEMO-01,SH-02,shovel,3.78,0.842,0,0.0
2024-04-26,DEMO-01,SH-02,shovel,0.83,0.965,0,0.0
2024-04-27,DEMO-01,SH-02,shovel,3.36,0.86,0,0.0
2024-04-28,DEMO-01,SH-02,shovel,1.1,0.954,0,0.0
2024-04-29,DEMO-01,SH-02,shovel,2.75,0.886,0,0.0
2024-04-30,DEMO-01,SH-02,shovel,1.91,0.92,0,0.0
2024-05-01,DEMO-01,SH-02,shovel,2.3,0.904,0,0.0
2024-05-02,DEMO-01,SH-02,shovel,1.27,0.947,0,0.0
2024-05-03,DEMO-01,SH-02,shovel,3.68,0.847,0,0.0
2024-05-04,DEMO-01,SH-02,shovel,2.56,0.893,0,0.0
2024-05-05,DEMO-01,SH-02,shovel,0.62,0.974,0,0.0
2024-05-06,DEMO-01,SH-02,shovel,4.42,0.816,0,0.0
2024-05-07,DEMO-01,SH-02,shovel,1.2,0.95,0,0.0
2024-05-08,DEMO-01,SH-02,shovel,1.02,0.958,0,0.0
2024-05-09,DEMO-01,SH-02,shovel,2.2,0.908,0,0.0
2024-05-10,DEMO-01,SH-02,shovel,1.91,0.92,0,0.0
2024-05-11,DEMO-01,SH-02,shovel,1.36,0.943,0,0.0
2024-05-12,DEMO-01,SH-02,shovel,2.61,0.891,0,0.0
2024-05-13,DEMO-01,SH-02,shovel,2.71,0.887,0,0.0
2024-05-14,DEMO-01,SH-02,shovel,1.49,0.938,0,0.0
2024-05-15,DEMO-01,SH-02,shovel,2.09,0.913,0,0.0
2024-05-16,DEMO-01,SH-02,shovel,1.94,0.919,0,0.0
2024-05-17,DEMO-01,SH-02,shovel,0.35,0.985,0,0.0
2024-05-18,DEMO-01,SH-02,shovel,1.67,0.93,0,0.0
2024-05-19,DEMO-01,SH-02,shovel,1.77,0.926,0,0.0
2024-05-20,DEMO-01,SH-02,shovel,4.47,0.814,0,0.0
2024-05-21,DEMO-01,SH-02,shovel,1.89,0.921,0,0.0
2024-05-22,DEMO-01,SH-02,shovel,5.59,0.767,0,0.0
2024-05-23,DEMO-01,SH-02,shovel,0.53,0.978,0,0.0
2024-05-24,DEMO-01,SH-02,shovel,1.66,0.931,0,0.0
2024-05-25,DEMO-01,SH-02,shovel,0.88,0.963,0,0.0
2024-05-26,DEMO-01,SH-02,shovel,0.21,0.991,0,0.0
2024-05-27,DEMO-01,SH-02,shovel,1.69,0.93,0,0.0
2024-05-28,DEMO-01,SH-02,shovel,0.71,0.971,0,0.0
2024-05-29,DEMO-01,SH-02,shovel,3.02,0.874,0,0.0
2024-05-30,DEMO-01,SH-02,shovel,1.06,0.956,0,0.0
2024-05-31,DEMO-01,SH-02,shovel,2.27,0.905,0,0.0
2024-06-01,DEMO-01,SH-02,shovel,1.04,0.957,0,0.0
2024-06-02,DEMO-01,SH-02,shovel,0.74,0.969,0,0.0
2024-06-03,DEMO-01,SH-02,shovel,2.76,0.885,0,0.0
2024-06-04,DEMO-01,SH-02,shovel,0.54,0.977,0,0.0
2024-06-05,DEMO-01,SH-02,shovel,2.14,0.911,0,0.0
2024-06-06,DEMO-01,SH-02,shovel,1.73,0.928,0,0.0
2024-06-07,DEMO-01,SH-02,shovel,2.22,0.908,0,0.0
2024-06-08,DEMO-01,SH-02,shovel,2.98,0.876,0,0.0
2024-06-09,DEMO-01,SH-02,shovel,1.1,0.954,0,0.0
2024-06-10,DEMO-01,SH-02,shovel,7.09,0.705,0,0.0
2024-06-11,DEMO-01,SH-02,shovel,2.47,0.897,0,0.0
2024-06-12,DEMO-01,SH-02,shovel,1.66,0.931,0,0.0
2024-06-13,DEMO-01,SH-02,shovel,0.86,0.964,0,0.0
2024-06-14,DEMO-01,SH-02,shovel,0.93,0.961,0,0.0
2024-06-15,DEMO-01,SH-02,shovel,5.68,0.763,0,0.0
2024-06-16,DEMO-01,SH-02,shovel,4.29,0.821,0,0.0
2024-06-17,DEMO-01,SH-02,shovel,4.52,0.812,0,0.0
2024-06-18,DEMO-01,SH-02,shovel,4.26,0.822,0,0.0
2024-06-19,DEMO-01,SH-02,shovel,3.77,0.843,0,0.0
2024-06-20,DEMO-01,SH-02,shovel,6.46,0.731,0,0.0
2024-06-21,DEMO-01,SH-02,shovel,2.62,0.891,0,0.0
2024-06-22,DEMO-01,SH-02,shovel,8.49,0.646,1,5.69
2024-06-23,DEMO-01,SH-02,shovel,9.3,0.612,1,4.92
2024-06-24,DEMO-01,SH-02,shovel,4.62,0.807,0,0.0
2024-06-25,DEMO-01,SH-02,shovel,2.05,0.915,0,0.0
2024-06-26,DEMO-01,SH-02,shovel,3.67,0.847,0,0.0
2024-06-27,DEMO-01,SH-02,shovel,13.31,0.445,0,0.0
2024-06-28,DEMO-01,SH-02,shovel,4.88,0.797,0,0.0
2024-06-29,DEMO-01,SH-02,shovel,0.15,0.994,0,0.0
2024-06-30,DEMO-01,SH-02,shovel,4.72,0.803,0,0.0
2024-07-01,DEMO-01,SH-02,shovel,5.62,0.766,0,0.0
2024-07-02,DEMO-01,SH-02,shovel,2.73,0.886,0,0.0
2024-07-03,DEMO-01,SH-02,shovel,6.25,0.74,0,0.0
2024-07-04,DEMO-01,SH-02,shovel,2.26,0.906,0,0.0
2024-07-05,DEMO-01,SH-02,shovel,0.87,0.964,0,0.0
2024-07-06,DEMO-01,SH-02,shovel,6.28,0.738,0,0.0
2024-07-07,DEMO-01,SH-02,shovel,5.17,0.784,0,0.0
2024-07-08,DEMO-01,SH-02,shovel,7.02,0.708,0,0.0
2024-07-09,DEMO-01,SH-02,shovel,2.99,0.875,0,0.0
2024-07-10,DEMO-01,SH-02,shovel,4.94,0.794,0,0.0
2024-07-11,DEMO-01,SH-02,shovel,3.1,0.871,0,0.0
2024-07-12,DEMO-01,SH-02,shovel,1.4,0.942,0,0.0
2024-07-13,DEMO-01,SH-02,shovel,0.64,0.973,0,0.0
2024-07-14,DEMO-01,SH-02,shovel,4.58,0.809,0,0.0
2024-07-15,DEMO-01,SH-02,shovel,6.39,0.734,1,3.54
2024-07-16,DEMO-01,SH-02,shovel,1.53,0.936,0,0.0
2024-07-17,DEMO-01,SH-02,shovel,4.59,0.809,1,2.49
2024-07-18,DEMO-01,SH-02,shovel,4.09,0.83,0,0.0
2024-07-19,DEMO-01,SH-02,shovel,16.76,0.302,0,0.0
2024-07-20,DEMO-01,SH-02,shovel,1.04,0.957,0,0.0
2024-07-21,DEMO-01,SH-02,shovel,2.64,0.89,0,0.0
2024-07-22,DEMO-01,SH-02,shovel,0.35,0.986,0,0.0
2024-07-23,DEMO-01,SH-02,shovel,5.93,0.753,0,0.0
2024-07-24,DEMO-01,SH-02,shovel,4.63,0.807,0,0.0
2024-07-25,DEMO-01,SH-02,shovel,1.95,0.919,0,0.0
2024-07-26,DEMO-01,SH-02,shovel,7.39,0.692,0,0.0
2024-07-27,DEMO-01,SH-02,shovel,11.0,0.542,0,0.0
2024-07-28,DEMO-01,SH-02,shovel,4.3,0.821,0,0.0
2024-07-29,DEMO-01,SH-02,shovel,1.9,0.921,0,0.0
2024-07-30,DEMO-01,SH-02,shovel,10.57,0.56,0,0.0
2024-07-31,DEMO-01,SH-02,shovel,1.08,0.955,0,0.0
2024-08-01,DEMO-01,SH-02,shovel,0.36,0.985,0,0.0
2024-08-02,DEMO-01,SH-02,shovel,0.76,0.968,0,0.0
2024-08-03,DEMO-01,SH-02,shovel,1.69,0.93,0,0.0
2024-08-04,DEMO-01,SH-02,shovel,8.59,0.642,0,0.0
2024-08-05,DEMO-01,SH-02,shovel,3.74,0.844,0,0.0
2024-08-06,DEMO-01,SH-02,shovel,1.34,0.944,0,0.0
2024-08-07,DEMO-01,SH-02,shovel,3.58,0.851,0,0.0
2024-08-08,DEMO-01,SH-02,shovel,5.38,0.776,0,0.0
2024-08-09,DEMO-01,SH-02,shovel,13.25,0.448,0,0.0
2024-08-10,DEMO-01,SH-02,shovel,2.5,0.896,0,0.0
2024-08-11,DEMO-01,SH-02,shovel,2.51,0.896,0,0.0
2024-08-12,DEMO-01,SH-02,shovel,4.21,0.824,0,0.0
2024-08-13,DEMO-01,SH-02,shovel,2.16,0.91,0,0.0
2024-08-14,DEMO-01,SH-02,shovel,0.85,0.965,0,0.0
2024-08-15,DEMO-01,SH-02,shovel,1.19,0.95,0,0.0
2024-08-16,DEMO-01,SH-02,shovel,0.37,0.985,0,0.0
2024-08-17,DEMO-01,SH-02,shovel,0.58,0.976,0,0.0
2024-08-18,DEMO-01,SH-02,shovel,2.23,0.907,0,0.0
2024-08-19,DEMO-01,SH-02,shovel,0.69,0.971,0,0.0
2024-08-20,DEMO-01,SH-02,shovel,6.76,0.718,0,0.0
2024-08-21,DEMO-01,SH-02,shovel,2.51,0.896,0,0.0
2024-08-22,DEMO-01,SH-02,shovel,1.36,0.943,0,0.0
2024-08-23,DEMO-01,SH-02,shovel,3.58,0.851,0,0.0
2024-08-24,DEMO-01,SH-02,shovel,7.67,0.681,0,0.0
2024-08-25,DEMO-01,SH-02,shovel,7.83,0.674,0,0.0
2024-08-26,DEMO-01,SH-02,shovel,2.22,0.908,0,0.0
2024-08-27,DEMO-01,SH-02,shovel,1.28,0.946,0,0.0
2024-08-28,DEMO-01,SH-02,shovel,2.17,0.91,0,0.0
2024-08-29,DEMO-01,SH-02,shovel,3.7,0.846,0,0.0
2024-08-30,DEMO-01,SH-02,shovel,3.7,0.846,0,0.0
2024-08-31,DEMO-01,SH-02,shovel,1.94,0.919,0,0.0
2024-09-01,DEMO-01,SH-02,shovel,1.24,0.948,0,0.0
2024-09-02,DEMO-01,SH-02,shovel,6.42,0.733,0,0.0
2024-09-03,DEMO-01,SH-02,shovel,1.02,0.957,0,0.0
2024-09-04,DEMO-01,SH-02,shovel,0.15,0.994,0,0.0
2024-09-05,DEMO-01,SH-02,shovel,0.63,0.974,0,0.0
2024-09-06,DEMO-01,SH-02,shovel,0.18,0.992,0,0.0
2024-09-07,DEMO-01,SH-02,shovel,1.73,0.928,0,0.0
2024-09-08,DEMO-01,SH-02,shovel,1.81,0.925,0,0.0
2024-09-09,DEMO-01,SH-02,shovel,1.81,0.924,0,0.0
2024-09-10,DEMO-01,SH-02,shovel,2.13,0.911,0,0.0
2024-09-11,DEMO-01,SH-02,shovel,0.12,0.995,0,0.0
2024-09-12,DEMO-01,SH-02,shovel,4.06,0.831,0,0.0
2024-09-13,DEMO-01,SH-02,shovel,0.34,0.986,0,0.0
2024-09-14,DEMO-01,SH-02,shovel,2.03,0.915,0,0.0
2024-09-15,DEMO-01,SH-02,shovel,1.62,0.933,0,0.0
2024-09-16,DEMO-01,SH-02,shovel,3.03,0.874,0,0.0
2024-09-17,DEMO-01,SH-02,shovel,1.6,0.933,0,0.0
2024-09-18,DEMO-01,SH-02,shovel,1.85,0.923,0,0.0
2024-09-19,DEMO-01,SH-02,shovel,1.37,0.943,0,0.0
2024-09-20,DEMO-01,SH-02,shovel,2.04,0.915,0,0.0
2024-09-21,DEMO-01,SH-02,shovel,1.46,0.939,0,0.0
2024-09-22,DEMO-01,SH-02,shovel,0.75,0.969,0,0.0
2024-09-23,DEMO-01,SH-02,shovel,0.76,0.968,0,0.0
2024-09-24,DEMO-01,SH-02,shovel,2.25,0.906,0,0.0
2024-09-25,DEMO-01,SH-02,shovel,0.76,0.968,0,0.0
2024-09-26,DEMO-01,SH-02,shovel,1.29,0.946,0,0.0
2024-09-27,DEMO-01,SH-02,shovel,3.35,0.86,0,0.0
2024-09-28,DEMO-01,SH-02,shovel,2.12,0.912,0,0.0
2024-09-29,DEMO-01,SH-02,shovel,4.46,0.814,0,0.0
2024-09-30,DEMO-01,SH-02,shovel,2.75,0.885,0,0.0
2024-10-01,DEMO-01,SH-02,shovel,1.67,0.931,0,0.0
2024-10-02,DEMO-01,SH-02,shovel,1.05,0.956,0,0.0
2024-10-03,DEMO-01,SH-02,shovel,4.79,0.8,0,0.0
2024-10-04,DEMO-01,SH-02,shovel,0.58,0.976,0,0.0
2024-10-05,DEMO-01,SH-02,shovel,2.87,0.88,0,0.0
2024-10-06,DEMO-01,SH-02,shovel,2.93,0.878,0,0.0
2024-10-07,DEMO-01,SH-02,shovel,2.64,0.89,0,0.0
2024-10-08,DEMO-01,SH-02,shovel,1.05,0.956,0,0.0
2024-10-09,DEMO-01,SH-02,shovel,0.7,0.971,0,0.0
2024-10-10,DEMO-01,SH-02,shovel,2.26,0.906,0,0.0
2024-10-11,DEMO-01,SH-02,shovel,0.62,0.974,0,0.0
2024-10-12,DEMO-01,SH-02,shovel,1.83,0.924,0,0.0
2024-10-13,DEMO-01,SH-02,shovel,1.66,0.931,0,0.0
2024-10-14,DEMO-01,SH-02,shovel,5.78,0.759,0,0.0
2024-10-15,DEMO-01,SH-02,shovel,1.88,0.922,0,0.0
2024-10-16,DEMO-01,SH-02,shovel,1.32,0.945,0,0.0
2024-10-17,DEMO-01,SH-02,shovel,0.9,0.962,0,0.0
2024-10-18,DEMO-01,SH-02,shovel,3.24,0.865,0,0.0
2024-10-19,DEMO-01,SH-02,shovel,1.63,0.932,0,0.0
2024-10-20,DEMO-01,SH-02,shovel,2.22,0.907,0,0.0
2024-10-21,DEMO-01,SH-02,shovel,2.45,0.898,0,0.0
2024-10-22,DEMO-01,SH-02,shovel,2.19,0.909,0,0.0
2024-10-23,DEMO-01,SH-02,shovel,0.79,0.967,0,0.0
2024-10-24,DEMO-01,SH-02,shovel,4.82,0.799,0,0.0
2024-10-25,DEMO-01,SH-02,shovel,1.0,0.958,0,0.0
2024-10-26,DEMO-01,SH-02,shovel,1.68,0.93,0,0.0
2024-10-27,DEMO-01,SH-02,shovel,1.14,0.952,0,0.0
2024-10-28,DEMO-01,SH-02,shovel,1.99,0.917,0,0.0
2024-10-29,DEMO-01,SH-02,shovel,1.29,0.946,0,0.0
2024-10-30,DEMO-01,SH-02,shovel,1.34,0.944,0,0.0
2024-10-31,DEMO-01,SH-02,shovel,1.97,0.918,0,0.0
2024-11-01,DEMO-01,SH-02,shovel,2.51,0.896,0,0.0
2024-11-02,DEMO-01,SH-02,shovel,0.92,0.962,0,0.0
2024-11-03,DEMO-01,SH-02,shovel,1.05,0.956,0,0.0
2024-11-04,DEMO-01,SH-02,shovel,1.42,0.941,0,0.0
2024-11-05,DEMO-01,SH-02,shovel,0.69,0.971,0,0.0
2024-11-06,DEMO-01,SH-02,shovel,2.48,0.897,0,0.0
2024-11-07,DEMO-01,SH-02,shovel,0.28,0.989,0,0.0
2024-11-08,DEMO-01,SH-02,shovel,1.42,0.941,0,0.0
2024-11-09,DEMO-01,SH-02,shovel,3.29,0.863,0,0.0
2024-11-10,DEMO-01,SH-02,shovel,1.6,0.933,0,0.0
2024-11-11,DEMO-01,SH-02,shovel,2.24,0.907,0,0.0
2024-11-12,DEMO-01,SH-02,shovel,0.83,0.965,0,0.0
2024-11-13,DEMO-01,SH-02,shovel,1.21,0.95,0,0.0
2024-11-14,DEMO-01,SH-02,shovel,0.65,0.973,0,0.0
2024-11-15,DEMO-01,SH-02,shovel,1.64,0.932,0,0.0
2024-11-16,DEMO-01,SH-02,shovel,0.54,0.978,0,0.0
2024-11-17,DEMO-01,SH-02,shovel,1.76,0.927,0,0.0
2024-11-18,DEMO-01,SH-02,shovel,1.13,0.953,0,0.0
2024-11-19,DEMO-01,SH-02,shovel,0.76,0.968,0,0.0
2024-11-20,DEMO-01,SH-02,shovel,1.55,0.936,0,0.0
2024-11-21,DEMO-01,SH-02,shovel,0.28,0.988,0,0.0
2024-11-22,DEMO-01,SH-02,shovel,2.01,0.916,0,0.0
2024-11-23,DEMO-01,SH-02,shovel,3.34,0.861,0,0.0
2024-11-24,DEMO-01,SH-02,shovel,0.6,0.975,0,0.0
2024-11-25,DEMO-01,SH-02,shovel,0.81,0.966,0,0.0
2024-11-26,DEMO-01,SH-02,shovel,0.82,0.966,0,0.0
2024-11-27,DEMO-01,SH-02,shovel,7.17,0.701,0,0.0
2024-11-28,DEMO-01,SH-02,shovel,0.42,0.982,0,0.0
2024-11-29,DEMO-01,SH-02,shovel,0.42,0.983,0,0.0
2024-11-30,DEMO-01,SH-02,shovel,2.47,0.897,0,0.0
2024-12-01,DEMO-01,SH-02,shovel,1.37,0.943,0,0.0
2024-12-02,DEMO-01,SH-02,shovel,0.7,0.971,0,0.0
2024-12-03,DEMO-01,SH-02,shovel,1.07,0.956,0,0.0
2024-12-04,DEMO-01,SH-02,shovel,2.62,0.891,0,0.0
2024-12-05,DEMO-01,SH-02,shovel,0.61,0.975,0,0.0
2024-12-06,DEMO-01,SH-02,shovel,1.26,0.947,0,0.0
2024-12-07,DEMO-01,SH-02,shovel,1.36,0.943,0,0.0
2024-12-08,DEMO-01,SH-02,shovel,0.5,0.979,0,0.0
2024-12-09,DEMO-01,SH-02,shovel,0.62,0.974,0,0.0
2024-12-10,DEMO-01,SH-02,shovel,2.84,0.882,0,0.0
2024-12-11,DEMO-01,SH-02,shovel,1.14,0.953,0,0.0
2024-12-12,DEMO-01,SH-02,shovel,1.67,0.931,0,0.0
2024-12-13,DEMO-01,SH-02,shovel,2.03,0.916,0,0.0
2024-12-14,DEMO-01,SH-02,shovel,1.01,0.958,0,0.0
2024-12-15,DEMO-01,SH-02,shovel,2.25,0.906,0,0.0
2024-12-16,DEMO-01,SH-02,shovel,1.87,0.922,0,0.0
2024-12-17,DEMO-01,SH-02,shovel,0.92,0.962,0,0.0
2024-12-18,DEMO-01,SH-02,shovel,3.93,0.836,0,0.0
2024-12-19,DEMO-01,SH-02,shovel,1.16,0.952,0,0.0
2024-12-20,DEMO-01,SH-02,shovel,1.39,0.942,0,0.0
2024-12-21,DEMO-01,SH-02,shovel,1.27,0.947,0,0.0
2024-12-22,DEMO-01,SH-02,shovel,2.77,0.884,0,0.0
2024-12-23,DEMO-01,SH-02,shovel,1.65,0.931,0,0.0
2024-12-24,DEMO-01,SH-02,shovel,1.96,0.918,0,0.0
2024-12-25,DEMO-01,SH-02,shovel,2.93,0.878,0,0.0
2024-12-26,DEMO-01,SH-02,shovel,1.88,0.922,0,0.0
2024-12-27,DEMO-01,SH-02,shovel,1.8,0.925,0,0.0
2024-12-28,DEMO-01,SH-02,shovel,0.27,0.989,0,0.0
2024-12-29,DEMO-01,SH-02,shovel,1.43,0.941,0,0.0
2024-12-30,DEMO-01,SH-02,shovel,4.87,0.797,0,0.0
2024-12-31,DEMO-01,SH-02,shovel,0.51,0.979,0,0.0
2025-01-01,DEMO-01,SH-02,shovel,0.95,0.961,0,0.0
2025-01-02,DEMO-01,SH-02,shovel,1.31,0.946,0,0.0
2025-01-03,DEMO-01,SH-02,shovel,1.8,0.925,0,0.0
2025-01-04,DEMO-01,SH-02,shovel,3.09,0.871,0,0.0
2025-01-05,DEMO-01,SH-02,shovel,0.76,0.968,0,0.0
2025-01-06,DEMO-01,SH-02,shovel,0.88,0.964,0,0.0
2025-01-07,DEMO-01,SH-02,shovel,1.33,0.944,0,0.0
2025-01-08,DEMO-01,SH-02,shovel,0.34,0.986,0,0.0
2025-01-09,DEMO-01,SH-02,shovel,0.26,0.989,0,0.0
2025-01-10,DEMO-01,SH-02,shovel,1.31,0.945,0,0.0
2025-01-11,DEMO-01,SH-02,shovel,3.43,0.857,0,0.0
2025-01-12,DEMO-01,SH-02,shovel,0.94,0.961,0,0.0
2025-01-13,DEMO-01,SH-02,shovel,4.56,0.81,0,0.0
2025-01-14,DEMO-01,SH-02,shovel,1.74,0.927,0,0.0
2025-01-15,DEMO-01,SH-02,shovel,1.44,0.94,0,0.0
2025-01-16,DEMO-01,SH-02,shovel,0.04,0.998,0,0.0
2025-01-17,DEMO-01,SH-02,shovel,0.47,0.98,0,0.0
2025-01-18,DEMO-01,SH-02,shovel,7.99,0.667,1,7.66
2025-01-19,DEMO-01,SH-02,shovel,1.58,0.934,0,0.0
2025-01-20,DEMO-01,SH-02,shovel,1.66,0.931,0,0.0
2025-01-21,DEMO-01,SH-02,shovel,1.9,0.921,0,0.0
2025-01-22,DEMO-01,SH-02,shovel,1.84,0.923,0,0.0
2025-01-23,DEMO-01,SH-02,shovel,3.6,0.85,0,0.0
2025-01-24,DEMO-01,SH-02,shovel,1.38,0.942,0,0.0
2025-01-25,DEMO-01,SH-02,shovel,0.66,0.972,0,0.0
2025-01-26,DEMO-01,SH-02,shovel,0.81,0.966,0,0.0
2025-01-27,DEMO-01,SH-02,shovel,0.39,0.984,0,0.0
2025-01-28,DEMO-01,SH-02,shovel,1.96,0.918,0,0.0
2025-01-29,DEMO-01,SH-02,shovel,2.54,0.894,0,0.0
2025-01-30,DEMO-01,SH-02,shovel,6.91,0.712,1,6.54
2025-01-31,DEMO-01,SH-02,shovel,0.51,0.979,0,0.0
2025-02-01,DEMO-01,SH-02,shovel,1.25,0.948,0,0.0
2025-02-02,DEMO-01,SH-02,shovel,1.72,0.928,0,0.0
2025-02-03,DEMO-01,SH-02,shovel,10.31,0.57,1,8.72
2025-02-04,DEMO-01,SH-02,shovel,1.05,0.956,0,0.0
2025-02-05,DEMO-01,SH-02,shovel,1.1,0.954,0,0.0
2025-02-06,DEMO-01,SH-02,shovel,0.88,0.963,0,0.0
2025-02-07,DEMO-01,SH-02,shovel,2.03,0.915,0,0.0
2025-02-08,DEMO-01,SH-02,shovel,2.72,0.887,0,0.0
2025-02-09,DEMO-01,SH-02,shovel,1.53,0.936,0,0.0
2025-02-10,DEMO-01,SH-02,shovel,3.84,0.84,0,0.0
2025-02-11,DEMO-01,SH-02,shovel,1.1,0.954,0,0.0
2025-02-12,DEMO-01,SH-02,shovel,3.07,0.872,0,0.0
2025-02-13,DEMO-01,SH-02,shovel,8.62,0.641,1,9.29
2025-02-14,DEMO-01,SH-02,shovel,2.11,0.912,0,0.0
2025-02-15,DEMO-01,SH-02,shovel,1.76,0.927,0,0.0
2025-02-16,DEMO-01,SH-02,shovel,0.74,0.969,0,0.0
2025-02-17,DEMO-01,SH-02,shovel,1.43,0.941,0,0.0
2025-02-18,DEMO-01,SH-02,shovel,3.21,0.866,0,0.0
2025-02-19,DEMO-01,SH-02,shovel,0.85,0.965,0,0.0
2025-02-20,DEMO-01,SH-02,shovel,2.5,0.896,0,0.0
2025-02-21,DEMO-01,SH-02,shovel,9.7,0.596,1,8.58
2025-02-22,DEMO-01,SH-02,shovel,1.78,0.926,0,0.0
2025-02-23,DEMO-01,SH-02,shovel,0.73,0.97,0,0.0
2025-02-24,DEMO-01,SH-02,shovel,2.92,0.878,0,0.0
2025-02-25,DEMO-01,SH-02,shovel,1.04,0.957,0,0.0
2025-02-26,DEMO-01,SH-02,shovel,3.0,0.875,0,0.0
2025-02-27,DEMO-01,SH-02,shovel,2.5,0.896,0,0.0
2025-02-28,DEMO-01,SH-02,shovel,4.24,0.823,0,0.0
2025-03-01,DEMO-01,SH-02,shovel,4.25,0.823,0,0.0
2025-03-02,DEMO-01,SH-02,shovel,0.47,0.98,0,0.0
2025-03-03,DEMO-01,SH-02,shovel,2.02,0.916,0,0.0
2025-03-04,DEMO-01,SH-02,shovel,1.32,0.945,0,0.0
2025-03-05,DEMO-01,SH-02,shovel,0.87,0.964,0,0.0
2025-03-06,DEMO-01,SH-02,shovel,3.3,0.862,0,0.0
2025-03-07,DEMO-01,SH-02,shovel,0.94,0.961,0,0.0
2025-03-08,DEMO-01,SH-02,shovel,10.28,0.572,1,9.45
2025-03-09,DEMO-01,SH-02,shovel,2.16,0.91,0,0.0
2025-03-10,DEMO-01,SH-02,shovel,1.03,0.957,0,0.0
2025-03-11,DEMO-01,SH-02,shovel,2.73,0.886,0,0.0
2025-03-12,DEMO-01,SH-02,shovel,0.59,0.975,0,0.0
2025-03-13,DEMO-01,SH-02,shovel,0.48,0.98,0,0.0
2025-03-14,DEMO-01,SH-02,shovel,4.55,0.811,1,1.94
2025-03-15,DEMO-01,SH-02,shovel,1.49,0.938,0,0.0
2025-03-16,DEMO-01,SH-02,shovel,2.25,0.906,1,2.43
2025-03-17,DEMO-01,SH-02,shovel,9.99,0.584,1,8.73
2025-03-18,DEMO-01,SH-02,shovel,0.51,0.979,0,0.0
2025-03-19,DEMO-01,SH-02,shovel,1.53,0.936,0,0.0
2025-03-20,DEMO-01,SH-02,shovel,0.54,0.977,0,0.0
2025-03-21,DEMO-01,SH-02,shovel,1.91,0.92,0,0.0
2025-03-22,DEMO-01,SH-02,shovel,1.69,0.93,0,0.0
2025-03-23,DEMO-01,SH-02,shovel,0.4,0.983,0,0.0
2025-03-24,DEMO-01,SH-02,shovel,2.23,0.907,0,0.0
2025-03-25,DEMO-01,SH-02,shovel,2.67,0.889,0,0.0
2025-03-26,DEMO-01,SH-02,shovel,0.29,0.988,0,0.0
2025-03-27,DEMO-01,SH-02,shovel,1.74,0.928,0,0.0
2025-03-28,DEMO-01,SH-02,shovel,1.33,0.945,0,0.0
2025-03-29,DEMO-01,SH-02,shovel,1.41,0.941,0,0.0
2025-03-30,DEMO-01,SH-02,shovel,1.47,0.939,0,0.0
2025-03-31,DEMO-01,SH-02,shovel,0.4,0.983,0,0.0
2025-04-01,DEMO-01,SH-02,shovel,0.66,0.972,0,0.0
2025-04-02,DEMO-01,SH-02,shovel,0.87,0.964,0,0.0
2025-04-03,DEMO-01,SH-02,shovel,0.83,0.965,0,0.0
2025-04-04,DEMO-01,SH-02,shovel,0.9,0.963,0,0.0
2025-04-05,DEMO-01,SH-02,shovel,5.22,0.783,0,0.0
2025-04-06,DEMO-01,SH-02,shovel,0.69,0.971,0,0.0
2025-04-07,DEMO-01,SH-02,shovel,0.47,0.98,0,0.0
2025-04-08,DEMO-01,SH-02,shovel,1.66,0.931,0,0.0
2025-04-09,DEMO-01,SH-02,shovel,7.52,0.687,0,0.0
2025-04-10,DEMO-01,SH-02,shovel,2.14,0.911,0,0.0
2025-04-11,DEMO-01,SH-02,shovel,2.45,0.898,0,0.0
2025-04-12,DEMO-01,SH-02,shovel,2.34,0.902,0,0.0
2025-04-13,DEMO-01,SH-02,shovel,1.45,0.94,0,0.0
2025-04-14,DEMO-01,SH-02,shovel,0.25,0.99,0,0.0
2025-04-15,DEMO-01,SH-02,shovel,2.06,0.914,0,0.0
2025-04-16,DEMO-01,SH-02,shovel,1.56,0.935,0,0.0
2025-04-17,DEMO-01,SH-02,shovel,1.8,0.925,0,0.0
2025-04-18,DEMO-01,SH-02,shovel,2.84,0.882,0,0.0
2025-04-19,DEMO-01,SH-02,shovel,2.12,0.912,0,0.0
2025-04-20,DEMO-01,SH-02,shovel,1.07,0.955,0,0.0
2025-04-21,DEMO-01,SH-02,shovel,3.31,0.862,0,0.0
2025-04-22,DEMO-01,SH-02,shovel,3.13,0.87,0,0.0
2025-04-23,DEMO-01,SH-02,shovel,2.74,0.886,0,0.0
2025-04-24,DEMO-01,SH-02,shovel,1.71,0.929,0,0.0
2025-04-25,DEMO-01,SH-02,shovel,1.55,0.935,0,0.0
2025-04-26,DEMO-01,SH-02,shovel,3.66,0.847,0,0.0
2025-04-27,DEMO-01,SH-02,shovel,1.06,0.956,0,0.0
2025-04-28,DEMO-01,SH-02,shovel,0.45,0.981,0,0.0
2025-04-29,DEMO-01,SH-02,shovel,1.65,0.931,0,0.0
2025-04-30,DEMO-01,SH-02,shovel,1.65,0.931,0,0.0
2025-05-01,DEMO-01,SH-02,shovel,1.02,0.958,0,0.0
2025-05-02,DEMO-01,SH-02,shovel,1.74,0.927,0,0.0
2025-05-03,DEMO-01,SH-02,shovel,1.11,0.954,0,0.0
2025-05-04,DEMO-01,SH-02,shovel,0.42,0.983,0,0.0
2025-05-05,DEMO-01,SH-02,shovel,2.45,0.898,0,0.0
2025-05-06,DEMO-01,SH-02,shovel,4.8,0.8,0,0.0
2025-05-07,DEMO-01,SH-02,shovel,0.97,0.959,0,0.0
2025-05-08,DEMO-01,SH-02,shovel,0.53,0.978,0,0.0
2025-05-09,DEMO-01,SH-02,shovel,0.57,0.976,0,0.0
2025-05-10,DEMO-01,SH-02,shovel,1.11,0.954,0,0.0
2025-05-11,DEMO-01,SH-02,shovel,1.66,0.931,0,0.0
2025-05-12,DEMO-01,SH-02,shovel,1.01,0.958,0,0.0
2025-05-13,DEMO-01,SH-02,shovel,0.59,0.975,0,0.0
2025-05-14,DEMO-01,SH-02,shovel,1.96,0.918,0,0.0
2025-05-15,DEMO-01,SH-02,shovel,1.61,0.933,0,0.0
2025-05-16,DEMO-01,SH-02,shovel,2.41,0.9,0,0.0
2025-05-17,DEMO-01,SH-02,shovel,4.04,0.832,0,0.0
2025-05-18,DEMO-01,SH-02,shovel,2.05,0.915,0,0.0
2025-05-19,DEMO-01,SH-02,shovel,2.06,0.914,0,0.0
2025-05-20,DEMO-01,SH-02,shovel,2.07,0.914,0,0.0
2025-05-21,DEMO-01,SH-02,shovel,1.96,0.918,0,0.0
2025-05-22,DEMO-01,SH-02,shovel,2.24,0.907,0,0.0
2025-05-23,DEMO-01,SH-02,shovel,1.84,0.924,0,0.0
2025-05-24,DEMO-01,SH-02,shovel,1.47,0.939,0,0.0
2025-05-25,DEMO-01,SH-02,shovel,4.16,0.827,0,0.0
2025-05-26,DEMO-01,SH-02,shovel,4.27,0.822,0,0.0
2025-05-27,DEMO-01,SH-02,shovel,0.64,0.973,0,0.0
2025-05-28,DEMO-01,SH-02,shovel,1.48,0.938,0,0.0
2025-05-29,DEMO-01,SH-02,shovel,3.68,0.847,0,0.0
2025-05-30,DEMO-01,SH-02,shovel,0.62,0.974,0,0.0
2025-05-31,DEMO-01,SH-02,shovel,0.85,0.965,0,0.0
2025-06-01,DEMO-01,SH-02,shovel,0.79,0.967,0,0.0
2025-06-02,DEMO-01,SH-02,shovel,2.02,0.916,0,0.0
2025-06-03,DEMO-01,SH-02,shovel,5.64,0.765,0,0.0
2025-06-04,DEMO-01,SH-02,shovel,0.48,0.98,0,0.0
2025-06-05,DEMO-01,SH-02,shovel,2.7,0.887,0,0.0
2025-06-06,DEMO-01,SH-02,shovel,4.12,0.828,1,1.86
2025-06-07,DEMO-01,SH-02,shovel,7.76,0.677,1,2.45
2025-06-08,DEMO-01,SH-02,shovel,0.17,0.993,0,0.0
2025-06-09,DEMO-01,SH-02,shovel,4.96,0.793,0,0.0
2025-06-10,DEMO-01,SH-02,shovel,1.55,0.935,0,0.0
2025-06-11,DEMO-01,SH-02,shovel,2.52,0.895,0,0.0
2025-06-12,DEMO-01,SH-02,shovel,4.89,0.796,0,0.0
2025-06-13,DEMO-01,SH-02,shovel,1.85,0.923,0,0.0
2025-06-14,DEMO-01,SH-02,shovel,14.39,0.4,1,8.32
2025-06-15,DEMO-01,SH-02,shovel,2.2,0.908,0,0.0
2025-06-16,DEMO-01,SH-02,shovel,1.93,0.92,0,0.0
2025-06-17,DEMO-01,SH-02,shovel,1.5,0.937,0,0.0
2025-06-18,DEMO-01,SH-02,shovel,0.73,0.969,0,0.0
2025-06-19,DEMO-01,SH-02,shovel,1.49,0.938,0,0.0
2025-06-20,DEMO-01,SH-02,shovel,1.61,0.933,0,0.0
2025-06-21,DEMO-01,SH-02,shovel,3.19,0.867,0,0.0
2025-06-22,DEMO-01,SH-02,shovel,0.95,0.96,0,0.0
2025-06-23,DEMO-01,SH-02,shovel,1.77,0.926,0,0.0
2025-06-24,DEMO-01,SH-02,shovel,6.38,0.734,0,0.0
2025-06-25,DEMO-01,SH-02,shovel,2.94,0.877,0,0.0
2025-06-26,DEMO-01,SH-02,shovel,11.57,0.518,0,0.0
2025-06-27,DEMO-01,SH-02,shovel,0.91,0.962,0,0.0
2025-06-28,DEMO-01,SH-02,shovel,2.52,0.895,0,0.0
2025-06-29,DEMO-01,SH-02,shovel,0.64,0.973,0,0.0
2025-06-30,DEMO-01,SH-02,shovel,1.71,0.929,0,0.0
2025-07-01,DEMO-01,SH-02,shovel,2.36,0.902,0,0.0
2025-07-02,DEMO-01,SH-02,shovel,1.72,0.928,0,0.0
2025-07-03,DEMO-01,SH-02,shovel,0.87,0.964,0,0.0
2025-07-04,DEMO-01,SH-02,shovel,11.38,0.526,0,0.0
2025-07-05,DEMO-01,SH-02,shovel,8.57,0.643,0,0.0
2025-07-06,DEMO-01,SH-02,shovel,0.85,0.964,0,0.0
2025-07-07,DEMO-01,SH-02,shovel,2.43,0.899,0,0.0
2025-07-08,DEMO-01,SH-02,shovel,3.26,0.864,0,0.0
2025-07-09,DEMO-01,SH-02,shovel,0.67,0.972,0,0.0
2025-07-10,DEMO-01,SH-02,shovel,1.49,0.938,0,0.0
2025-07-11,DEMO-01,SH-02,shovel,6.61,0.725,0,0.0
2025-07-12,DEMO-01,SH-02,shovel,6.06,0.748,0,0.0
2025-07-13,DEMO-01,SH-02,shovel,5.03,0.79,0,0.0
2025-07-14,DEMO-01,SH-02,shovel,3.47,0.855,0,0.0
2025-07-15,DEMO-01,SH-02,shovel,3.74,0.844,0,0.0
2025-07-16,DEMO-01,SH-02,shovel,6.32,0.737,0,0.0
2025-07-17,DEMO-01,SH-02,shovel,5.45,0.773,0,0.0
2025-07-18,DEMO-01,SH-02,shovel,10.8,0.55,1,4.3
2025-07-19,DEMO-01,SH-02,shovel,4.02,0.832,0,0.0
2025-07-20,DEMO-01,SH-02,shovel,3.6,0.85,0,0.0
2025-07-21,DEMO-01,SH-02,shovel,3.24,0.865,1,3.25
2025-07-22,DEMO-01,SH-02,shovel,3.49,0.855,0,0.0
2025-07-23,DEMO-01,SH-02,shovel,2.71,0.887,0,0.0
2025-07-24,DEMO-01,SH-02,shovel,3.09,0.871,0,0.0
2025-07-25,DEMO-01,SH-02,shovel,0.5,0.979,0,0.0
2025-07-26,DEMO-01,SH-02,shovel,2.74,0.886,0,0.0
2025-07-27,DEMO-01,SH-02,shovel,7.45,0.689,1,4.01
2025-07-28,DEMO-01,SH-02,shovel,5.82,0.758,0,0.0
2025-07-29,DEMO-01,SH-02,shovel,7.13,0.703,0,0.0
2025-07-30,DEMO-01,SH-02,shovel,5.96,0.752,0,0.0
2025-07-31,DEMO-01,SH-02,shovel,1.53,0.936,0,0.0
2025-08-01,DEMO-01,SH-02,shovel,2.72,0.887,1,3.02
2025-08-02,DEMO-01,SH-02,shovel,4.59,0.809,0,0.0
2025-08-03,DEMO-01,SH-02,shovel,2.24,0.906,0,0.0
2025-08-04,DEMO-01,SH-02,shovel,2.29,0.905,0,0.0
2025-08-05,DEMO-01,SH-02,shovel,2.17,0.91,0,0.0
2025-08-06,DEMO-01,SH-02,shovel,1.65,0.931,0,0.0
2025-08-07,DEMO-01,SH-02,shovel,11.64,0.515,0,0.0
2025-08-08,DEMO-01,SH-02,shovel,3.68,0.846,0,0.0
2025-08-09,DEMO-01,SH-02,shovel,1.58,0.934,0,0.0
2025-08-10,DEMO-01,SH-02,shovel,7.77,0.676,0,0.0
2025-08-11,DEMO-01,SH-02,shovel,1.92,0.92,0,0.0
2025-08-12,DEMO-01,SH-02,shovel,1.03,0.957,0,0.0
2025-08-13,DEMO-01,SH-02,shovel,1.66,0.931,0,0.0
2025-08-14,DEMO-01,SH-02,shovel,2.92,0.879,0,0.0
2025-08-15,DEMO-01,SH-02,shovel,10.44,0.565,0,0.0
2025-08-16,DEMO-01,SH-02,shovel,1.05,0.956,0,0.0
2025-08-17,DEMO-01,SH-02,shovel,8.01,0.666,0,0.0
2025-08-18,DEMO-01,SH-02,shovel,2.66,0.889,0,0.0
2025-08-19,DEMO-01,SH-02,shovel,8.37,0.651,0,0.0
2025-08-20,DEMO-01,SH-02,shovel,2.35,0.902,0,0.0
2025-08-21,DEMO-01,SH-02,shovel,5.09,0.788,0,0.0
2025-08-22,DEMO-01,SH-02,shovel,0.94,0.961,0,0.0
2025-08-23,DEMO-01,SH-02,shovel,1.46,0.939,0,0.0
2025-08-24,DEMO-01,SH-02,shovel,5.68,0.763,0,0.0
2025-08-25,DEMO-01,SH-02,shovel,4.16,0.827,0,0.0
2025-08-26,DEMO-01,SH-02,shovel,1.35,0.944,0,0.0
2025-08-27,DEMO-01,SH-02,shovel,0.59,0.975,0,0.0
2025-08-28,DEMO-01,SH-02,shovel,1.19,0.95,0,0.0
2025-08-29,DEMO-01,SH-02,shovel,2.47,0.897,0,0.0
2025-08-30,DEMO-01,SH-02,shovel,2.62,0.891,0,0.0
2025-08-31,DEMO-01,SH-02,shovel,3.55,0.852,0,0.0
2025-09-01,DEMO-01,SH-02,shovel,3.44,0.857,0,0.0
2025-09-02,DEMO-01,SH-02,shovel,2.76,0.885,0,0.0
2025-09-03,DEMO-01,SH-02,shovel,1.32,0.945,0,0.0
2025-09-04,DEMO-01,SH-02,shovel,0.66,0.973,0,0.0
2025-09-05,DEMO-01,SH-02,shovel,5.4,0.775,0,0.0
2025-09-06,DEMO-01,SH-02,shovel,1.18,0.951,0,0.0
2025-09-07,DEMO-01,SH-02,shovel,1.11,0.954,0,0.0
2025-09-08,DEMO-01,SH-02,shovel,6.69,0.721,1,6.04
2025-09-09,DEMO-01,SH-02,shovel,0.17,0.993,0,0.0
2025-09-10,DEMO-01,SH-02,shovel,2.83,0.882,0,0.0
2025-09-11,DEMO-01,SH-02,shovel,0.82,0.966,0,0.0
2025-09-12,DEMO-01,SH-02,shovel,1.41,0.941,0,0.0
2025-09-13,DEMO-01,SH-02,shovel,1.65,0.931,0,0.0
2025-09-14,DEMO-01,SH-02,shovel,4.75,0.802,0,0.0
2025-09-15,DEMO-01,SH-02,shovel,1.12,0.953,0,0.0
2025-09-16,DEMO-01,SH-02,shovel,0.54,0.978,0,0.0
2025-09-17,DEMO-01,SH-02,shovel,1.02,0.958,0,0.0
2025-09-18,DEMO-01,SH-02,shovel,3.58,0.851,0,0.0
2025-09-19,DEMO-01,SH-02,shovel,3.72,0.845,0,0.0
2025-09-20,DEMO-01,SH-02,shovel,0.92,0.962,0,0.0
2025-09-21,DEMO-01,SH-02,shovel,1.54,0.936,0,0.0
2025-09-22,DEMO-01,SH-02,shovel,0.25,0.989,0,0.0
2025-09-23,DEMO-01,SH-02,shovel,2.37,0.901,0,0.0
2025-09-24,DEMO-01,SH-02,shovel,1.25,0.948,0,0.0
2025-09-25,DEMO-01,SH-02,shovel,2.15,0.91,1,1.77
2025-09-26,DEMO-01,SH-02,shovel,0.96,0.96,0,0.0
2025-09-27,DEMO-01,SH-02,shovel,0.38,0.984,0,0.0
2025-09-28,DEMO-01,SH-02,shovel,9.38,0.609,1,7.94
2025-09-29,DEMO-01,SH-02,shovel,1.01,0.958,0,0.0
2025-09-30,DEMO-01,SH-02,shovel,2.48,0.897,0,0.0
2025-10-01,DEMO-01,SH-02,shovel,4.52,0.812,0,0.0
2025-10-02,DEMO-01,SH-02,shovel,1.59,0.934,0,0.0
2025-10-03,DEMO-01,SH-02,shovel,1.38,0.943,0,0.0
2025-10-04,DEMO-01,SH-02,shovel,1.4,0.942,0,0.0
2025-10-05,DEMO-01,SH-02,shovel,2.93,0.878,0,0.0
2025-10-06,DEMO-01,SH-02,shovel,0.44,0.982,0,0.0
2025-10-07,DEMO-01,SH-02,shovel,0.5,0.979,0,0.0
2025-10-08,DEMO-01,SH-02,shovel,1.53,0.936,0,0.0
2025-10-09,DEMO-01,SH-02,shovel,2.41,0.899,0,0.0
2025-10-10,DEMO-01,SH-02,shovel,0.24,0.99,0,0.0
2025-10-11,DEMO-01,SH-02,shovel,4.48,0.813,0,0.0
2025-10-12,DEMO-01,SH-02,shovel,0.95,0.96,0,0.0
2025-10-13,DEMO-01,SH-02,shovel,1.2,0.95,0,0.0
2025-10-14,DEMO-01,SH-02,shovel,3.68,0.847,0,0.0
2025-10-15,DEMO-01,SH-02,shovel,1.37,0.943,0,0.0
2025-10-16,DEMO-01,SH-02,shovel,0.44,0.982,0,0.0
2025-10-17,DEMO-01,SH-02,shovel,3.0,0.875,0,0.0
2025-10-18,DEMO-01,SH-02,shovel,1.64,0.932,0,0.0
2025-10-19,DEMO-01,SH-02,shovel,1.46,0.939,0,0.0
2025-10-20,DEMO-01,SH-02,shovel,1.54,0.936,0,0.0
2025-10-21,DEMO-01,SH-02,shovel,2.47,0.897,0,0.0
2025-10-22,DEMO-01,SH-02,shovel,0.17,0.993,0,0.0
2025-10-23,DEMO-01,SH-02,shovel,0.55,0.977,0,0.0
2025-10-24,DEMO-01,SH-02,shovel,0.45,0.981,0,0.0
2025-10-25,DEMO-01,SH-02,shovel,1.67,0.93,0,0.0
2025-10-26,DEMO-01,SH-02,shovel,1.68,0.93,0,0.0
2025-10-27,DEMO-01,SH-02,shovel,0.66,0.972,0,0.0
2025-10-28,DEMO-01,SH-02,shovel,2.21,0.908,0,0.0
2025-10-29,DEMO-01,SH-02,shovel,0.49,0.98,0,0.0
2025-10-30,DEMO-01,SH-02,shovel,3.89,0.838,0,0.0
2025-10-31,DEMO-01,SH-02,shovel,1.41,0.941,0,0.0
2025-11-01,DEMO-01,SH-02,shovel,0.89,0.963,0,0.0
2025-11-02,DEMO-01,SH-02,shovel,0.18,0.993,0,0.0
2025-11-03,DEMO-01,SH-02,shovel,0.99,0.959,0,0.0
2025-11-04,DEMO-01,SH-02,shovel,0.45,0.981,0,0.0
2025-11-05,DEMO-01,SH-02,shovel,2.04,0.915,0,0.0
2025-11-06,DEMO-01,SH-02,shovel,1.54,0.936,0,0.0
2025-11-07,DEMO-01,SH-02,shovel,2.28,0.905,0,0.0
2025-11-08,DEMO-01,SH-02,shovel,0.69,0.971,0,0.0
2025-11-09,DEMO-01,SH-02,shovel,0.56,0.976,0,0.0
2025-11-10,DEMO-01,SH-02,shovel,2.82,0.882,0,0.0
2025-11-11,DEMO-01,SH-02,shovel,0.89,0.963,0,0.0
2025-11-12,DEMO-01,SH-02,shovel,0.5,0.979,0,0.0
2025-11-13,DEMO-01,SH-02,shovel,0.98,0.959,0,0.0
2025-11-14,DEMO-01,SH-02,shovel,2.03,0.916,0,0.0
2025-11-15,DEMO-01,SH-02,shovel,2.39,0.9,0,0.0
2025-11-16,DEMO-01,SH-02,shovel,3.34,0.861,0,0.0
2025-11-17,DEMO-01,SH-02,shovel,0.77,0.968,0,0.0
2025-11-18,DEMO-01,SH-02,shovel,2.53,0.895,0,0.0
2025-11-19,DEMO-01,SH-02,shovel,0.68,0.972,0,0.0
2025-11-20,DEMO-01,SH-02,shovel,1.6,0.933,0,0.0
2025-11-21,DEMO-01,SH-02,shovel,1.36,0.943,0,0.0
2025-11-22,DEMO-01,SH-02,shovel,1.88,0.922,0,0.0
2025-11-23,DEMO-01,SH-02,shovel,1.8,0.925,0,0.0
2025-11-24,DEMO-01,SH-02,shovel,1.56,0.935,0,0.0
2025-11-25,DEMO-01,SH-02,shovel,1.72,0.929,0,0.0
2025-11-26,DEMO-01,SH-02,shovel,2.39,0.9,0,0.0
2025-11-27,DEMO-01,SH-02,shovel,0.47,0.981,0,0.0
2025-11-28,DEMO-01,SH-02,shovel,1.44,0.94,0,0.0
2025-11-29,DEMO-01,SH-02,shovel,0.55,0.977,0,0.0
2025-11-30,DEMO-01,SH-02,shovel,0.45,0.981,0,0.0
2025-12-01,DEMO-01,SH-02,shovel,1.8,0.925,0,0.0
2025-12-02,DEMO-01,SH-02,shovel,2.59,0.892,0,0.0
2025-12-03,DEMO-01,SH-02,shovel,1.29,0.946,0,0.0
2025-12-04,DEMO-01,SH-02,shovel,2.0,0.916,0,0.0
2025-12-05,DEMO-01,SH-02,shovel,0.95,0.96,0,0.0
2025-12-06,DEMO-01,SH-02,shovel,1.23,0.949,0,0.0
2025-12-07,DEMO-01,SH-02,shovel,1.44,0.94,0,0.0
2025-12-08,DEMO-01,SH-02,shovel,1.76,0.927,0,0.0
2025-12-09,DEMO-01,SH-02,shovel,3.78,0.843,0,0.0
2025-12-10,DEMO-01,SH-02,shovel,3.69,0.846,0,0.0
2025-12-11,DEMO-01,SH-02,shovel,1.68,0.93,0,0.0
2025-12-12,DEMO-01,SH-02,shovel,1.08,0.955,0,0.0
2025-12-13,DEMO-01,SH-02,shovel,3.11,0.87,0,0.0
2025-12-14,DEMO-01,SH-02,shovel,3.92,0.837,0,0.0
2025-12-15,DEMO-01,SH-02,shovel,2.53,0.895,0,0.0
2025-12-16,DEMO-01,SH-02,shovel,3.35,0.86,0,0.0
2025-12-17,DEMO-01,SH-02,shovel,0.75,0.969,0,0.0
2025-12-18,DEMO-01,SH-02,shovel,0.62,0.974,0,0.0
2025-12-19,DEMO-01,SH-02,shovel,1.29,0.946,0,0.0
2025-12-20,DEMO-01,SH-02,shovel,0.94,0.961,0,0.0
2025-12-21,DEMO-01,SH-02,shovel,1.64,0.932,0,0.0
2025-12-22,DEMO-01,SH-02,shovel,2.08,0.913,0,0.0
2025-12-23,DEMO-01,SH-02,shovel,3.98,0.834,0,0.0
2025-12-24,DEMO-01,SH-02,shovel,6.13,0.744,1,6.27
2025-12-25,DEMO-01,SH-02,shovel,1.0,0.958,0,0.0
2025-12-26,DEMO-01,SH-02,shovel,3.05,0.873,0,0.0
2025-12-27,DEMO-01,SH-02,shovel,1.43,0.94,0,0.0
2025-12-28,DEMO-01,SH-02,shovel,4.0,0.834,0,0.0
2025-12-29,DEMO-01,SH-02,shovel,1.42,0.941,0,0.0
2025-12-30,DEMO-01,SH-02,shovel,3.35,0.861,0,0.0
2025-12-31,DEMO-01,SH-02,shovel,9.48,0.605,1,8.93
2023-01-01,DEMO-01,DU-01,dumper,1.11,0.954,0,0.0
2023-01-02,DEMO-01,DU-01,dumper,1.03,0.957,0,0.0
2023-01-03,DEMO-01,DU-01,dumper,0.18,0.993,0,0.0
2023-01-04,DEMO-01,DU-01,dumper,0.46,0.981,0,0.0
2023-01-05,DEMO-01,DU-01,dumper,0.47,0.98,0,0.0
2023-01-06,DEMO-01,DU-01,dumper,1.4,0.942,0,0.0
2023-01-07,DEMO-01,DU-01,dumper,6.38,0.734,1,5.22
2023-01-08,DEMO-01,DU-01,dumper,0.33,0.986,0,0.0
2023-01-09,DEMO-01,DU-01,dumper,1.52,0.936,0,0.0
2023-01-10,DEMO-01,DU-01,dumper,1.45,0.939,0,0.0
2023-01-11,DEMO-01,DU-01,dumper,8.23,0.657,1,4.93
2023-01-12,DEMO-01,DU-01,dumper,1.43,0.94,0,0.0
2023-01-13,DEMO-01,DU-01,dumper,0.94,0.961,0,0.0
2023-01-14,DEMO-01,DU-01,dumper,0.72,0.97,0,0.0
2023-01-15,DEMO-01,DU-01,dumper,1.42,0.941,0,0.0
2023-01-16,DEMO-01,DU-01,dumper,0.77,0.968,0,0.0
2023-01-17,DEMO-01,DU-01,dumper,1.94,0.919,0,0.0
2023-01-18,DEMO-01,DU-01,dumper,0.27,0.989,0,0.0
2023-01-19,DEMO-01,DU-01,dumper,0.96,0.96,0,0.0
2023-01-20,DEMO-01,DU-01,dumper,1.13,0.953,0,0.0
2023-01-21,DEMO-01,DU-01,dumper,0.75,0.969,0,0.0
2023-01-22,DEMO-01,DU-01,dumper,2.0,0.917,0,0.0
2023-01-23,DEMO-01,DU-01,dumper,0.36,0.985,0,0.0
2023-01-24,DEMO-01,DU-01,dumper,0.54,0.977,0,0.0
2023-01-25,DEMO-01,DU-01,dumper,1.59,0.934,0,0.0
2023-01-26,DEMO-01,DU-01,dumper,1.45,0.94,0,0.0
2023-01-27,DEMO-01,DU-01,dumper,0.74,0.969,0,0.0
2023-01-28,DEMO-01,DU-01,dumper,1.77,0.926,0,0.0
2023-01-29,DEMO-01,DU-01,dumper,0.57,0.976,0,0.0
2023-01-30,DEMO-01,DU-01,dumper,1.85,0.923,0,0.0
2023-01-31,DEMO-01,DU-01,dumper,1.48,0.938,0,0.0
2023-02-01,DEMO-01,DU-01,dumper,0.78,0.967,0,0.0
2023-02-02,DEMO-01,DU-01,dumper,2.15,0.911,0,0.0
2023-02-03,DEMO-01,DU-01,dumper,0.49,0.98,0,0.0
2023-02-04,DEMO-01,DU-01,dumper,0.14,0.994,0,0.0
2023-02-05,DEMO-01,DU-01,dumper,2.36,0.902,0,0.0
2023-02-06,DEMO-01,DU-01,dumper,2.0,0.917,0,0.0
2023-02-07,DEMO-01,DU-01,dumper,0.54,0.978,0,0.0
2023-02-08,DEMO-01,DU-01,dumper,2.19,0.909,0,0.0
2023-02-09,DEMO-01,DU-01,dumper,3.32,0.862,0,0.0
2023-02-10,DEMO-01,DU-01,dumper,0.83,0.966,0,0.0
2023-02-11,DEMO-01,DU-01,dumper,0.24,0.99,0,0.0
2023-02-12,DEMO-01,DU-01,dumper,1.02,0.958,0,0.0
2023-02-13,DEMO-01,DU-01,dumper,0.46,0.981,0,0.0
2023-02-14,DEMO-01,DU-01,dumper,2.1,0.913,0,0.0
2023-02-15,DEMO-01,DU-01,dumper,1.67,0.93,0,0.0
2023-02-16,DEMO-01,DU-01,dumper,2.36,0.902,0,0.0
2023-02-17,DEMO-01,DU-01,dumper,3.99,0.834,0,0.0
2023-02-18,DEMO-01,DU-01,dumper,1.05,0.956,0,0.0
2023-02-19,DEMO-01,DU-01,dumper,0.24,0.99,0,0.0
2023-02-20,DEMO-01,DU-01,dumper,3.73,0.845,0,0.0
2023-02-21,DEMO-01,DU-01,dumper,4.97,0.793,0,0.0
2023-02-22,DEMO-01,DU-01,dumper,2.43,0.899,0,0.0
2023-02-23,DEMO-01,DU-01,dumper,1.47,0.939,0,0.0
2023-02-24,DEMO-01,DU-01,dumper,0.29,0.988,0,0.0
2023-02-25,DEMO-01,DU-01,dumper,1.91,0.92,0,0.0
2023-02-26,DEMO-01,DU-01,dumper,0.54,0.978,0,0.0
2023-02-27,DEMO-01,DU-01,dumper,1.37,0.943,0,0.0
2023-02-28,DEMO-01,DU-01,dumper,0.53,0.978,0,0.0
2023-03-01,DEMO-01,DU-01,dumper,0.54,0.977,0,0.0
2023-03-02,DEMO-01,DU-01,dumper,2.15,0.91,0,0.0
2023-03-03,DEMO-01,DU-01,dumper,0.21,0.991,0,0.0
2023-03-04,DEMO-01,DU-01,dumper,2.37,0.901,0,0.0
2023-03-05,DEMO-01,DU-01,dumper,0.52,0.978,0,0.0
2023-03-06,DEMO-01,DU-01,dumper,2.37,0.901,0,0.0
2023-03-07,DEMO-01,DU-01,dumper,3.31,0.862,1,2.89
2023-03-08,DEMO-01,DU-01,dumper,1.05,0.956,0,0.0
2023-03-09,DEMO-01,DU-01,dumper,0.63,0.974,0,0.0
2023-03-10,DEMO-01,DU-01,dumper,1.77,0.926,0,0.0
2023-03-11,DEMO-01,DU-01,dumper,2.55,0.894,0,0.0
2023-03-12,DEMO-01,DU-01,dumper,0.9,0.962,0,0.0
2023-03-13,DEMO-01,DU-01,dumper,1.08,0.955,0,0.0
2023-03-14,DEMO-01,DU-01,dumper,0.64,0.973,0,0.0
2023-03-15,DEMO-01,DU-01,dumper,3.22,0.866,0,0.0
2023-03-16,DEMO-01,DU-01,dumper,0.52,0.978,0,0.0
2023-03-17,DEMO-01,DU-01,dumper,0.96,0.96,0,0.0
2023-03-18,DEMO-01,DU-01,dumper,1.26,0.948,0,0.0
2023-03-19,DEMO-01,DU-01,dumper,1.2,0.95,0,0.0
2023-03-20,DEMO-01,DU-01,dumper,1.08,0.955,0,0.0
2023-03-21,DEMO-01,DU-01,dumper,0.98,0.959,0,0.0
2023-03-22,DEMO-01,DU-01,dumper,1.77,0.926,0,0.0
2023-03-23,DEMO-01,DU-01,dumper,6.92,0.712,1,6.64
2023-03-24,DEMO-01,DU-01,dumper,2.08,0.913,0,0.0
2023-03-25,DEMO-01,DU-01,dumper,0.76,0.968,0,0.0
2023-03-26,DEMO-01,DU-01,dumper,0.54,0.977,0,0.0
2023-03-27,DEMO-01,DU-01,dumper,1.3,0.946,0,0.0
2023-03-28,DEMO-01,DU-01,dumper,1.88,0.922,0,0.0
2023-03-29,DEMO-01,DU-01,dumper,1.79,0.925,0,0.0
2023-03-30,DEMO-01,DU-01,dumper,1.19,0.95,0,0.0
2023-03-31,DEMO-01,DU-01,dumper,8.2,0.658,1,7.17
2023-04-01,DEMO-01,DU-01,dumper,1.29,0.946,0,0.0
2023-04-02,DEMO-01,DU-01,dumper,0.67,0.972,0,0.0
2023-04-03,DEMO-01,DU-01,dumper,0.89,0.963,0,0.0
2023-04-04,DEMO-01,DU-01,dumper,0.96,0.96,0,0.0
2023-04-05,DEMO-01,DU-01,dumper,1.34,0.944,0,0.0
2023-04-06,DEMO-01,DU-01,dumper,0.52,0.978,0,0.0
2023-04-07,DEMO-01,DU-01,dumper,1.96,0.918,0,0.0
2023-04-08,DEMO-01,DU-01,dumper,6.76,0.718,1,6.97
2023-04-09,DEMO-01,DU-01,dumper,0.37,0.985,0,0.0
2023-04-10,DEMO-01,DU-01,dumper,0.76,0.968,0,0.0
2023-04-11,DEMO-01,DU-01,dumper,0.54,0.978,0,0.0
2023-04-12,DEMO-01,DU-01,dumper,0.68,0.972,0,0.0
2023-04-13,DEMO-01,DU-01,dumper,1.32,0.945,0,0.0
2023-04-14,DEMO-01,DU-01,dumper,0.61,0.975,0,0.0
2023-04-15,DEMO-01,DU-01,dumper,1.06,0.956,0,0.0
2023-04-16,DEMO-01,DU-01,dumper,3.18,0.867,0,0.0
2023-04-17,DEMO-01,DU-01,dumper,1.3,0.946,0,0.0
2023-04-18,DEMO-01,DU-01,dumper,2.12,0.912,0,0.0
2023-04-19,DEMO-01,DU-01,dumper,1.03,0.957,0,0.0
2023-04-20,DEMO-01,DU-01,dumper,0.64,0.974,0,0.0
2023-04-21,DEMO-01,DU-01,dumper,0.82,0.966,0,0.0
2023-04-22,DEMO-01,DU-01,dumper,0.75,0.969,0,0.0
2023-04-23,DEMO-01,DU-01,dumper,2.24,0.907,0,0.0
2023-04-24,DEMO-01,DU-01,dumper,1.9,0.921,0,0.0
2023-04-25,DEMO-01,DU-01,dumper,0.27,0.989,0,0.0
2023-04-26,DEMO-01,DU-01,dumper,3.08,0.872,0,0.0
2023-04-27,DEMO-01,DU-01,dumper,4.8,0.8,1,3.09
2023-04-28,DEMO-01,DU-01,dumper,0.96,0.96,0,0.0
2023-04-29,DEMO-01,DU-01,dumper,0.76,0.968,0,0.0
2023-04-30,DEMO-01,DU-01,dumper,0.73,0.97,0,0.0
2023-05-01,DEMO-01,DU-01,dumper,1.04,0.957,0,0.0
2023-05-02,DEMO-01,DU-01,dumper,0.53,0.978,0,0.0
2023-05-03,DEMO-01,DU-01,dumper,1.26,0.947,0,0.0
2023-05-04,DEMO-01,DU-01,dumper,0.53,0.978,0,0.0
2023-05-05,DEMO-01,DU-01,dumper,0.36,0.985,0,0.0
2023-05-06,DEMO-01,DU-01,dumper,1.58,0.934,0,0.0
2023-05-07,DEMO-01,DU-01,dumper,1.12,0.954,0,0.0
2023-05-08,DEMO-01,DU-01,dumper,0.3,0.988,0,0.0
2023-05-09,DEMO-01,DU-01,dumper,1.17,0.951,0,0.0
2023-05-10,DEMO-01,DU-01,dumper,2.46,0.897,0,0.0
2023-05-11,DEMO-01,DU-01,dumper,2.75,0.885,0,0.0
2023-05-12,DEMO-01,DU-01,dumper,0.95,0.961,0,0.0
2023-05-13,DEMO-01,DU-01,dumper,2.47,0.897,0,0.0
2023-05-14,DEMO-01,DU-01,dumper,0.75,0.969,0,0.0
2023-05-15,DEMO-01,DU-01,dumper,2.3,0.904,0,0.0
2023-05-16,DEMO-01,DU-01,dumper,3.54,0.853,0,0.0
2023-05-17,DEMO-01,DU-01,dumper,0.8,0.967,0,0.0
2023-05-18,DEMO-01,DU-01,dumper,0.8,0.967,0,0.0
2023-05-19,DEMO-01,DU-01,dumper,0.36,0.985,0,0.0
2023-05-20,DEMO-01,DU-01,dumper,0.46,0.981,0,0.0
2023-05-21,DEMO-01,DU-01,dumper,0.61,0.974,0,0.0
2023-05-22,DEMO-01,DU-01,dumper,0.35,0.986,0,0.0
2023-05-23,DEMO-01,DU-01,dumper,1.03,0.957,0,0.0
2023-05-24,DEMO-01,DU-01,dumper,0.64,0.974,0,0.0
2023-05-25,DEMO-01,DU-01,dumper,2.6,0.892,0,0.0
2023-05-26,DEMO-01,DU-01,dumper,2.34,0.903,0,0.0
2023-05-27,DEMO-01,DU-01,dumper,0.85,0.965,0,0.0
2023-05-28,DEMO-01,DU-01,dumper,1.96,0.918,0,0.0
2023-05-29,DEMO-01,DU-01,dumper,2.47,0.897,0,0.0
2023-05-30,DEMO-01,DU-01,dumper,9.8,0.592,1,9.05
2023-05-31,DEMO-01,DU-01,dumper,7.29,0.696,1,5.22
2023-06-01,DEMO-01,DU-01,dumper,2.09,0.913,0,0.0
2023-06-02,DEMO-01,DU-01,dumper,1.98,0.918,0,0.0
2023-06-03,DEMO-01,DU-01,dumper,2.4,0.9,0,0.0
2023-06-04,DEMO-01,DU-01,dumper,4.2,0.825,0,0.0
2023-06-05,DEMO-01,DU-01,dumper,1.53,0.936,0,0.0
2023-06-06,DEMO-01,DU-01,dumper,1.41,0.941,0,0.0
2023-06-07,DEMO-01,DU-01,dumper,1.76,0.927,0,0.0
2023-06-08,DEMO-01,DU-01,dumper,1.57,0.935,0,0.0
2023-06-09,DEMO-01,DU-01,dumper,0.23,0.99,0,0.0
2023-06-10,DEMO-01,DU-01,dumper,0.01,1.0,0,0.0
2023-06-11,DEMO-01,DU-01,dumper,2.98,0.876,0,0.0
2023-06-12,DEMO-01,DU-01,dumper,1.46,0.939,0,0.0
2023-06-13,DEMO-01,DU-01,dumper,3.53,0.853,0,0.0
2023-06-14,DEMO-01,DU-01,dumper,1.96,0.918,0,0.0
2023-06-15,DEMO-01,DU-01,dumper,3.3,0.862,0,0.0
2023-06-16,DEMO-01,DU-01,dumper,0.33,0.986,0,0.0
2023-06-17,DEMO-01,DU-01,dumper,0.95,0.96,0,0.0
2023-06-18,DEMO-01,DU-01,dumper,4.99,0.792,0,0.0
2023-06-19,DEMO-01,DU-01,dumper,4.4,0.817,1,2.57
2023-06-20,DEMO-01,DU-01,dumper,1.12,0.953,0,0.0
2023-06-21,DEMO-01,DU-01,dumper,1.42,0.941,0,0.0
2023-06-22,DEMO-01,DU-01,dumper,1.49,0.938,0,0.0
2023-06-23,DEMO-01,DU-01,dumper,9.61,0.6,0,0.0
2023-06-24,DEMO-01,DU-01,dumper,1.33,0.945,0,0.0
2023-06-25,DEMO-01,DU-01,dumper,2.12,0.912,0,0.0
2023-06-26,DEMO-01,DU-01,dumper,3.93,0.836,0,0.0
2023-06-27,DEMO-01,DU-01,dumper,1.35,0.944,0,0.0
2023-06-28,DEMO-01,DU-01,dumper,10.65,0.556,0,0.0
2023-06-29,DEMO-01,DU-01,dumper,0.77,0.968,0,0.0
2023-06-30,DEMO-01,DU-01,dumper,7.87,0.672,0,0.0
2023-07-01,DEMO-01,DU-01,dumper,7.41,0.691,0,0.0
2023-07-02,DEMO-01,DU-01,dumper,1.39,0.942,0,0.0
2023-07-03,DEMO-01,DU-01,dumper,1.71,0.929,0,0.0
2023-07-04,DEMO-01,DU-01,dumper,5.61,0.766,0,0.0
2023-07-05,DEMO-01,DU-01,dumper,1.49,0.938,0,0.0
2023-07-06,DEMO-01,DU-01,dumper,0.57,0.976,0,0.0
2023-07-07,DEMO-01,DU-01,dumper,2.73,0.886,0,0.0
2023-07-08,DEMO-01,DU-01,dumper,4.39,0.817,0,0.0
2023-07-09,DEMO-01,DU-01,dumper,5.19,0.784,1,2.46
2023-07-10,DEMO-01,DU-01,dumper,3.96,0.835,0,0.0
2023-07-11,DEMO-01,DU-01,dumper,3.71,0.845,0,0.0
2023-07-12,DEMO-01,DU-01,dumper,6.31,0.737,1,3.66
2023-07-13,DEMO-01,DU-01,dumper,8.97,0.626,0,0.0
2023-07-14,DEMO-01,DU-01,dumper,0.16,0.993,0,0.0
2023-07-15,DEMO-01,DU-01,dumper,7.12,0.703,0,0.0
2023-07-16,DEMO-01,DU-01,dumper,14.64,0.39,0,0.0
2023-07-17,DEMO-01,DU-01,dumper,5.2,0.783,0,0.0
2023-07-18,DEMO-01,DU-01,dumper,12.02,0.499,0,0.0
2023-07-19,DEMO-01,DU-01,dumper,5.51,0.77,0,0.0
2023-07-20,DEMO-01,DU-01,dumper,13.16,0.452,0,0.0
2023-07-21,DEMO-01,DU-01,dumper,13.24,0.448,1,9.49
2023-07-22,DEMO-01,DU-01,dumper,2.78,0.884,0,0.0
2023-07-23,DEMO-01,DU-01,dumper,2.18,0.909,0,0.0
2023-07-24,DEMO-01,DU-01,dumper,6.14,0.744,0,0.0
2023-07-25,DEMO-01,DU-01,dumper,2.57,0.893,0,0.0
2023-07-26,DEMO-01,DU-01,dumper,15.91,0.337,0,0.0
2023-07-27,DEMO-01,DU-01,dumper,11.03,0.54,0,0.0
2023-07-28,DEMO-01,DU-01,dumper,5.73,0.761,0,0.0
2023-07-29,DEMO-01,DU-01,dumper,4.2,0.825,0,0.0
2023-07-30,DEMO-01,DU-01,dumper,4.08,0.83,0,0.0
2023-07-31,DEMO-01,DU-01,dumper,1.5,0.937,0,0.0
2023-08-01,DEMO-01,DU-01,dumper,0.68,0.972,0,0.0
2023-08-02,DEMO-01,DU-01,dumper,2.87,0.88,0,0.0
2023-08-03,DEMO-01,DU-01,dumper,7.57,0.685,0,0.0
2023-08-04,DEMO-01,DU-01,dumper,9.3,0.613,0,0.0
2023-08-05,DEMO-01,DU-01,dumper,4.97,0.793,0,0.0
2023-08-06,DEMO-01,DU-01,dumper,4.5,0.812,0,0.0
2023-08-07,DEMO-01,DU-01,dumper,0.08,0.997,0,0.0
2023-08-08,DEMO-01,DU-01,dumper,2.02,0.916,0,0.0
2023-08-09,DEMO-01,DU-01,dumper,1.65,0.931,0,0.0
2023-08-10,DEMO-01,DU-01,dumper,2.16,0.91,0,0.0
2023-08-11,DEMO-01,DU-01,dumper,1.71,0.929,0,0.0
2023-08-12,DEMO-01,DU-01,dumper,0.67,0.972,0,0.0
2023-08-13,DEMO-01,DU-01,dumper,7.82,0.674,0,0.0
2023-08-14,DEMO-01,DU-01,dumper,0.91,0.962,0,0.0
2023-08-15,DEMO-01,DU-01,dumper,3.13,0.87,0,0.0
2023-08-16,DEMO-01,DU-01,dumper,2.88,0.88,0,0.0
2023-08-17,DEMO-01,DU-01,dumper,0.37,0.984,0,0.0
2023-08-18,DEMO-01,DU-01,dumper,1.62,0.932,0,0.0
2023-08-19,DEMO-01,DU-01,dumper,0.97,0.959,0,0.0
2023-08-20,DEMO-01,DU-01,dumper,2.58,0.892,0,0.0
2023-08-21,DEMO-01,DU-01,dumper,2.94,0.877,0,0.0
2023-08-22,DEMO-01,DU-01,dumper,2.16,0.91,1,1.78
2023-08-23,DEMO-01,DU-01,dumper,3.21,0.866,0,0.0
2023-08-24,DEMO-01,DU-01,dumper,0.61,0.975,0,0.0
2023-08-25,DEMO-01,DU-01,dumper,4.13,0.828,0,0.0
2023-08-26,DEMO-01,DU-01,dumper,2.75,0.886,0,0.0
2023-08-27,DEMO-01,DU-01,dumper,5.05,0.79,0,0.0
2023-08-28,DEMO-01,DU-01,dumper,0.28,0.988,0,0.0
2023-08-29,DEMO-01,DU-01,dumper,0.74,0.969,0,0.0
2023-08-30,DEMO-01,DU-01,dumper,10.66,0.556,1,6.54
2023-08-31,DEMO-01,DU-01,dumper,3.17,0.868,0,0.0
2023-09-01,DEMO-01,DU-01,dumper,1.62,0.932,0,0.0
2023-09-02,DEMO-01,DU-01,dumper,2.28,0.905,0,0.0
2023-09-03,DEMO-01,DU-01,dumper,0.96,0.96,0,0.0
2023-09-04,DEMO-01,DU-01,dumper,0.37,0.985,0,0.0
2023-09-05,DEMO-01,DU-01,dumper,2.09,0.913,0,0.0
2023-09-06,DEMO-01,DU-01,dumper,0.86,0.964,0,0.0
2023-09-07,DEMO-01,DU-01,dumper,2.47,0.897,0,0.0
2023-09-08,DEMO-01,DU-01,dumper,4.18,0.826,0,0.0
2023-09-09,DEMO-01,DU-01,dumper,2.28,0.905,0,0.0
2023-09-10,DEMO-01,DU-01,dumper,0.71,0.97,0,0.0
2023-09-11,DEMO-01,DU-01,dumper,1.75,0.927,0,0.0
2023-09-12,DEMO-01,DU-01,dumper,0.67,0.972,0,0.0
2023-09-13,DEMO-01,DU-01,dumper,3.89,0.838,0,0.0
2023-09-14,DEMO-01,DU-01,dumper,0.98,0.959,0,0.0
2023-09-15,DEMO-01,DU-01,dumper,1.2,0.95,0,0.0
2023-09-16,DEMO-01,DU-01,dumper,1.38,0.943,0,0.0
2023-09-17,DEMO-01,DU-01,dumper,1.23,0.949,0,0.0
2023-09-18,DEMO-01,DU-01,dumper,1.01,0.958,0,0.0
2023-09-19,DEMO-01,DU-01,dumper,1.06,0.956,0,0.0
2023-09-20,DEMO-01,DU-01,dumper,8.19,0.659,1,4.58
2023-09-21,DEMO-01,DU-01,dumper,1.08,0.955,0,0.0
2023-09-22,DEMO-01,DU-01,dumper,0.66,0.973,0,0.0
2023-09-23,DEMO-01,DU-01,dumper,1.39,0.942,0,0.0
2023-09-24,DEMO-01,DU-01,dumper,1.97,0.918,0,0.0
2023-09-25,DEMO-01,DU-01,dumper,0.18,0.993,0,0.0
2023-09-26,DEMO-01,DU-01,dumper,1.02,0.957,0,0.0
2023-09-27,DEMO-01,DU-01,dumper,1.75,0.927,0,0.0
2023-09-28,DEMO-01,DU-01,dumper,2.14,0.911,0,0.0
2023-09-29,DEMO-01,DU-01,dumper,0.63,0.974,0,0.0
2023-09-30,DEMO-01,DU-01,dumper,0.18,0.993,0,0.0
2023-10-01,DEMO-01,DU-01,dumper,0.93,0.961,0,0.0
2023-10-02,DEMO-01,DU-01,dumper,1.26,0.947,0,0.0
2023-10-03,DEMO-01,DU-01,dumper,0.47,0.98,0,0.0
2023-10-04,DEMO-01,DU-01,dumper,2.76,0.885,0,0.0
2023-10-05,DEMO-01,DU-01,dumper,3.26,0.864,0,0.0
2023-10-06,DEMO-01,DU-01,dumper,3.42,0.857,0,0.0
2023-10-07,DEMO-01,DU-01,dumper,1.35,0.944,0,0.0
2023-10-08,DEMO-01,DU-01,dumper,2.4,0.9,0,0.0
2023-10-09,DEMO-01,DU-01,dumper,1.2,0.95,0,0.0
2023-10-10,DEMO-01,DU-01,dumper,1.94,0.919,0,0.0
2023-10-11,DEMO-01,DU-01,dumper,1.04,0.957,0,0.0
2023-10-12,DEMO-01,DU-01,dumper,5.17,0.785,0,0.0
2023-10-13,DEMO-01,DU-01,dumper,1.42,0.941,0,0.0
2023-10-14,DEMO-01,DU-01,dumper,0.17,0.993,0,0.0
2023-10-15,DEMO-01,DU-01,dumper,0.58,0.976,0,0.0
2023-10-16,DEMO-01,DU-01,dumper,0.54,0.978,0,0.0
2023-10-17,DEMO-01,DU-01,dumper,0.61,0.975,0,0.0
2023-10-18,DEMO-01,DU-01,dumper,0.44,0.982,0,0.0
2023-10-19,DEMO-01,DU-01,dumper,1.03,0.957,0,0.0
2023-10-20,DEMO-01,DU-01,dumper,1.41,0.941,0,0.0
2023-10-21,DEMO-01,DU-01,dumper,0.27,0.989,0,0.0
2023-10-22,DEMO-01,DU-01,dumper,1.77,0.926,0,0.0
2023-10-23,DEMO-01,DU-01,dumper,1.83,0.924,0,0.0
2023-10-24,DEMO-01,DU-01,dumper,0.93,0.961,0,0.0
2023-10-25,DEMO-01,DU-01,dumper,2.79,0.884,0,0.0
2023-10-26,DEMO-01,DU-01,dumper,2.49,0.896,0,0.0
2023-10-27,DEMO-01,DU-01,dumper,3.4,0.858,0,0.0
2023-10-28,DEMO-01,DU-01,dumper,0.77,0.968,0,0.0
2023-10-29,DEMO-01,DU-01,dumper,0.77,0.968,0,0.0
2023-10-30,DEMO-01,DU-01,dumper,1.39,0.942,0,0.0
2023-10-31,DEMO-01,DU-01,dumper,0.25,0.989,0,0.0
2023-11-01,DEMO-01,DU-01,dumper,2.56,0.893,0,0.0
2023-11-02,DEMO-01,DU-01,dumper,0.55,0.977,0,0.0
2023-11-03,DEMO-01,DU-01,dumper,1.75,0.927,0,0.0
2023-11-04,DEMO-01,DU-01,dumper,0.77,0.968,0,0.0
2023-11-05,DEMO-01,DU-01,dumper,2.74,0.886,0,0.0
2023-11-06,DEMO-01,DU-01,dumper,0.53,0.978,0,0.0
2023-11-07,DEMO-01,DU-01,dumper,1.85,0.923,0,0.0
2023-11-08,DEMO-01,DU-01,dumper,2.46,0.897,0,0.0
2023-11-09,DEMO-01,DU-01,dumper,1.76,0.927,0,0.0
2023-11-10,DEMO-01,DU-01,dumper,4.39,0.817,0,0.0
2023-11-11,DEMO-01,DU-01,dumper,1.99,0.917,0,0.0
2023-11-12,DEMO-01,DU-01,dumper,0.25,0.99,0,0.0
2023-11-13,DEMO-01,DU-01,dumper,1.58,0.934,0,0.0
2023-11-14,DEMO-01,DU-01,dumper,0.64,0.973,0,0.0
2023-11-15,DEMO-01,DU-01,dumper,3.61,0.85,0,0.0
2023-11-16,DEMO-01,DU-01,dumper,0.32,0.987,0,0.0
2023-11-17,DEMO-01,DU-01,dumper,0.37,0.985,0,0.0
2023-11-18,DEMO-01,DU-01,dumper,1.86,0.922,0,0.0
2023-11-19,DEMO-01,DU-01,dumper,0.63,0.974,0,0.0
2023-11-20,DEMO-01,DU-01,dumper,0.17,0.993,0,0.0
2023-11-21,DEMO-01,DU-01,dumper,0.78,0.968,0,0.0
2023-11-22,DEMO-01,DU-01,dumper,0.95,0.96,0,0.0
2023-11-23,DEMO-01,DU-01,dumper,0.42,0.983,0,0.0
2023-11-24,DEMO-01,DU-01,dumper,2.0,0.917,0,0.0
2023-11-25,DEMO-01,DU-01,dumper,2.01,0.916,0,0.0
2023-11-26,DEMO-01,DU-01,dumper,0.46,0.981,0,0.0
2023-11-27,DEMO-01,DU-01,dumper,1.8,0.925,0,0.0
2023-11-28,DEMO-01,DU-01,dumper,1.42,0.941,0,0.0
2023-11-29,DEMO-01,DU-01,dumper,0.73,0.969,0,0.0
2023-11-30,DEMO-01,DU-01,dumper,0.19,0.992,0,0.0
2023-12-01,DEMO-01,DU-01,dumper,1.98,0.918,0,0.0
2023-12-02,DEMO-01,DU-01,dumper,0.88,0.963,0,0.0
2023-12-03,DEMO-01,DU-01,dumper,1.45,0.94,0,0.0
2023-12-04,DEMO-01,DU-01,dumper,0.32,0.987,0,0.0
2023-12-05,DEMO-01,DU-01,dumper,1.21,0.949,0,0.0
2023-12-06,DEMO-01,DU-01,dumper,3.07,0.872,0,0.0
2023-12-07,DEMO-01,DU-01,dumper,0.5,0.979,0,0.0
2023-12-08,DEMO-01,DU-01,dumper,1.85,0.923,0,0.0
2023-12-09,DEMO-01,DU-01,dumper,0.36,0.985,0,0.0
2023-12-10,DEMO-01,DU-01,dumper,2.77,0.885,0,0.0
2023-12-11,DEMO-01,DU-01,dumper,1.87,0.922,0,0.0
2023-12-12,DEMO-01,DU-01,dumper,0.85,0.964,0,0.0
2023-12-13,DEMO-01,DU-01,dumper,1.34,0.944,0,0.0
2023-12-14,DEMO-01,DU-01,dumper,1.05,0.956,0,0.0
2023-12-15,DEMO-01,DU-01,dumper,1.08,0.955,0,0.0
2023-12-16,DEMO-01,DU-01,dumper,0.83,0.965,0,0.0
2023-12-17,DEMO-01,DU-01,dumper,8.54,0.644,1,9.64
2023-12-18,DEMO-01,DU-01,dumper,1.39,0.942,0,0.0
2023-12-19,DEMO-01,DU-01,dumper,1.59,0.934,0,0.0
2023-12-20,DEMO-01,DU-01,dumper,1.5,0.937,0,0.0
2023-12-21,DEMO-01,DU-01,dumper,0.41,0.983,0,0.0
2023-12-22,DEMO-01,DU-01,dumper,1.03,0.957,0,0.0
2023-12-23,DEMO-01,DU-01,dumper,2.03,0.915,0,0.0
2023-12-24,DEMO-01,DU-01,dumper,0.75,0.969,0,0.0
2023-12-25,DEMO-01,DU-01,dumper,1.88,0.922,0,0.0
2023-12-26,DEMO-01,DU-01,dumper,0.52,0.978,0,0.0
2023-12-27,DEMO-01,DU-01,dumper,2.1,0.913,0,0.0
2023-12-28,DEMO-01,DU-01,dumper,0.87,0.964,0,0.0
2023-12-29,DEMO-01,DU-01,dumper,2.49,0.896,0,0.0
2023-12-30,DEMO-01,DU-01,dumper,0.26,0.989,0,0.0
2023-12-31,DEMO-01,DU-01,dumper,1.63,0.932,0,0.0
2024-01-01,DEMO-01,DU-01,dumper,0.62,0.974,0,0.0
2024-01-02,DEMO-01,DU-01,dumper,0.71,0.971,0,0.0
2024-01-03,DEMO-01,DU-01,dumper,2.96,0.876,0,0.0
2024-01-04,DEMO-01,DU-01,dumper,0.27,0.989,0,0.0
2024-01-05,DEMO-01,DU-01,dumper,1.64,0.932,0,0.0
2024-01-06,DEMO-01,DU-01,dumper,0.5,0.979,0,0.0
2024-01-07,DEMO-01,DU-01,dumper,1.47,0.939,0,0.0
2024-01-08,DEMO-01,DU-01,dumper,1.14,0.952,0,0.0
2024-01-09,DEMO-01,DU-01,dumper,1.46,0.939,0,0.0
2024-01-10,DEMO-01,DU-01,dumper,0.33,0.986,0,0.0
2024-01-11,DEMO-01,DU-01,dumper,0.4,0.984,0,0.0
2024-01-12,DEMO-01,DU-01,dumper,0.91,0.962,0,0.0
2024-01-13,DEMO-01,DU-01,dumper,1.96,0.918,0,0.0
2024-01-14,DEMO-01,DU-01,dumper,1.29,0.946,0,0.0
2024-01-15,DEMO-01,DU-01,dumper,1.22,0.949,0,0.0
2024-01-16,DEMO-01,DU-01,dumper,0.72,0.97,0,0.0
2024-01-17,DEMO-01,DU-01,dumper,2.94,0.877,0,0.0
2024-01-18,DEMO-01,DU-01,dumper,0.81,0.966,0,0.0
2024-01-19,DEMO-01,DU-01,dumper,3.05,0.873,0,0.0
2024-01-20,DEMO-01,DU-01,dumper,3.25,0.865,0,0.0
2024-01-21,DEMO-01,DU-01,dumper,0.5,0.979,0,0.0
2024-01-22,DEMO-01,DU-01,dumper,1.37,0.943,0,0.0
2024-01-23,DEMO-01,DU-01,dumper,2.17,0.91,0,0.0
2024-01-24,DEMO-01,DU-01,dumper,0.66,0.972,0,0.0
2024-01-25,DEMO-01,DU-01,dumper,1.11,0.954,0,0.0
2024-01-26,DEMO-01,DU-01,dumper,1.36,0.943,0,0.0
2024-01-27,DEMO-01,DU-01,dumper,2.73,0.886,0,0.0
2024-01-28,DEMO-01,DU-01,dumper,1.29,0.946,0,0.0
2024-01-29,DEMO-01,DU-01,dumper,3.68,0.847,0,0.0
2024-01-30,DEMO-01,DU-01,dumper,2.76,0.885,0,0.0
2024-01-31,DEMO-01,DU-01,dumper,0.36,0.985,0,0.0
2024-02-01,DEMO-01,DU-01,dumper,6.41,0.733,1,6.64
2024-02-02,DEMO-01,DU-01,dumper,2.76,0.885,1,2.52
2024-02-03,DEMO-01,DU-01,dumper,2.18,0.909,0,0.0
2024-02-04,DEMO-01,DU-01,dumper,0.24,0.99,0,0.0
2024-02-05,DEMO-01,DU-01,dumper,2.09,0.913,0,0.0
2024-02-06,DEMO-01,DU-01,dumper,1.63,0.932,0,0.0
2024-02-07,DEMO-01,DU-01,dumper,0.34,0.986,0,0.0
2024-02-08,DEMO-01,DU-01,dumper,1.79,0.925,0,0.0
2024-02-09,DEMO-01,DU-01,dumper,0.64,0.974,0,0.0
2024-02-10,DEMO-01,DU-01,dumper,2.65,0.89,0,0.0
2024-02-11,DEMO-01,DU-01,dumper,0.29,0.988,0,0.0
2024-02-12,DEMO-01,DU-01,dumper,2.67,0.889,0,0.0
2024-02-13,DEMO-01,DU-01,dumper,1.66,0.931,0,0.0
2024-02-14,DEMO-01,DU-01,dumper,3.31,0.862,0,0.0
2024-02-15,DEMO-01,DU-01,dumper,1.67,0.93,0,0.0
2024-02-16,DEMO-01,DU-01,dumper,0.46,0.981,0,0.0
2024-02-17,DEMO-01,DU-01,dumper,0.87,0.964,0,0.0
2024-02-18,DEMO-01,DU-01,dumper,1.34,0.944,0,0.0
2024-02-19,DEMO-01,DU-01,dumper,1.26,0.948,0,0.0
2024-02-20,DEMO-01,DU-01,dumper,0.54,0.977,0,0.0
2024-02-21,DEMO-01,DU-01,dumper,1.43,0.941,0,0.0
2024-02-22,DEMO-01,DU-01,dumper,2.14,0.911,0,0.0
2024-02-23,DEMO-01,DU-01,dumper,2.55,0.894,0,0.0
2024-02-24,DEMO-01,DU-01,dumper,1.63,0.932,0,0.0
2024-02-25,DEMO-01,DU-01,dumper,1.76,0.927,0,0.0
2024-02-26,DEMO-01,DU-01,dumper,1.28,0.947,0,0.0
2024-02-27,DEMO-01,DU-01,dumper,1.87,0.922,0,0.0
2024-02-28,DEMO-01,DU-01,dumper,1.66,0.931,0,0.0
2024-02-29,DEMO-01,DU-01,dumper,0.88,0.963,0,0.0
2024-03-01,DEMO-01,DU-01,dumper,0.66,0.972,0,0.0
2024-03-02,DEMO-01,DU-01,dumper,0.6,0.975,0,0.0
2024-03-03,DEMO-01,DU-01,dumper,0.85,0.965,0,0.0
2024-03-04,DEMO-01,DU-01,dumper,0.75,0.969,0,0.0
2024-03-05,DEMO-01,DU-01,dumper,1.39,0.942,0,0.0
2024-03-06,DEMO-01,DU-01,dumper,1.93,0.919,0,0.0
2024-03-07,DEMO-01,DU-01,dumper,1.04,0.956,0,0.0
2024-03-08,DEMO-01,DU-01,dumper,2.61,0.891,0,0.0
2024-03-09,DEMO-01,DU-01,dumper,2.01,0.916,0,0.0
2024-03-10,DEMO-01,DU-01,dumper,6.86,0.714,1,6.61
2024-03-11,DEMO-01,DU-01,dumper,1.03,0.957,0,0.0
2024-03-12,DEMO-01,DU-01,dumper,1.69,0.93,0,0.0
2024-03-13,DEMO-01,DU-01,dumper,0.27,0.989,0,0.0
2024-03-14,DEMO-01,DU-01,dumper,0.82,0.966,0,0.0
2024-03-15,DEMO-01,DU-01,dumper,1.08,0.955,0,0.0
2024-03-16,DEMO-01,DU-01,dumper,1.63,0.932,0,0.0
2024-03-17,DEMO-01,DU-01,dumper,0.4,0.983,0,0.0
2024-03-18,DEMO-01,DU-01,dumper,0.47,0.981,0,0.0
2024-03-19,DEMO-01,DU-01,dumper,0.88,0.963,0,0.0
2024-03-20,DEMO-01,DU-01,dumper,2.59,0.892,0,0.0
2024-03-21,DEMO-01,DU-01,dumper,1.05,0.956,0,0.0
2024-03-22,DEMO-01,DU-01,dumper,1.63,0.932,0,0.0
2024-03-23,DEMO-01,DU-01,dumper,2.44,0.898,0,0.0
2024-03-24,DEMO-01,DU-01,dumper,4.89,0.796,0,0.0
2024-03-25,DEMO-01,DU-01,dumper,0.45,0.981,0,0.0
2024-03-26,DEMO-01,DU-01,dumper,0.62,0.974,0,0.0
2024-03-27,DEMO-01,DU-01,dumper,1.92,0.92,0,0.0
2024-03-28,DEMO-01,DU-01,dumper,0.64,0.973,0,0.0
2024-03-29,DEMO-01,DU-01,dumper,0.42,0.983,0,0.0
2024-03-30,DEMO-01,DU-01,dumper,1.88,0.922,0,0.0
2024-03-31,DEMO-01,DU-01,dumper,3.14,0.869,0,0.0
2024-04-01,DEMO-01,DU-01,dumper,1.77,0.926,0,0.0
2024-04-02,DEMO-01,DU-01,dumper,0.36,0.985,0,0.0
2024-04-03,DEMO-01,DU-01,dumper,3.09,0.871,0,0.0
2024-04-04,DEMO-01,DU-01,dumper,1.85,0.923,0,0.0
2024-04-05,DEMO-01,DU-01,dumper,0.37,0.985,0,0.0
2024-04-06,DEMO-01,DU-01,dumper,1.64,0.932,0,0.0
2024-04-07,DEMO-01,DU-01,dumper,1.12,0.953,0,0.0
2024-04-08,DEMO-01,DU-01,dumper,0.89,0.963,0,0.0
2024-04-09,DEMO-01,DU-01,dumper,8.44,0.648,1,9.43
2024-04-10,DEMO-01,DU-01,dumper,4.43,0.815,1,4.01
2024-04-11,DEMO-01,DU-01,dumper,1.49,0.938,0,0.0
2024-04-12,DEMO-01,DU-01,dumper,0.73,0.97,0,0.0
2024-04-13,DEMO-01,DU-01,dumper,1.44,0.94,0,0.0
2024-04-14,DEMO-01,DU-01,dumper,0.67,0.972,0,0.0
2024-04-15,DEMO-01,DU-01,dumper,0.89,0.963,0,0.0
2024-04-16,DEMO-01,DU-01,dumper,0.98,0.959,0,0.0
2024-04-17,DEMO-01,DU-01,dumper,2.38,0.901,0,0.0
2024-04-18,DEMO-01,DU-01,dumper,0.76,0.968,0,0.0
2024-04-19,DEMO-01,DU-01,dumper,3.17,0.868,0,0.0
2024-04-20,DEMO-01,DU-01,dumper,1.72,0.928,0,0.0
2024-04-21,DEMO-01,DU-01,dumper,0.86,0.964,0,0.0
2024-04-22,DEMO-01,DU-01,dumper,1.04,0.957,0,0.0
2024-04-23,DEMO-01,DU-01,dumper,1.11,0.954,0,0.0
2024-04-24,DEMO-01,DU-01,dumper,1.44,0.94,0,0.0
2024-04-25,DEMO-01,DU-01,dumper,0.5,0.979,0,0.0
2024-04-26,DEMO-01,DU-01,dumper,1.29,0.946,0,0.0
2024-04-27,DEMO-01,DU-01,dumper,2.18,0.909,0,0.0
2024-04-28,DEMO-01,DU-01,dumper,0.45,0.981,0,0.0
2024-04-29,DEMO-01,DU-01,dumper,0.94,0.961,0,0.0
2024-04-30,DEMO-01,DU-01,dumper,0.35,0.985,0,0.0
2024-05-01,DEMO-01,DU-01,dumper,1.45,0.939,0,0.0
2024-05-02,DEMO-01,DU-01,dumper,0.72,0.97,0,0.0
2024-05-03,DEMO-01,DU-01,dumper,1.37,0.943,0,0.0
2024-05-04,DEMO-01,DU-01,dumper,0.27,0.989,0,0.0
2024-05-05,DEMO-01,DU-01,dumper,2.26,0.906,0,0.0
2024-05-06,DEMO-01,DU-01,dumper,1.54,0.936,0,0.0
2024-05-07,DEMO-01,DU-01,dumper,0.37,0.985,0,0.0
2024-05-08,DEMO-01,DU-01,dumper,0.33,0.986,0,0.0
2024-05-09,DEMO-01,DU-01,dumper,6.41,0.733,1,6.07
2024-05-10,DEMO-01,DU-01,dumper,6.66,0.722,1,7.57
2024-05-11,DEMO-01,DU-01,dumper,0.98,0.959,0,0.0
2024-05-12,DEMO-01,DU-01,dumper,10.74,0.552,1,8.45
2024-05-13,DEMO-01,DU-01,dumper,0.9,0.963,0,0.0
2024-05-14,DEMO-01,DU-01,dumper,1.24,0.948,0,0.0
2024-05-15,DEMO-01,DU-01,dumper,1.28,0.947,0,0.0
2024-05-16,DEMO-01,DU-01,dumper,0.84,0.965,0,0.0
2024-05-17,DEMO-01,DU-01,dumper,1.48,0.938,0,0.0
2024-05-18,DEMO-01,DU-01,dumper,0.31,0.987,0,0.0
2024-05-19,DEMO-01,DU-01,dumper,1.52,0.937,0,0.0
2024-05-20,DEMO-01,DU-01,dumper,4.06,0.831,0,0.0
2024-05-21,DEMO-01,DU-01,dumper,0.46,0.981,0,0.0
2024-05-22,DEMO-01,DU-01,dumper,0.19,0.992,0,0.0
2024-05-23,DEMO-01,DU-01,dumper,1.04,0.957,0,0.0
2024-05-24,DEMO-01,DU-01,dumper,1.13,0.953,0,0.0
2024-05-25,DEMO-01,DU-01,dumper,1.25,0.948,0,0.0
2024-05-26,DEMO-01,DU-01,dumper,0.65,0.973,0,0.0
2024-05-27,DEMO-01,DU-01,dumper,2.22,0.908,0,0.0
2024-05-28,DEMO-01,DU-01,dumper,1.55,0.935,0,0.0
2024-05-29,DEMO-01,DU-01,dumper,1.25,0.948,0,0.0
2024-05-30,DEMO-01,DU-01,dumper,0.38,0.984,0,0.0
2024-05-31,DEMO-01,DU-01,dumper,0.76,0.969,0,0.0
2024-06-01,DEMO-01,DU-01,dumper,1.24,0.948,0,0.0
2024-06-02,DEMO-01,DU-01,dumper,1.77,0.926,0,0.0
2024-06-03,DEMO-01,DU-01,dumper,1.23,0.949,0,0.0
2024-06-04,DEMO-01,DU-01,dumper,0.97,0.96,0,0.0
2024-06-05,DEMO-01,DU-01,dumper,1.63,0.932,0,0.0
2024-06-06,DEMO-01,DU-01,dumper,0.7,0.971,0,0.0
2024-06-07,DEMO-01,DU-01,dumper,0.72,0.97,0,0.0
2024-06-08,DEMO-01,DU-01,dumper,0.65,0.973,0,0.0
2024-06-09,DEMO-01,DU-01,dumper,3.98,0.834,0,0.0
2024-06-10,DEMO-01,DU-01,dumper,5.34,0.778,0,0.0
2024-06-11,DEMO-01,DU-01,dumper,0.68,0.972,0,0.0
2024-06-12,DEMO-01,DU-01,dumper,1.04,0.957,0,0.0
2024-06-13,DEMO-01,DU-01,dumper,0.77,0.968,0,0.0
2024-06-14,DEMO-01,DU-01,dumper,1.51,0.937,0,0.0
2024-06-15,DEMO-01,DU-01,dumper,5.61,0.766,0,0.0
2024-06-16,DEMO-01,DU-01,dumper,2.03,0.915,0,0.0
2024-06-17,DEMO-01,DU-01,dumper,0.95,0.96,0,0.0
2024-06-18,DEMO-01,DU-01,dumper,3.04,0.874,0,0.0
2024-06-19,DEMO-01,DU-01,dumper,4.28,0.822,0,0.0
2024-06-20,DEMO-01,DU-01,dumper,5.86,0.756,0,0.0
2024-06-21,DEMO-01,DU-01,dumper,0.71,0.97,0,0.0
2024-06-22,DEMO-01,DU-01,dumper,4.38,0.817,1,1.62
2024-06-23,DEMO-01,DU-01,dumper,2.62,0.891,0,0.0
2024-06-24,DEMO-01,DU-01,dumper,5.14,0.786,0,0.0
2024-06-25,DEMO-01,DU-01,dumper,0.39,0.984,0,0.0
2024-06-26,DEMO-01,DU-01,dumper,3.49,0.855,0,0.0
2024-06-27,DEMO-01,DU-01,dumper,8.9,0.629,0,0.0
2024-06-28,DEMO-01,DU-01,dumper,3.38,0.859,0,0.0
2024-06-29,DEMO-01,DU-01,dumper,1.58,0.934,0,0.0
2024-06-30,DEMO-01,DU-01,dumper,9.22,0.616,1,8.04
2024-07-01,DEMO-01,DU-01,dumper,3.84,0.84,0,0.0
2024-07-02,DEMO-01,DU-01,dumper,3.19,0.867,0,0.0
2024-07-03,DEMO-01,DU-01,dumper,5.16,0.785,0,0.0
2024-07-04,DEMO-01,DU-01,dumper,5.64,0.765,1,5.96
2024-07-05,DEMO-01,DU-01,dumper,0.24,0.99,0,0.0
2024-07-06,DEMO-01,DU-01,dumper,5.45,0.773,0,0.0
2024-07-07,DEMO-01,DU-01,dumper,1.46,0.939,0,0.0
2024-07-08,DEMO-01,DU-01,dumper,6.4,0.733,0,0.0
2024-07-09,DEMO-01,DU-01,dumper,0.55,0.977,0,0.0
2024-07-10,DEMO-01,DU-01,dumper,5.84,0.757,0,0.0
2024-07-11,DEMO-01,DU-01,dumper,3.49,0.855,0,0.0
2024-07-12,DEMO-01,DU-01,dumper,1.37,0.943,0,0.0
2024-07-13,DEMO-01,DU-01,dumper,0.69,0.971,0,0.0
2024-07-14,DEMO-01,DU-01,dumper,2.81,0.883,0,0.0
2024-07-15,DEMO-01,DU-01,dumper,3.37,0.86,0,0.0
2024-07-16,DEMO-01,DU-01,dumper,0.38,0.984,0,0.0
2024-07-17,DEMO-01,DU-01,dumper,2.28,0.905,0,0.0
2024-07-18,DEMO-01,DU-01,dumper,2.37,0.901,0,0.0
2024-07-19,DEMO-01,DU-01,dumper,15.39,0.359,0,0.0
2024-07-20,DEMO-01,DU-01,dumper,1.46,0.939,0,0.0
2024-07-21,DEMO-01,DU-01,dumper,1.58,0.934,0,0.0
2024-07-22,DEMO-01,DU-01,dumper,0.21,0.991,0,0.0
2024-07-23,DEMO-01,DU-01,dumper,4.86,0.798,0,0.0
2024-07-24,DEMO-01,DU-01,dumper,4.15,0.827,0,0.0
2024-07-25,DEMO-01,DU-01,dumper,2.05,0.915,0,0.0
2024-07-26,DEMO-01,DU-01,dumper,0.3,0.987,0,0.0
2024-07-27,DEMO-01,DU-01,dumper,11.14,0.536,0,0.0
2024-07-28,DEMO-01,DU-01,dumper,3.02,0.874,0,0.0
2024-07-29,DEMO-01,DU-01,dumper,6.09,0.746,0,0.0
2024-07-30,DEMO-01,DU-01,dumper,9.16,0.618,0,0.0
2024-07-31,DEMO-01,DU-01,dumper,5.25,0.781,1,3.85
2024-08-01,DEMO-01,DU-01,dumper,2.11,0.912,0,0.0
2024-08-02,DEMO-01,DU-01,dumper,0.21,0.991,0,0.0
2024-08-03,DEMO-01,DU-01,dumper,3.6,0.85,0,0.0
2024-08-04,DEMO-01,DU-01,dumper,8.93,0.628,1,6.82
2024-08-05,DEMO-01,DU-01,dumper,2.82,0.882,0,0.0
2024-08-06,DEMO-01,DU-01,dumper,0.24,0.99,0,0.0
2024-08-07,DEMO-01,DU-01,dumper,2.26,0.906,0,0.0
2024-08-08,DEMO-01,DU-01,dumper,2.28,0.905,0,0.0
2024-08-09,DEMO-01,DU-01,dumper,11.27,0.53,0,0.0
2024-08-10,DEMO-01,DU-01,dumper,1.15,0.952,0,0.0
2024-08-11,DEMO-01,DU-01,dumper,1.51,0.937,0,0.0
2024-08-12,DEMO-01,DU-01,dumper,0.47,0.98,0,0.0
2024-08-13,DEMO-01,DU-01,dumper,2.01,0.916,0,0.0
2024-08-14,DEMO-01,DU-01,dumper,0.78,0.968,0,0.0
2024-08-15,DEMO-01,DU-01,dumper,0.25,0.989,0,0.0
2024-08-16,DEMO-01,DU-01,dumper,1.14,0.952,0,0.0
2024-08-17,DEMO-01,DU-01,dumper,0.22,0.991,0,0.0
2024-08-18,DEMO-01,DU-01,dumper,0.36,0.985,0,0.0
2024-08-19,DEMO-01,DU-01,dumper,6.34,0.736,1,5.21
2024-08-20,DEMO-01,DU-01,dumper,6.76,0.718,0,0.0
2024-08-21,DEMO-01,DU-01,dumper,2.31,0.904,0,0.0
2024-08-22,DEMO-01,DU-01,dumper,0.33,0.986,0,0.0
2024-08-23,DEMO-01,DU-01,dumper,3.22,0.866,0,0.0
2024-08-24,DEMO-01,DU-01,dumper,4.52,0.812,0,0.0
2024-08-25,DEMO-01,DU-01,dumper,5.56,0.768,0,0.0
2024-08-26,DEMO-01,DU-01,dumper,1.34,0.944,0,0.0
2024-08-27,DEMO-01,DU-01,dumper,1.29,0.946,0,0.0
2024-08-28,DEMO-01,DU-01,dumper,1.15,0.952,0,0.0
2024-08-29,DEMO-01,DU-01,dumper,1.77,0.926,0,0.0
2024-08-30,DEMO-01,DU-01,dumper,10.0,0.583,1,8.68
2024-08-31,DEMO-01,DU-01,dumper,3.54,0.853,0,0.0
2024-09-01,DEMO-01,DU-01,dumper,0.66,0.973,0,0.0
2024-09-02,DEMO-01,DU-01,dumper,7.16,0.702,0,0.0
2024-09-03,DEMO-01,DU-01,dumper,1.73,0.928,0,0.0
2024-09-04,DEMO-01,DU-01,dumper,0.73,0.97,0,0.0
2024-09-05,DEMO-01,DU-01,dumper,0.67,0.972,0,0.0
2024-09-06,DEMO-01,DU-01,dumper,2.5,0.896,0,0.0
2024-09-07,DEMO-01,DU-01,dumper,8.89,0.629,1,7.81
2024-09-08,DEMO-01,DU-01,dumper,0.9,0.962,0,0.0
2024-09-09,DEMO-01,DU-01,dumper,0.87,0.964,0,0.0
2024-09-10,DEMO-01,DU-01,dumper,3.51,0.854,0,0.0
2024-09-11,DEMO-01,DU-01,dumper,0.09,0.996,0,0.0
2024-09-12,DEMO-01,DU-01,dumper,3.14,0.869,0,0.0
2024-09-13,DEMO-01,DU-01,dumper,0.62,0.974,0,0.0
2024-09-14,DEMO-01,DU-01,dumper,1.36,0.943,0,0.0
2024-09-15,DEMO-01,DU-01,dumper,1.24,0.948,0,0.0
2024-09-16,DEMO-01,DU-01,dumper,2.63,0.89,0,0.0
2024-09-17,DEMO-01,DU-01,dumper,1.55,0.935,0,0.0
2024-09-18,DEMO-01,DU-01,dumper,0.92,0.962,0,0.0
2024-09-19,DEMO-01,DU-01,dumper,0.97,0.96,0,0.0
2024-09-20,DEMO-01,DU-01,dumper,1.46,0.939,0,0.0
2024-09-21,DEMO-01,DU-01,dumper,1.73,0.928,0,0.0
2024-09-22,DEMO-01,DU-01,dumper,1.91,0.92,0,0.0
2024-09-23,DEMO-01,DU-01,dumper,0.32,0.987,0,0.0
2024-09-24,DEMO-01,DU-01,dumper,0.12,0.995,0,0.0
2024-09-25,DEMO-01,DU-01,dumper,0.75,0.969,0,0.0
2024-09-26,DEMO-01,DU-01,dumper,0.31,0.987,0,0.0
2024-09-27,DEMO-01,DU-01,dumper,0.47,0.98,0,0.0
2024-09-28,DEMO-01,DU-01,dumper,1.02,0.958,0,0.0
2024-09-29,DEMO-01,DU-01,dumper,8.46,0.648,1,7.42
2024-09-30,DEMO-01,DU-01,dumper,2.13,0.911,1,2.37
2024-10-01,DEMO-01,DU-01,dumper,0.35,0.985,0,0.0
2024-10-02,DEMO-01,DU-01,dumper,0.79,0.967,0,0.0
2024-10-03,DEMO-01,DU-01,dumper,2.92,0.878,0,0.0
2024-10-04,DEMO-01,DU-01,dumper,1.12,0.954,0,0.0
2024-10-05,DEMO-01,DU-01,dumper,0.93,0.961,0,0.0
2024-10-06,DEMO-01,DU-01,dumper,0.08,0.997,0,0.0
2024-10-07,DEMO-01,DU-01,dumper,3.13,0.869,0,0.0
2024-10-08,DEMO-01,DU-01,dumper,1.17,0.951,0,0.0
2024-10-09,DEMO-01,DU-01,dumper,0.72,0.97,0,0.0
2024-10-10,DEMO-01,DU-01,dumper,1.16,0.952,0,0.0
2024-10-11,DEMO-01,DU-01,dumper,3.03,0.874,0,0.0
2024-10-12,DEMO-01,DU-01,dumper,0.36,0.985,0,0.0
2024-10-13,DEMO-01,DU-01,dumper,1.43,0.94,0,0.0
2024-10-14,DEMO-01,DU-01,dumper,0.32,0.987,0,0.0
2024-10-15,DEMO-01,DU-01,dumper,0.49,0.979,0,0.0
2024-10-16,DEMO-01,DU-01,dumper,0.35,0.985,0,0.0
2024-10-17,DEMO-01,DU-01,dumper,0.68,0.971,0,0.0
2024-10-18,DEMO-01,DU-01,dumper,1.25,0.948,0,0.0
2024-10-19,DEMO-01,DU-01,dumper,1.4,0.942,0,0.0
2024-10-20,DEMO-01,DU-01,dumper,0.66,0.972,0,0.0
2024-10-21,DEMO-01,DU-01,dumper,7.1,0.704,1,7.95
2024-10-22,DEMO-01,DU-01,dumper,1.28,0.947,0,0.0
2024-10-23,DEMO-01,DU-01,dumper,1.05,0.956,0,0.0
2024-10-24,DEMO-01,DU-01,dumper,2.11,0.912,0,0.0
2024-10-25,DEMO-01,DU-01,dumper,1.21,0.95,0,0.0
2024-10-26,DEMO-01,DU-01,dumper,2.71,0.887,0,0.0
2024-10-27,DEMO-01,DU-01,dumper,1.61,0.933,0,0.0
2024-10-28,DEMO-01,DU-01,dumper,0.6,0.975,0,0.0
2024-10-29,DEMO-01,DU-01,dumper,0.3,0.987,0,0.0
2024-10-30,DEMO-01,DU-01,dumper,1.5,0.938,0,0.0
2024-10-31,DEMO-01,DU-01,dumper,0.89,0.963,0,0.0
2024-11-01,DEMO-01,DU-01,dumper,1.93,0.92,0,0.0
2024-11-02,DEMO-01,DU-01,dumper,0.47,0.981,0,0.0
2024-11-03,DEMO-01,DU-01,dumper,1.42,0.941,0,0.0
2024-11-04,DEMO-01,DU-01,dumper,2.83,0.882,0,0.0
2024-11-05,DEMO-01,DU-01,dumper,0.58,0.976,0,0.0
2024-11-06,DEMO-01,DU-01,dumper,3.21,0.866,1,3.49
2024-11-07,DEMO-01,DU-01,dumper,2.76,0.885,0,0.0
2024-11-08,DEMO-01,DU-01,dumper,9.39,0.609,1,9.77
2024-11-09,DEMO-01,DU-01,dumper,1.52,0.937,0,0.0
2024-11-10,DEMO-01,DU-01,dumper,0.92,0.962,0,0.0
2024-11-11,DEMO-01,DU-01,dumper,1.14,0.952,0,0.0
2024-11-12,DEMO-01,DU-01,dumper,0.36,0.985,0,0.0
2024-11-13,DEMO-01,DU-01,dumper,0.28,0.988,0,0.0
2024-11-14,DEMO-01,DU-01,dumper,6.92,0.712,1,5.99
2024-11-15,DEMO-01,DU-01,dumper,0.16,0.993,0,0.0
2024-11-16,DEMO-01,DU-01,dumper,0.76,0.968,0,0.0
2024-11-17,DEMO-01,DU-01,dumper,0.98,0.959,0,0.0
2024-11-18,DEMO-01,DU-01,dumper,1.34,0.944,0,0.0
2024-11-19,DEMO-01,DU-01,dumper,2.91,0.879,0,0.0
2024-11-20,DEMO-01,DU-01,dumper,0.97,0.96,0,0.0
2024-11-21,DEMO-01,DU-01,dumper,1.29,0.946,0,0.0
2024-11-22,DEMO-01,DU-01,dumper,3.23,0.865,0,0.0
2024-11-23,DEMO-01,DU-01,dumper,1.24,0.948,0,0.0
2024-11-24,DEMO-01,DU-01,dumper,0.72,0.97,0,0.0
2024-11-25,DEMO-01,DU-01,dumper,0.48,0.98,0,0.0
2024-11-26,DEMO-01,DU-01,dumper,0.2,0.992,0,0.0
2024-11-27,DEMO-01,DU-01,dumper,2.2,0.908,0,0.0
2024-11-28,DEMO-01,DU-01,dumper,0.63,0.974,0,0.0
2024-11-29,DEMO-01,DU-01,dumper,1.7,0.929,0,0.0
2024-11-30,DEMO-01,DU-01,dumper,1.37,0.943,0,0.0
2024-12-01,DEMO-01,DU-01,dumper,0.15,0.994,0,0.0
2024-12-02,DEMO-01,DU-01,dumper,2.1,0.912,0,0.0
2024-12-03,DEMO-01,DU-01,dumper,0.52,0.978,0,0.0
2024-12-04,DEMO-01,DU-01,dumper,0.09,0.996,0,0.0
2024-12-05,DEMO-01,DU-01,dumper,6.25,0.74,1,6.0
2024-12-06,DEMO-01,DU-01,dumper,0.41,0.983,0,0.0
2024-12-07,DEMO-01,DU-01,dumper,1.43,0.94,0,0.0
2024-12-08,DEMO-01,DU-01,dumper,1.16,0.952,0,0.0
2024-12-09,DEMO-01,DU-01,dumper,0.13,0.995,0,0.0
2024-12-10,DEMO-01,DU-01,dumper,0.41,0.983,0,0.0
2024-12-11,DEMO-01,DU-01,dumper,3.22,0.866,0,0.0
2024-12-12,DEMO-01,DU-01,dumper,1.35,0.944,0,0.0
2024-12-13,DEMO-01,DU-01,dumper,1.52,0.937,0,0.0
2024-12-14,DEMO-01,DU-01,dumper,2.19,0.909,0,0.0
2024-12-15,DEMO-01,DU-01,dumper,2.67,0.889,0,0.0
2024-12-16,DEMO-01,DU-01,dumper,1.57,0.935,0,0.0
2024-12-17,DEMO-01,DU-01,dumper,0.74,0.969,0,0.0
2024-12-18,DEMO-01,DU-01,dumper,1.57,0.935,0,0.0
2024-12-19,DEMO-01,DU-01,dumper,0.66,0.972,0,0.0
2024-12-20,DEMO-01,DU-01,dumper,2.08,0.913,0,0.0
2024-12-21,DEMO-01,DU-01,dumper,2.79,0.884,0,0.0
2024-12-22,DEMO-01,DU-01,dumper,1.02,0.957,0,0.0
2024-12-23,DEMO-01,DU-01,dumper,1.28,0.947,0,0.0
2024-12-24,DEMO-01,DU-01,dumper,4.83,0.799,0,0.0
2024-12-25,DEMO-01,DU-01,dumper,0.73,0.97,0,0.0
2024-12-26,DEMO-01,DU-01,dumper,1.61,0.933,0,0.0
2024-12-27,DEMO-01,DU-01,dumper,0.6,0.975,0,0.0
2024-12-28,DEMO-01,DU-01,dumper,1.39,0.942,0,0.0
2024-12-29,DEMO-01,DU-01,dumper,1.21,0.95,0,0.0
2024-12-30,DEMO-01,DU-01,dumper,3.33,0.861,1,2.65
2024-12-31,DEMO-01,DU-01,dumper,3.4,0.859,1,3.08
2025-01-01,DEMO-01,DU-01,dumper,0.43,0.982,0,0.0
2025-01-02,DEMO-01,DU-01,dumper,0.9,0.962,0,0.0
2025-01-03,DEMO-01,DU-01,dumper,1.28,0.947,0,0.0
2025-01-04,DEMO-01,DU-01,dumper,1.01,0.958,0,0.0
2025-01-05,DEMO-01,DU-01,dumper,9.06,0.623,1,9.06
2025-01-06,DEMO-01,DU-01,dumper,1.09,0.954,0,0.0
2025-01-07,DEMO-01,DU-01,dumper,1.4,0.942,0,0.0
2025-01-08,DEMO-01,DU-01,dumper,0.36,0.985,0,0.0
2025-01-09,DEMO-01,DU-01,dumper,0.07,0.997,0,0.0
2025-01-10,DEMO-01,DU-01,dumper,0.73,0.97,0,0.0
2025-01-11,DEMO-01,DU-01,dumper,1.01,0.958,0,0.0
2025-01-12,DEMO-01,DU-01,dumper,3.54,0.853,0,0.0
2025-01-13,DEMO-01,DU-01,dumper,1.28,0.947,0,0.0
2025-01-14,DEMO-01,DU-01,dumper,0.88,0.963,0,0.0
2025-01-15,DEMO-01,DU-01,dumper,3.1,0.871,0,0.0
2025-01-16,DEMO-01,DU-01,dumper,1.87,0.922,0,0.0
2025-01-17,DEMO-01,DU-01,dumper,0.79,0.967,0,0.0
2025-01-18,DEMO-01,DU-01,dumper,0.28,0.988,0,0.0
2025-01-19,DEMO-01,DU-01,dumper,0.54,0.977,0,0.0
2025-01-20,DEMO-01,DU-01,dumper,1.45,0.94,0,0.0
2025-01-21,DEMO-01,DU-01,dumper,0.34,0.986,0,0.0
2025-01-22,DEMO-01,DU-01,dumper,1.17,0.951,0,0.0
2025-01-23,DEMO-01,DU-01,dumper,8.77,0.635,1,9.45
2025-01-24,DEMO-01,DU-01,dumper,0.18,0.993,0,0.0
2025-01-25,DEMO-01,DU-01,dumper,0.27,0.989,0,0.0
2025-01-26,DEMO-01,DU-01,dumper,0.98,0.959,0,0.0
2025-01-27,DEMO-01,DU-01,dumper,0.92,0.962,0,0.0
2025-01-28,DEMO-01,DU-01,dumper,1.78,0.926,0,0.0
2025-01-29,DEMO-01,DU-01,dumper,7.21,0.7,1,7.82
2025-01-30,DEMO-01,DU-01,dumper,0.66,0.973,0,0.0
2025-01-31,DEMO-01,DU-01,dumper,1.38,0.942,0,0.0
2025-02-01,DEMO-01,DU-01,dumper,2.39,0.901,0,0.0
2025-02-02,DEMO-01,DU-01,dumper,2.13,0.911,0,0.0
2025-02-03,DEMO-01,DU-01,dumper,1.1,0.954,0,0.0
2025-02-04,DEMO-01,DU-01,dumper,1.58,0.934,0,0.0
2025-02-05,DEMO-01,DU-01,dumper,2.35,0.902,0,0.0
2025-02-06,DEMO-01,DU-01,dumper,1.66,0.931,0,0.0
2025-02-07,DEMO-01,DU-01,dumper,1.66,0.931,0,0.0
2025-02-08,DEMO-01,DU-01,dumper,1.03,0.957,0,0.0
2025-02-09,DEMO-01,DU-01,dumper,0.36,0.985,0,0.0
2025-02-10,DEMO-01,DU-01,dumper,0.39,0.984,0,0.0
2025-02-11,DEMO-01,DU-01,dumper,2.84,0.882,0,0.0
2025-02-12,DEMO-01,DU-01,dumper,1.19,0.951,0,0.0
2025-02-13,DEMO-01,DU-01,dumper,0.89,0.963,0,0.0
2025-02-14,DEMO-01,DU-01,dumper,0.55,0.977,0,0.0
2025-02-15,DEMO-01,DU-01,dumper,1.59,0.934,0,0.0
2025-02-16,DEMO-01,DU-01,dumper,3.97,0.834,0,0.0
2025-02-17,DEMO-01,DU-01,dumper,0.19,0.992,0,0.0
2025-02-18,DEMO-01,DU-01,dumper,0.95,0.96,0,0.0
2025-02-19,DEMO-01,DU-01,dumper,0.42,0.982,0,0.0
2025-02-20,DEMO-01,DU-01,dumper,0.38,0.984,0,0.0
2025-02-21,DEMO-01,DU-01,dumper,2.33,0.903,0,0.0
2025-02-22,DEMO-01,DU-01,dumper,1.27,0.947,0,0.0
2025-02-23,DEMO-01,DU-01,dumper,0.53,0.978,0,0.0
2025-02-24,DEMO-01,DU-01,dumper,0.22,0.991,0,0.0
2025-02-25,DEMO-01,DU-01,dumper,1.48,0.939,0,0.0
2025-02-26,DEMO-01,DU-01,dumper,1.61,0.933,0,0.0
2025-02-27,DEMO-01,DU-01,dumper,2.07,0.914,1,1.69
2025-02-28,DEMO-01,DU-01,dumper,9.39,0.609,1,9.73
2025-03-01,DEMO-01,DU-01,dumper,0.66,0.972,0,0.0
2025-03-02,DEMO-01,DU-01,dumper,2.86,0.881,0,0.0
2025-03-03,DEMO-01,DU-01,dumper,1.69,0.929,0,0.0
2025-03-04,DEMO-01,DU-01,dumper,1.92,0.92,0,0.0
2025-03-05,DEMO-01,DU-01,dumper,1.7,0.929,0,0.0
2025-03-06,DEMO-01,DU-01,dumper,2.22,0.907,0,0.0
2025-03-07,DEMO-01,DU-01,dumper,1.64,0.932,0,0.0
2025-03-08,DEMO-01,DU-01,dumper,1.18,0.951,0,0.0
2025-03-09,DEMO-01,DU-01,dumper,0.98,0.959,0,0.0
2025-03-10,DEMO-01,DU-01,dumper,0.61,0.975,0,0.0
2025-03-11,DEMO-01,DU-01,dumper,3.16,0.869,0,0.0
2025-03-12,DEMO-01,DU-01,dumper,0.94,0.961,0,0.0
2025-03-13,DEMO-01,DU-01,dumper,1.57,0.935,0,0.0
2025-03-14,DEMO-01,DU-01,dumper,0.96,0.96,0,0.0
2025-03-15,DEMO-01,DU-01,dumper,1.83,0.924,0,0.0
2025-03-16,DEMO-01,DU-01,dumper,1.03,0.957,0,0.0
2025-03-17,DEMO-01,DU-01,dumper,1.28,0.947,0,0.0
2025-03-18,DEMO-01,DU-01,dumper,2.14,0.911,0,0.0
2025-03-19,DEMO-01,DU-01,dumper,0.22,0.991,0,0.0
2025-03-20,DEMO-01,DU-01,dumper,0.32,0.987,0,0.0
2025-03-21,DEMO-01,DU-01,dumper,2.24,0.907,0,0.0
2025-03-22,DEMO-01,DU-01,dumper,0.62,0.974,0,0.0
2025-03-23,DEMO-01,DU-01,dumper,1.43,0.941,0,0.0
2025-03-24,DEMO-01,DU-01,dumper,0.47,0.98,0,0.0
2025-03-25,DEMO-01,DU-01,dumper,0.55,0.977,0,0.0
2025-03-26,DEMO-01,DU-01,dumper,7.73,0.678,1,8.25
2025-03-27,DEMO-01,DU-01,dumper,0.4,0.983,0,0.0
2025-03-28,DEMO-01,DU-01,dumper,0.36,0.985,0,0.0
2025-03-29,DEMO-01,DU-01,dumper,0.84,0.965,0,0.0
2025-03-30,DEMO-01,DU-01,dumper,2.63,0.89,0,0.0
2025-03-31,DEMO-01,DU-01,dumper,0.75,0.969,0,0.0
2025-04-01,DEMO-01,DU-01,dumper,0.27,0.989,0,0.0
2025-04-02,DEMO-01,DU-01,dumper,0.79,0.967,0,0.0
2025-04-03,DEMO-01,DU-01,dumper,1.34,0.944,0,0.0
2025-04-04,DEMO-01,DU-01,dumper,1.24,0.948,0,0.0
2025-04-05,DEMO-01,DU-01,dumper,1.3,0.946,0,0.0
2025-04-06,DEMO-01,DU-01,dumper,1.15,0.952,0,0.0
2025-04-07,DEMO-01,DU-01,dumper,1.61,0.933,0,0.0
2025-04-08,DEMO-01,DU-01,dumper,1.15,0.952,0,0.0
2025-04-09,DEMO-01,DU-01,dumper,0.5,0.979,0,0.0
2025-04-10,DEMO-01,DU-01,dumper,2.82,0.882,0,0.0
2025-04-11,DEMO-01,DU-01,dumper,1.98,0.918,0,0.0
2025-04-12,DEMO-01,DU-01,dumper,0.78,0.967,0,0.0
2025-04-13,DEMO-01,DU-01,dumper,1.13,0.953,0,0.0
2025-04-14,DEMO-01,DU-01,dumper,2.58,0.892,0,0.0
2025-04-15,DEMO-01,DU-01,dumper,0.54,0.977,0,0.0
2025-04-16,DEMO-01,DU-01,dumper,1.32,0.945,0,0.0
2025-04-17,DEMO-01,DU-01,dumper,2.16,0.91,0,0.0
2025-04-18,DEMO-01,DU-01,dumper,1.44,0.94,0,0.0
2025-04-19,DEMO-01,DU-01,dumper,0.85,0.965,0,0.0
2025-04-20,DEMO-01,DU-01,dumper,0.61,0.974,0,0.0
2025-04-21,DEMO-01,DU-01,dumper,1.06,0.956,0,0.0
2025-04-22,DEMO-01,DU-01,dumper,1.08,0.955,0,0.0
2025-04-23,DEMO-01,DU-01,dumper,0.23,0.99,0,0.0
2025-04-24,DEMO-01,DU-01,dumper,2.03,0.915,0,0.0
2025-04-25,DEMO-01,DU-01,dumper,1.72,0.928,0,0.0
2025-04-26,DEMO-01,DU-01,dumper,2.39,0.901,0,0.0
2025-04-27,DEMO-01,DU-01,dumper,0.31,0.987,0,0.0
2025-04-28,DEMO-01,DU-01,dumper,1.16,0.952,0,0.0
2025-04-29,DEMO-01,DU-01,dumper,2.16,0.91,0,0.0
2025-04-30,DEMO-01,DU-01,dumper,1.91,0.921,0,0.0
2025-05-01,DEMO-01,DU-01,dumper,0.72,0.97,0,0.0
2025-05-02,DEMO-01,DU-01,dumper,2.41,0.899,0,0.0
2025-05-03,DEMO-01,DU-01,dumper,0.35,0.985,0,0.0
2025-05-04,DEMO-01,DU-01,dumper,1.99,0.917,0,0.0
2025-05-05,DEMO-01,DU-01,dumper,0.47,0.98,0,0.0
2025-05-06,DEMO-01,DU-01,dumper,1.18,0.951,0,0.0
2025-05-07,DEMO-01,DU-01,dumper,0.82,0.966,0,0.0
2025-05-08,DEMO-01,DU-01,dumper,1.02,0.958,0,0.0
2025-05-09,DEMO-01,DU-01,dumper,1.51,0.937,0,0.0
2025-05-10,DEMO-01,DU-01,dumper,1.22,0.949,0,0.0
2025-05-11,DEMO-01,DU-01,dumper,1.48,0.938,0,0.0
2025-05-12,DEMO-01,DU-01,dumper,0.77,0.968,0,0.0
2025-05-13,DEMO-01,DU-01,dumper,0.59,0.975,0,0.0
2025-05-14,DEMO-01,DU-01,dumper,1.38,0.943,0,0.0
2025-05-15,DEMO-01,DU-01,dumper,3.85,0.84,0,0.0
2025-05-16,DEMO-01,DU-01,dumper,0.39,0.984,0,0.0
2025-05-17,DEMO-01,DU-01,dumper,0.92,0.962,0,0.0
2025-05-18,DEMO-01,DU-01,dumper,1.16,0.952,0,0.0
2025-05-19,DEMO-01,DU-01,dumper,2.52,0.895,0,0.0
2025-05-20,DEMO-01,DU-01,dumper,2.71,0.887,0,0.0
2025-05-21,DEMO-01,DU-01,dumper,0.41,0.983,0,0.0
2025-05-22,DEMO-01,DU-01,dumper,1.5,0.937,0,0.0
2025-05-23,DEMO-01,DU-01,dumper,2.58,0.892,0,0.0
2025-05-24,DEMO-01,DU-01,dumper,1.13,0.953,0,0.0
2025-05-25,DEMO-01,DU-01,dumper,1.73,0.928,0,0.0
2025-05-26,DEMO-01,DU-01,dumper,0.29,0.988,0,0.0
2025-05-27,DEMO-01,DU-01,dumper,5.77,0.76,1,6.1
2025-05-28,DEMO-01,DU-01,dumper,1.95,0.919,0,0.0
2025-05-29,DEMO-01,DU-01,dumper,0.68,0.972,0,0.0
2025-05-30,DEMO-01,DU-01,dumper,1.18,0.951,0,0.0
2025-05-31,DEMO-01,DU-01,dumper,0.59,0.975,0,0.0
2025-06-01,DEMO-01,DU-01,dumper,2.62,0.891,0,0.0
2025-06-02,DEMO-01,DU-01,dumper,1.47,0.939,0,0.0
2025-06-03,DEMO-01,DU-01,dumper,4.87,0.797,0,0.0
2025-06-04,DEMO-01,DU-01,dumper,2.03,0.916,1,1.53
2025-06-05,DEMO-01,DU-01,dumper,9.37,0.609,1,8.29
2025-06-06,DEMO-01,DU-01,dumper,2.21,0.908,0,0.0
2025-06-07,DEMO-01,DU-01,dumper,4.02,0.833,0,0.0
2025-06-08,DEMO-01,DU-01,dumper,1.19,0.951,0,0.0
2025-06-09,DEMO-01,DU-01,dumper,0.98,0.959,0,0.0
2025-06-10,DEMO-01,DU-01,dumper,1.26,0.947,0,0.0
2025-06-11,DEMO-01,DU-01,dumper,3.59,0.851,0,0.0
2025-06-12,DEMO-01,DU-01,dumper,4.19,0.825,0,0.0
2025-06-13,DEMO-01,DU-01,dumper,1.51,0.937,0,0.0
2025-06-14,DEMO-01,DU-01,dumper,6.61,0.725,0,0.0
2025-06-15,DEMO-01,DU-01,dumper,1.18,0.951,0,0.0
2025-06-16,DEMO-01,DU-01,dumper,1.63,0.932,0,0.0
2025-06-17,DEMO-01,DU-01,dumper,0.37,0.985,0,0.0
2025-06-18,DEMO-01,DU-01,dumper,0.7,0.971,0,0.0
2025-06-19,DEMO-01,DU-01,dumper,1.72,0.928,0,0.0
2025-06-20,DEMO-01,DU-01,dumper,1.66,0.931,0,0.0
2025-06-21,DEMO-01,DU-01,dumper,1.01,0.958,0,0.0
2025-06-22,DEMO-01,DU-01,dumper,2.68,0.888,0,0.0
2025-06-23,DEMO-01,DU-01,dumper,1.48,0.938,0,0.0
2025-06-24,DEMO-01,DU-01,dumper,6.87,0.714,0,0.0
2025-06-25,DEMO-01,DU-01,dumper,2.23,0.907,0,0.0
2025-06-26,DEMO-01,DU-01,dumper,10.24,0.573,0,0.0
2025-06-27,DEMO-01,DU-01,dumper,0.36,0.985,0,0.0
2025-06-28,DEMO-01,DU-01,dumper,4.45,0.814,0,0.0
2025-06-29,DEMO-01,DU-01,dumper,1.84,0.923,0,0.0
2025-06-30,DEMO-01,DU-01,dumper,2.19,0.909,0,0.0
2025-07-01,DEMO-01,DU-01,dumper,1.63,0.932,0,0.0
2025-07-02,DEMO-01,DU-01,dumper,3.49,0.855,0,0.0
2025-07-03,DEMO-01,DU-01,dumper,2.61,0.891,0,0.0
2025-07-04,DEMO-01,DU-01,dumper,11.59,0.517,0,0.0
2025-07-05,DEMO-01,DU-01,dumper,9.16,0.618,0,0.0
2025-07-06,DEMO-01,DU-01,dumper,1.12,0.953,0,0.0
2025-07-07,DEMO-01,DU-01,dumper,2.8,0.883,0,0.0
2025-07-08,DEMO-01,DU-01,dumper,3.4,0.858,0,0.0
2025-07-09,DEMO-01,DU-01,dumper,1.3,0.946,0,0.0
2025-07-10,DEMO-01,DU-01,dumper,1.04,0.957,0,0.0
2025-07-11,DEMO-01,DU-01,dumper,6.1,0.746,0,0.0
2025-07-12,DEMO-01,DU-01,dumper,4.69,0.804,0,0.0
2025-07-13,DEMO-01,DU-01,dumper,2.5,0.896,0,0.0
2025-07-14,DEMO-01,DU-01,dumper,3.63,0.849,0,0.0
2025-07-15,DEMO-01,DU-01,dumper,2.02,0.916,0,0.0
2025-07-16,DEMO-01,DU-01,dumper,5.42,0.774,0,0.0
2025-07-17,DEMO-01,DU-01,dumper,15.74,0.344,1,8.95
2025-07-18,DEMO-01,DU-01,dumper,7.84,0.673,0,0.0
2025-07-19,DEMO-01,DU-01,dumper,0.57,0.976,0,0.0
2025-07-20,DEMO-01,DU-01,dumper,2.03,0.916,0,0.0
2025-07-21,DEMO-01,DU-01,dumper,1.43,0.94,0,0.0
2025-07-22,DEMO-01,DU-01,dumper,0.12,0.995,0,0.0
2025-07-23,DEMO-01,DU-01,dumper,2.45,0.898,0,0.0
2025-07-24,DEMO-01,DU-01,dumper,2.55,0.894,0,0.0
2025-07-25,DEMO-01,DU-01,dumper,0.38,0.984,0,0.0
2025-07-26,DEMO-01,DU-01,dumper,2.05,0.915,0,0.0
2025-07-27,DEMO-01,DU-01,dumper,4.16,0.827,0,0.0
2025-07-28,DEMO-01,DU-01,dumper,4.79,0.8,0,0.0
2025-07-29,DEMO-01,DU-01,dumper,4.36,0.818,0,0.0
2025-07-30,DEMO-01,DU-01,dumper,8.22,0.657,0,0.0
2025-07-31,DEMO-01,DU-01,dumper,0.37,0.984,0,0.0
2025-08-01,DEMO-01,DU-01,dumper,0.16,0.994,0,0.0
2025-08-02,DEMO-01,DU-01,dumper,13.79,0.425,1,8.43
2025-08-03,DEMO-01,DU-01,dumper,3.71,0.845,0,0.0
2025-08-04,DEMO-01,DU-01,dumper,3.57,0.851,0,0.0
2025-08-05,DEMO-01,DU-01,dumper,1.88,0.922,0,0.0
2025-08-06,DEMO-01,DU-01,dumper,1.52,0.937,1,1.58
2025-08-07,DEMO-01,DU-01,dumper,9.1,0.621,1,1.73
2025-08-08,DEMO-01,DU-01,dumper,0.8,0.967,0,0.0
2025-08-09,DEMO-01,DU-01,dumper,1.72,0.928,0,0.0
2025-08-10,DEMO-01,DU-01,dumper,12.42,0.483,1,4.81
2025-08-11,DEMO-01,DU-01,dumper,2.07,0.914,0,0.0
2025-08-12,DEMO-01,DU-01,dumper,1.12,0.953,0,0.0
2025-08-13,DEMO-01,DU-01,dumper,0.86,0.964,0,0.0
2025-08-14,DEMO-01,DU-01,dumper,5.53,0.77,1,5.51
2025-08-15,DEMO-01,DU-01,dumper,9.51,0.604,0,0.0
2025-08-16,DEMO-01,DU-01,dumper,2.58,0.892,0,0.0
2025-08-17,DEMO-01,DU-01,dumper,8.73,0.636,0,0.0
2025-08-18,DEMO-01,DU-01,dumper,1.65,0.931,0,0.0
2025-08-19,DEMO-01,DU-01,dumper,7.17,0.701,0,0.0
2025-08-20,DEMO-01,DU-01,dumper,1.9,0.921,0,0.0
2025-08-21,DEMO-01,DU-01,dumper,6.67,0.722,0,0.0
2025-08-22,DEMO-01,DU-01,dumper,3.23,0.865,0,0.0
2025-08-23,DEMO-01,DU-01,dumper,0.81,0.966,0,0.0
2025-08-24,DEMO-01,DU-01,dumper,4.45,0.815,0,0.0
2025-08-25,DEMO-01,DU-01,dumper,2.46,0.897,0,0.0
2025-08-26,DEMO-01,DU-01,dumper,0.64,0.973,0,0.0
2025-08-27,DEMO-01,DU-01,dumper,0.64,0.973,0,0.0
2025-08-28,DEMO-01,DU-01,dumper,5.01,0.791,1,5.71
2025-08-29,DEMO-01,DU-01,dumper,3.36,0.86,0,0.0
2025-08-30,DEMO-01,DU-01,dumper,2.44,0.898,0,0.0
2025-08-31,DEMO-01,DU-01,dumper,4.48,0.813,0,0.0
2025-09-01,DEMO-01,DU-01,dumper,4.21,0.825,0,0.0
2025-09-02,DEMO-01,DU-01,dumper,3.57,0.851,0,0.0
2025-09-03,DEMO-01,DU-01,dumper,1.45,0.94,0,0.0
2025-09-04,DEMO-01,DU-01,dumper,2.7,0.888,0,0.0
2025-09-05,DEMO-01,DU-01,dumper,4.88,0.797,0,0.0
2025-09-06,DEMO-01,DU-01,dumper,0.47,0.98,0,0.0
2025-09-07,DEMO-01,DU-01,dumper,1.3,0.946,0,0.0
2025-09-08,DEMO-01,DU-01,dumper,2.48,0.897,0,0.0
2025-09-09,DEMO-01,DU-01,dumper,1.75,0.927,0,0.0
2025-09-10,DEMO-01,DU-01,dumper,2.45,0.898,0,0.0
2025-09-11,DEMO-01,DU-01,dumper,0.56,0.977,0,0.0
2025-09-12,DEMO-01,DU-01,dumper,1.31,0.946,0,0.0
2025-09-13,DEMO-01,DU-01,dumper,2.08,0.914,0,0.0
2025-09-14,DEMO-01,DU-01,dumper,5.38,0.776,0,0.0
2025-09-15,DEMO-01,DU-01,dumper,0.92,0.962,0,0.0
2025-09-16,DEMO-01,DU-01,dumper,1.54,0.936,0,0.0
2025-09-17,DEMO-01,DU-01,dumper,0.23,0.99,0,0.0
2025-09-18,DEMO-01,DU-01,dumper,2.66,0.889,0,0.0
2025-09-19,DEMO-01,DU-01,dumper,0.43,0.982,0,0.0
2025-09-20,DEMO-01,DU-01,dumper,0.55,0.977,0,0.0
2025-09-21,DEMO-01,DU-01,dumper,2.26,0.906,0,0.0
2025-09-22,DEMO-01,DU-01,dumper,0.49,0.98,0,0.0
2025-09-23,DEMO-01,DU-01,dumper,1.15,0.952,0,0.0
2025-09-24,DEMO-01,DU-01,dumper,0.27,0.989,0,0.0
2025-09-25,DEMO-01,DU-01,dumper,7.59,0.684,1,7.84
2025-09-26,DEMO-01,DU-01,dumper,2.66,0.889,0,0.0
2025-09-27,DEMO-01,DU-01,dumper,5.4,0.775,1,5.46
2025-09-28,DEMO-01,DU-01,dumper,4.51,0.812,1,1.8
2025-09-29,DEMO-01,DU-01,dumper,0.53,0.978,0,0.0
2025-09-30,DEMO-01,DU-01,dumper,2.72,0.887,0,0.0
2025-10-01,DEMO-01,DU-01,dumper,0.62,0.974,0,0.0
2025-10-02,DEMO-01,DU-01,dumper,2.01,0.916,0,0.0
2025-10-03,DEMO-01,DU-01,dumper,6.71,0.72,1,4.67
2025-10-04,DEMO-01,DU-01,dumper,1.64,0.932,0,0.0
2025-10-05,DEMO-01,DU-01,dumper,3.0,0.875,0,0.0
2025-10-06,DEMO-01,DU-01,dumper,1.4,0.942,0,0.0
2025-10-07,DEMO-01,DU-01,dumper,4.21,0.825,0,0.0
2025-10-08,DEMO-01,DU-01,dumper,0.44,0.982,0,0.0
2025-10-09,DEMO-01,DU-01,dumper,2.34,0.903,0,0.0
2025-10-10,DEMO-01,DU-01,dumper,0.2,0.992,0,0.0
2025-10-11,DEMO-01,DU-01,dumper,0.43,0.982,0,0.0
2025-10-12,DEMO-01,DU-01,dumper,0.65,0.973,0,0.0
2025-10-13,DEMO-01,DU-01,dumper,1.07,0.955,0,0.0
2025-10-14,DEMO-01,DU-01,dumper,1.96,0.918,0,0.0
2025-10-15,DEMO-01,DU-01,dumper,0.67,0.972,0,0.0
2025-10-16,DEMO-01,DU-01,dumper,2.58,0.893,1,1.63
2025-10-17,DEMO-01,DU-01,dumper,2.45,0.898,0,0.0
2025-10-18,DEMO-01,DU-01,dumper,1.73,0.928,0,0.0
2025-10-19,DEMO-01,DU-01,dumper,1.08,0.955,0,0.0
2025-10-20,DEMO-01,DU-01,dumper,0.74,0.969,0,0.0
2025-10-21,DEMO-01,DU-01,dumper,0.57,0.976,0,0.0
2025-10-22,DEMO-01,DU-01,dumper,1.48,0.938,0,0.0
2025-10-23,DEMO-01,DU-01,dumper,0.2,0.991,0,0.0
2025-10-24,DEMO-01,DU-01,dumper,0.05,0.998,0,0.0
2025-10-25,DEMO-01,DU-01,dumper,0.93,0.961,0,0.0
2025-10-26,DEMO-01,DU-01,dumper,1.79,0.925,0,0.0
2025-10-27,DEMO-01,DU-01,dumper,2.67,0.889,1,3.1
2025-10-28,DEMO-01,DU-01,dumper,0.69,0.971,0,0.0
2025-10-29,DEMO-01,DU-01,dumper,1.82,0.924,0,0.0
2025-10-30,DEMO-01,DU-01,dumper,2.0,0.917,0,0.0
2025-10-31,DEMO-01,DU-01,dumper,0.67,0.972,0,0.0
2025-11-01,DEMO-01,DU-01,dumper,1.55,0.935,0,0.0
2025-11-02,DEMO-01,DU-01,dumper,0.92,0.961,0,0.0
2025-11-03,DEMO-01,DU-01,dumper,0.83,0.965,0,0.0
2025-11-04,DEMO-01,DU-01,dumper,0.36,0.985,0,0.0
2025-11-05,DEMO-01,DU-01,dumper,1.45,0.94,0,0.0
2025-11-06,DEMO-01,DU-01,dumper,0.82,0.966,0,0.0
2025-11-07,DEMO-01,DU-01,dumper,2.27,0.905,0,0.0
2025-11-08,DEMO-01,DU-01,dumper,4.19,0.825,0,0.0
2025-11-09,DEMO-01,DU-01,dumper,0.7,0.971,0,0.0
2025-11-10,DEMO-01,DU-01,dumper,2.24,0.907,0,0.0
2025-11-11,DEMO-01,DU-01,dumper,1.78,0.926,0,0.0
2025-11-12,DEMO-01,DU-01,dumper,0.43,0.982,0,0.0
2025-11-13,DEMO-01,DU-01,dumper,1.5,0.938,0,0.0
2025-11-14,DEMO-01,DU-01,dumper,4.02,0.832,1,3.33
2025-11-15,DEMO-01,DU-01,dumper,6.5,0.729,1,5.11
2025-11-16,DEMO-01,DU-01,dumper,0.17,0.993,0,0.0
2025-11-17,DEMO-01,DU-01,dumper,0.19,0.992,0,0.0
2025-11-18,DEMO-01,DU-01,dumper,0.57,0.976,0,0.0
2025-11-19,DEMO-01,DU-01,dumper,0.46,0.981,0,0.0
2025-11-20,DEMO-01,DU-01,dumper,1.39,0.942,0,0.0
2025-11-21,DEMO-01,DU-01,dumper,1.15,0.952,0,0.0
2025-11-22,DEMO-01,DU-01,dumper,0.86,0.964,0,0.0
2025-11-23,DEMO-01,DU-01,dumper,1.36,0.943,0,0.0
2025-11-24,DEMO-01,DU-01,dumper,2.76,0.885,1,2.91
2025-11-25,DEMO-01,DU-01,dumper,3.02,0.874,0,0.0
2025-11-26,DEMO-01,DU-01,dumper,2.19,0.909,0,0.0
2025-11-27,DEMO-01,DU-01,dumper,1.5,0.937,0,0.0
2025-11-28,DEMO-01,DU-01,dumper,0.85,0.964,0,0.0
2025-11-29,DEMO-01,DU-01,dumper,0.09,0.996,0,0.0
2025-11-30,DEMO-01,DU-01,dumper,0.63,0.974,0,0.0
2025-12-01,DEMO-01,DU-01,dumper,0.83,0.966,0,0.0
2025-12-02,DEMO-01,DU-01,dumper,1.8,0.925,0,0.0
2025-12-03,DEMO-01,DU-01,dumper,1.98,0.917,0,0.0
2025-12-04,DEMO-01,DU-01,dumper,2.53,0.895,0,0.0
2025-12-05,DEMO-01,DU-01,dumper,0.97,0.959,0,0.0
2025-12-06,DEMO-01,DU-01,dumper,0.98,0.959,0,0.0
2025-12-07,DEMO-01,DU-01,dumper,0.28,0.988,0,0.0
2025-12-08,DEMO-01,DU-01,dumper,0.43,0.982,0,0.0
2025-12-09,DEMO-01,DU-01,dumper,2.27,0.905,0,0.0
2025-12-10,DEMO-01,DU-01,dumper,0.1,0.996,0,0.0
2025-12-11,DEMO-01,DU-01,dumper,3.97,0.834,0,0.0
2025-12-12,DEMO-01,DU-01,dumper,1.4,0.941,0,0.0
2025-12-13,DEMO-01,DU-01,dumper,1.11,0.954,0,0.0
2025-12-14,DEMO-01,DU-01,dumper,0.9,0.963,0,0.0
2025-12-15,DEMO-01,DU-01,dumper,0.65,0.973,0,0.0
2025-12-16,DEMO-01,DU-01,dumper,1.01,0.958,0,0.0
2025-12-17,DEMO-01,DU-01,dumper,0.28,0.988,0,0.0
2025-12-18,DEMO-01,DU-01,dumper,0.77,0.968,0,0.0
2025-12-19,DEMO-01,DU-01,dumper,1.85,0.923,0,0.0
2025-12-20,DEMO-01,DU-01,dumper,0.4,0.983,0,0.0
2025-12-21,DEMO-01,DU-01,dumper,0.62,0.974,0,0.0
2025-12-22,DEMO-01,DU-01,dumper,1.1,0.954,0,0.0
2025-12-23,DEMO-01,DU-01,dumper,1.68,0.93,0,0.0
2025-12-24,DEMO-01,DU-01,dumper,0.58,0.976,0,0.0
2025-12-25,DEMO-01,DU-01,dumper,0.89,0.963,0,0.0
2025-12-26,DEMO-01,DU-01,dumper,0.58,0.976,0,0.0
2025-12-27,DEMO-01,DU-01,dumper,0.45,0.981,0,0.0
2025-12-28,DEMO-01,DU-01,dumper,2.09,0.913,0,0.0
2025-12-29,DEMO-01,DU-01,dumper,2.81,0.883,0,0.0
2025-12-30,DEMO-01,DU-01,dumper,1.02,0.957,0,0.0
2025-12-31,DEMO-01,DU-01,dumper,0.09,0.996,0,0.0
2023-01-01,DEMO-01,DU-02,dumper,0.36,0.985,0,0.0
2023-01-02,DEMO-01,DU-02,dumper,2.69,0.888,0,0.0
2023-01-03,DEMO-01,DU-02,dumper,0.68,0.972,0,0.0
2023-01-04,DEMO-01,DU-02,dumper,1.19,0.95,0,0.0
2023-01-05,DEMO-01,DU-02,dumper,1.56,0.935,0,0.0
2023-01-06,DEMO-01,DU-02,dumper,1.69,0.93,0,0.0
2023-01-07,DEMO-01,DU-02,dumper,0.83,0.965,0,0.0
2023-01-08,DEMO-01,DU-02,dumper,0.96,0.96,0,0.0
2023-01-09,DEMO-01,DU-02,dumper,2.15,0.91,0,0.0
2023-01-10,DEMO-01,DU-02,dumper,1.46,0.939,0,0.0
2023-01-11,DEMO-01,DU-02,dumper,0.92,0.962,0,0.0
2023-01-12,DEMO-01,DU-02,dumper,6.77,0.718,1,5.72
2023-01-13,DEMO-01,DU-02,dumper,1.32,0.945,0,0.0
2023-01-14,DEMO-01,DU-02,dumper,1.48,0.938,0,0.0
2023-01-15,DEMO-01,DU-02,dumper,4.79,0.801,1,5.26
2023-01-16,DEMO-01,DU-02,dumper,1.13,0.953,0,0.0
2023-01-17,DEMO-01,DU-02,dumper,1.77,0.926,0,0.0
2023-01-18,DEMO-01,DU-02,dumper,0.17,0.993,0,0.0
2023-01-19,DEMO-01,DU-02,dumper,1.04,0.957,0,0.0
2023-01-20,DEMO-01,DU-02,dumper,0.15,0.994,0,0.0
2023-01-21,DEMO-01,DU-02,dumper,1.32,0.945,0,0.0
2023-01-22,DEMO-01,DU-02,dumper,6.64,0.723,1,3.6
2023-01-23,DEMO-01,DU-02,dumper,10.36,0.568,1,9.83
2023-01-24,DEMO-01,DU-02,dumper,1.02,0.957,0,0.0
2023-01-25,DEMO-01,DU-02,dumper,0.27,0.989,0,0.0
2023-01-26,DEMO-01,DU-02,dumper,3.17,0.868,0,0.0
2023-01-27,DEMO-01,DU-02,dumper,1.67,0.93,0,0.0
2023-01-28,DEMO-01,DU-02,dumper,0.26,0.989,0,0.0
2023-01-29,DEMO-01,DU-02,dumper,2.46,0.898,0,0.0
2023-01-30,DEMO-01,DU-02,dumper,0.53,0.978,0,0.0
2023-01-31,DEMO-01,DU-02,dumper,5.15,0.785,1,4.5
2023-02-01,DEMO-01,DU-02,dumper,0.32,0.987,0,0.0
2023-02-02,DEMO-01,DU-02,dumper,1.68,0.93,0,0.0
2023-02-03,DEMO-01,DU-02,dumper,0.99,0.959,0,0.0
2023-02-04,DEMO-01,DU-02,dumper,1.79,0.925,0,0.0
2023-02-05,DEMO-01,DU-02,dumper,0.31,0.987,0,0.0
2023-02-06,DEMO-01,DU-02,dumper,1.19,0.951,0,0.0
2023-02-07,DEMO-01,DU-02,dumper,3.51,0.854,0,0.0
2023-02-08,DEMO-01,DU-02,dumper,2.0,0.917,0,0.0
2023-02-09,DEMO-01,DU-02,dumper,2.75,0.886,0,0.0
2023-02-10,DEMO-01,DU-02,dumper,0.14,0.994,0,0.0
2023-02-11,DEMO-01,DU-02,dumper,0.78,0.967,0,0.0
2023-02-12,DEMO-01,DU-02,dumper,0.14,0.994,0,0.0
2023-02-13,DEMO-01,DU-02,dumper,1.93,0.92,0,0.0
2023-02-14,DEMO-01,DU-02,dumper,0.61,0.975,0,0.0
2023-02-15,DEMO-01,DU-02,dumper,0.45,0.981,0,0.0
2023-02-16,DEMO-01,DU-02,dumper,0.09,0.996,0,0.0
2023-02-17,DEMO-01,DU-02,dumper,1.02,0.957,0,0.0
2023-02-18,DEMO-01,DU-02,dumper,1.54,0.936,0,0.0
2023-02-19,DEMO-01,DU-02,dumper,2.34,0.903,0,0.0
2023-02-20,DEMO-01,DU-02,dumper,1.95,0.919,0,0.0
2023-02-21,DEMO-01,DU-02,dumper,1.13,0.953,0,0.0
2023-02-22,DEMO-01,DU-02,dumper,9.32,0.612,1,7.02
2023-02-23,DEMO-01,DU-02,dumper,2.38,0.901,0,0.0
2023-02-24,DEMO-01,DU-02,dumper,0.99,0.959,0,0.0
2023-02-25,DEMO-01,DU-02,dumper,1.79,0.925,0,0.0
2023-02-26,DEMO-01,DU-02,dumper,6.03,0.749,1,3.52
2023-02-27,DEMO-01,DU-02,dumper,1.35,0.944,0,0.0
2023-02-28,DEMO-01,DU-02,dumper,1.02,0.958,0,0.0
2023-03-01,DEMO-01,DU-02,dumper,1.07,0.955,0,0.0
2023-03-02,DEMO-01,DU-02,dumper,1.72,0.929,0,0.0
2023-03-03,DEMO-01,DU-02,dumper,1.41,0.941,0,0.0
2023-03-04,DEMO-01,DU-02,dumper,1.24,0.948,0,0.0
2023-03-05,DEMO-01,DU-02,dumper,0.83,0.965,0,0.0
2023-03-06,DEMO-01,DU-02,dumper,2.16,0.91,0,0.0
2023-03-07,DEMO-01,DU-02,dumper,1.71,0.929,0,0.0
2023-03-08,DEMO-01,DU-02,dumper,0.3,0.988,0,0.0
2023-03-09,DEMO-01,DU-02,dumper,0.47,0.98,0,0.0
2023-03-10,DEMO-01,DU-02,dumper,1.02,0.957,0,0.0
2023-03-11,DEMO-01,DU-02,dumper,1.54,0.936,0,0.0
2023-03-12,DEMO-01,DU-02,dumper,1.09,0.955,0,0.0
2023-03-13,DEMO-01,DU-02,dumper,2.13,0.911,0,0.0
2023-03-14,DEMO-01,DU-02,dumper,1.41,0.941,0,0.0
2023-03-15,DEMO-01,DU-02,dumper,0.54,0.977,0,0.0
2023-03-16,DEMO-01,DU-02,dumper,0.43,0.982,0,0.0
2023-03-17,DEMO-01,DU-02,dumper,0.39,0.984,0,0.0
2023-03-18,DEMO-01,DU-02,dumper,2.94,0.877,0,0.0
2023-03-19,DEMO-01,DU-02,dumper,1.9,0.921,0,0.0
2023-03-20,DEMO-01,DU-02,dumper,0.98,0.959,0,0.0
2023-03-21,DEMO-01,DU-02,dumper,1.2,0.95,0,0.0
2023-03-22,DEMO-01,DU-02,dumper,0.11,0.995,0,0.0
2023-03-23,DEMO-01,DU-02,dumper,0.52,0.978,0,0.0
2023-03-24,DEMO-01,DU-02,dumper,9.36,0.61,1,8.97
2023-03-25,DEMO-01,DU-02,dumper,1.18,0.951,0,0.0
2023-03-26,DEMO-01,DU-02,dumper,0.69,0.971,0,0.0
2023-03-27,DEMO-01,DU-02,dumper,3.89,0.838,0,0.0
2023-03-28,DEMO-01,DU-02,dumper,1.24,0.948,0,0.0
2023-03-29,DEMO-01,DU-02,dumper,3.61,0.85,0,0.0
2023-03-30,DEMO-01,DU-02,dumper,1.85,0.923,0,0.0
2023-03-31,DEMO-01,DU-02,dumper,0.94,0.961,0,0.0
2023-04-01,DEMO-01,DU-02,dumper,1.1,0.954,0,0.0
2023-04-02,DEMO-01,DU-02,dumper,1.56,0.935,0,0.0
2023-04-03,DEMO-01,DU-02,dumper,1.68,0.93,0,0.0
2023-04-04,DEMO-01,DU-02,dumper,0.46,0.981,0,0.0
2023-04-05,DEMO-01,DU-02,dumper,0.5,0.979,0,0.0
2023-04-06,DEMO-01,DU-02,dumper,0.55,0.977,0,0.0
2023-04-07,DEMO-01,DU-02,dumper,7.14,0.702,1,6.66
2023-04-08,DEMO-01,DU-02,dumper,2.83,0.882,0,0.0
2023-04-09,DEMO-01,DU-02,dumper,0.4,0.983,0,0.0
2023-04-10,DEMO-01,DU-02,dumper,2.06,0.914,0,0.0
2023-04-11,DEMO-01,DU-02,dumper,1.04,0.957,0,0.0
2023-04-12,DEMO-01,DU-02,dumper,1.88,0.921,0,0.0
2023-04-13,DEMO-01,DU-02,dumper,0.74,0.969,0,0.0
2023-04-14,DEMO-01,DU-02,dumper,1.03,0.957,0,0.0
2023-04-15,DEMO-01,DU-02,dumper,0.69,0.971,0,0.0
2023-04-16,DEMO-01,DU-02,dumper,2.8,0.883,0,0.0
2023-04-17,DEMO-01,DU-02,dumper,1.94,0.919,0,0.0
2023-04-18,DEMO-01,DU-02,dumper,2.73,0.886,0,0.0
2023-04-19,DEMO-01,DU-02,dumper,2.24,0.907,0,0.0
2023-04-20,DEMO-01,DU-02,dumper,1.69,0.93,0,0.0
2023-04-21,DEMO-01,DU-02,dumper,0.51,0.979,0,0.0
2023-04-22,DEMO-01,DU-02,dumper,1.0,0.958,0,0.0
2023-04-23,DEMO-01,DU-02,dumper,1.18,0.951,0,0.0
2023-04-24,DEMO-01,DU-02,dumper,0.93,0.961,0,0.0
2023-04-25,DEMO-01,DU-02,dumper,1.43,0.94,0,0.0
2023-04-26,DEMO-01,DU-02,dumper,0.86,0.964,0,0.0
2023-04-27,DEMO-01,DU-02,dumper,6.12,0.745,0,0.0
2023-04-28,DEMO-01,DU-02,dumper,1.13,0.953,0,0.0
2023-04-29,DEMO-01,DU-02,dumper,0.59,0.976,0,0.0
2023-04-30,DEMO-01,DU-02,dumper,0.19,0.992,0,0.0
2023-05-01,DEMO-01,DU-02,dumper,8.79,0.634,1,8.33
2023-05-02,DEMO-01,DU-02,dumper,6.75,0.719,1,5.57
2023-05-03,DEMO-01,DU-02,dumper,6.5,0.729,1,7.22
2023-05-04,DEMO-01,DU-02,dumper,0.55,0.977,0,0.0
2023-05-05,DEMO-01,DU-02,dumper,0.45,0.981,0,0.0
2023-05-06,DEMO-01,DU-02,dumper,0.19,0.992,0,0.0
2023-05-07,DEMO-01,DU-02,dumper,0.66,0.972,0,0.0
2023-05-08,DEMO-01,DU-02,dumper,0.47,0.98,0,0.0
2023-05-09,DEMO-01,DU-02,dumper,1.24,0.948,0,0.0
2023-05-10,DEMO-01,DU-02,dumper,2.66,0.889,0,0.0
2023-05-11,DEMO-01,DU-02,dumper,0.96,0.96,0,0.0
2023-05-12,DEMO-01,DU-02,dumper,1.14,0.953,0,0.0
2023-05-13,DEMO-01,DU-02,dumper,1.52,0.937,0,0.0
2023-05-14,DEMO-01,DU-02,dumper,1.94,0.919,0,0.0
2023-05-15,DEMO-01,DU-02,dumper,1.95,0.919,0,0.0
2023-05-16,DEMO-01,DU-02,dumper,2.76,0.885,0,0.0
2023-05-17,DEMO-01,DU-02,dumper,3.83,0.84,1,3.03
2023-05-18,DEMO-01,DU-02,dumper,8.54,0.644,1,9.35
2023-05-19,DEMO-01,DU-02,dumper,0.83,0.965,0,0.0
2023-05-20,DEMO-01,DU-02,dumper,2.29,0.905,0,0.0
2023-05-21,DEMO-01,DU-02,dumper,0.08,0.997,0,0.0
2023-05-22,DEMO-01,DU-02,dumper,0.26,0.989,0,0.0
2023-05-23,DEMO-01,DU-02,dumper,2.02,0.916,0,0.0
2023-05-24,DEMO-01,DU-02,dumper,1.4,0.942,0,0.0
2023-05-25,DEMO-01,DU-02,dumper,0.49,0.98,0,0.0
2023-05-26,DEMO-01,DU-02,dumper,1.4,0.942,0,0.0
2023-05-27,DEMO-01,DU-02,dumper,1.58,0.934,0,0.0
2023-05-28,DEMO-01,DU-02,dumper,1.22,0.949,0,0.0
2023-05-29,DEMO-01,DU-02,dumper,2.0,0.917,0,0.0
2023-05-30,DEMO-01,DU-02,dumper,1.95,0.919,0,0.0
2023-05-31,DEMO-01,DU-02,dumper,4.06,0.831,1,1.96
2023-06-01,DEMO-01,DU-02,dumper,0.92,0.962,0,0.0
2023-06-02,DEMO-01,DU-02,dumper,4.19,0.825,1,3.72
2023-06-03,DEMO-01,DU-02,dumper,4.25,0.823,0,0.0
2023-06-04,DEMO-01,DU-02,dumper,3.24,0.865,0,0.0
2023-06-05,DEMO-01,DU-02,dumper,1.66,0.931,0,0.0
2023-06-06,DEMO-01,DU-02,dumper,1.29,0.946,0,0.0
2023-06-07,DEMO-01,DU-02,dumper,0.46,0.981,0,0.0
2023-06-08,DEMO-01,DU-02,dumper,2.75,0.885,0,0.0
2023-06-09,DEMO-01,DU-02,dumper,2.91,0.879,0,0.0
2023-06-10,DEMO-01,DU-02,dumper,1.08,0.955,0,0.0
2023-06-11,DEMO-01,DU-02,dumper,1.46,0.939,0,0.0
2023-06-12,DEMO-01,DU-02,dumper,0.5,0.979,0,0.0
2023-06-13,DEMO-01,DU-02,dumper,2.98,0.876,0,0.0
2023-06-14,DEMO-01,DU-02,dumper,1.18,0.951,0,0.0
2023-06-15,DEMO-01,DU-02,dumper,2.37,0.901,0,0.0
2023-06-16,DEMO-01,DU-02,dumper,0.4,0.983,0,0.0
2023-06-17,DEMO-01,DU-02,dumper,2.56,0.893,0,0.0
2023-06-18,DEMO-01,DU-02,dumper,6.1,0.746,0,0.0
2023-06-19,DEMO-01,DU-02,dumper,1.15,0.952,0,0.0
2023-06-20,DEMO-01,DU-02,dumper,0.3,0.988,0,0.0
2023-06-21,DEMO-01,DU-02,dumper,0.93,0.961,0,0.0
2023-06-22,DEMO-01,DU-02,dumper,1.83,0.924,0,0.0
2023-06-23,DEMO-01,DU-02,dumper,6.29,0.738,0,0.0
2023-06-24,DEMO-01,DU-02,dumper,0.39,0.984,0,0.0
2023-06-25,DEMO-01,DU-02,dumper,2.79,0.884,0,0.0
2023-06-26,DEMO-01,DU-02,dumper,3.84,0.84,0,0.0
2023-06-27,DEMO-01,DU-02,dumper,0.15,0.994,0,0.0
2023-06-28,DEMO-01,DU-02,dumper,7.96,0.669,0,0.0
2023-06-29,DEMO-01,DU-02,dumper,0.78,0.968,0,0.0
2023-06-30,DEMO-01,DU-02,dumper,7.09,0.704,0,0.0
2023-07-01,DEMO-01,DU-02,dumper,6.35,0.736,0,0.0
2023-07-02,DEMO-01,DU-02,dumper,3.01,0.874,0,0.0
2023-07-03,DEMO-01,DU-02,dumper,1.94,0.919,0,0.0
2023-07-04,DEMO-01,DU-02,dumper,5.07,0.789,0,0.0
2023-07-05,DEMO-01,DU-02,dumper,1.11,0.954,0,0.0
2023-07-06,DEMO-01,DU-02,dumper,1.86,0.922,0,0.0
2023-07-07,DEMO-01,DU-02,dumper,3.05,0.873,0,0.0
2023-07-08,DEMO-01,DU-02,dumper,3.31,0.862,0,0.0
2023-07-09,DEMO-01,DU-02,dumper,2.11,0.912,0,0.0
2023-07-10,DEMO-01,DU-02,dumper,4.43,0.816,0,0.0
2023-07-11,DEMO-01,DU-02,dumper,1.11,0.954,0,0.0
2023-07-12,DEMO-01,DU-02,dumper,3.26,0.864,0,0.0
2023-07-13,DEMO-01,DU-02,dumper,14.3,0.404,1,7.06
2023-07-14,DEMO-01,DU-02,dumper,1.71,0.929,0,0.0
2023-07-15,DEMO-01,DU-02,dumper,4.07,0.831,0,0.0
2023-07-16,DEMO-01,DU-02,dumper,11.72,0.512,0,0.0
2023-07-17,DEMO-01,DU-02,dumper,4.36,0.818,0,0.0
2023-07-18,DEMO-01,DU-02,dumper,11.66,0.514,0,0.0
2023-07-19,DEMO-01,DU-02,dumper,4.13,0.828,0,0.0
2023-07-20,DEMO-01,DU-02,dumper,13.1,0.454,0,0.0
2023-07-21,DEMO-01,DU-02,dumper,6.8,0.717,0,0.0
2023-07-22,DEMO-01,DU-02,dumper,3.55,0.852,0,0.0
2023-07-23,DEMO-01,DU-02,dumper,0.78,0.968,0,0.0
2023-07-24,DEMO-01,DU-02,dumper,8.07,0.664,0,0.0
2023-07-25,DEMO-01,DU-02,dumper,1.57,0.934,0,0.0
2023-07-26,DEMO-01,DU-02,dumper,14.95,0.377,0,0.0
2023-07-27,DEMO-01,DU-02,dumper,10.82,0.549,0,0.0
2023-07-28,DEMO-01,DU-02,dumper,3.44,0.857,0,0.0
2023-07-29,DEMO-01,DU-02,dumper,3.69,0.846,0,0.0
2023-07-30,DEMO-01,DU-02,dumper,4.88,0.797,0,0.0
2023-07-31,DEMO-01,DU-02,dumper,1.31,0.945,0,0.0
2023-08-01,DEMO-01,DU-02,dumper,9.09,0.621,1,9.94
2023-08-02,DEMO-01,DU-02,dumper,3.86,0.839,0,0.0
2023-08-03,DEMO-01,DU-02,dumper,7.16,0.702,0,0.0
2023-08-04,DEMO-01,DU-02,dumper,7.96,0.668,0,0.0
2023-08-05,DEMO-01,DU-02,dumper,4.81,0.799,0,0.0
2023-08-06,DEMO-01,DU-02,dumper,1.17,0.951,0,0.0
2023-08-07,DEMO-01,DU-02,dumper,2.31,0.904,0,0.0
2023-08-08,DEMO-01,DU-02,dumper,1.61,0.933,0,0.0
2023-08-09,DEMO-01,DU-02,dumper,0.78,0.968,0,0.0
2023-08-10,DEMO-01,DU-02,dumper,3.35,0.86,0,0.0
2023-08-11,DEMO-01,DU-02,dumper,3.83,0.84,0,0.0
2023-08-12,DEMO-01,DU-02,dumper,0.17,0.993,0,0.0
2023-08-13,DEMO-01,DU-02,dumper,7.95,0.669,0,0.0
2023-08-14,DEMO-01,DU-02,dumper,0.79,0.967,0,0.0
2023-08-15,DEMO-01,DU-02,dumper,2.46,0.898,0,0.0
2023-08-16,DEMO-01,DU-02,dumper,3.09,0.871,0,0.0
2023-08-17,DEMO-01,DU-02,dumper,1.66,0.931,0,0.0
2023-08-18,DEMO-01,DU-02,dumper,2.02,0.916,0,0.0
2023-08-19,DEMO-01,DU-02,dumper,0.39,0.984,0,0.0
2023-08-20,DEMO-01,DU-02,dumper,2.49,0.896,0,0.0
2023-08-21,DEMO-01,DU-02,dumper,1.38,0.943,0,0.0
2023-08-22,DEMO-01,DU-02,dumper,1.93,0.92,0,0.0
2023-08-23,DEMO-01,DU-02,dumper,2.96,0.877,0,0.0
2023-08-24,DEMO-01,DU-02,dumper,1.69,0.93,0,0.0
2023-08-25,DEMO-01,DU-02,dumper,3.94,0.836,0,0.0
2023-08-26,DEMO-01,DU-02,dumper,4.51,0.812,0,0.0
2023-08-27,DEMO-01,DU-02,dumper,0.38,0.984,0,0.0
2023-08-28,DEMO-01,DU-02,dumper,0.48,0.98,0,0.0
2023-08-29,DEMO-01,DU-02,dumper,3.15,0.869,0,0.0
2023-08-30,DEMO-01,DU-02,dumper,3.82,0.841,0,0.0
2023-08-31,DEMO-01,DU-02,dumper,6.07,0.747,0,0.0
2023-09-01,DEMO-01,DU-02,dumper,2.38,0.901,0,0.0
2023-09-02,DEMO-01,DU-02,dumper,3.27,0.864,0,0.0
2023-09-03,DEMO-01,DU-02,dumper,2.06,0.914,0,0.0
2023-09-04,DEMO-01,DU-02,dumper,0.67,0.972,0,0.0
2023-09-05,DEMO-01,DU-02,dumper,0.3,0.987,0,0.0
2023-09-06,DEMO-01,DU-02,dumper,2.29,0.904,0,0.0
2023-09-07,DEMO-01,DU-02,dumper,0.52,0.978,0,0.0
2023-09-08,DEMO-01,DU-02,dumper,0.58,0.976,0,0.0
2023-09-09,DEMO-01,DU-02,dumper,1.3,0.946,0,0.0
2023-09-10,DEMO-01,DU-02,dumper,0.97,0.959,0,0.0
2023-09-11,DEMO-01,DU-02,dumper,2.42,0.899,0,0.0
2023-09-12,DEMO-01,DU-02,dumper,2.35,0.902,0,0.0
2023-09-13,DEMO-01,DU-02,dumper,1.43,0.94,0,0.0
2023-09-14,DEMO-01,DU-02,dumper,1.73,0.928,0,0.0
2023-09-15,DEMO-01,DU-02,dumper,1.26,0.947,0,0.0
2023-09-16,DEMO-01,DU-02,dumper,0.24,0.99,0,0.0
2023-09-17,DEMO-01,DU-02,dumper,0.48,0.98,0,0.0
2023-09-18,DEMO-01,DU-02,dumper,1.42,0.941,0,0.0
2023-09-19,DEMO-01,DU-02,dumper,1.12,0.953,0,0.0
2023-09-20,DEMO-01,DU-02,dumper,2.92,0.878,0,0.0
2023-09-21,DEMO-01,DU-02,dumper,0.47,0.98,0,0.0
2023-09-22,DEMO-01,DU-02,dumper,2.11,0.912,0,0.0
2023-09-23,DEMO-01,DU-02,dumper,0.66,0.972,0,0.0
2023-09-24,DEMO-01,DU-02,dumper,3.04,0.873,0,0.0
2023-09-25,DEMO-01,DU-02,dumper,0.19,0.992,0,0.0
2023-09-26,DEMO-01,DU-02,dumper,1.22,0.949,0,0.0
2023-09-27,DEMO-01,DU-02,dumper,2.48,0.897,0,0.0
2023-09-28,DEMO-01,DU-02,dumper,1.88,0.922,0,0.0
2023-09-29,DEMO-01,DU-02,dumper,1.6,0.934,0,0.0
2023-09-30,DEMO-01,DU-02,dumper,0.3,0.988,0,0.0
2023-10-01,DEMO-01,DU-02,dumper,2.04,0.915,0,0.0
2023-10-02,DEMO-01,DU-02,dumper,1.1,0.954,0,0.0
2023-10-03,DEMO-01,DU-02,dumper,0.46,0.981,0,0.0
2023-10-04,DEMO-01,DU-02,dumper,1.26,0.947,0,0.0
2023-10-05,DEMO-01,DU-02,dumper,0.33,0.986,0,0.0
2023-10-06,DEMO-01,DU-02,dumper,1.6,0.933,0,0.0
2023-10-07,DEMO-01,DU-02,dumper,2.46,0.898,0,0.0
2023-10-08,DEMO-01,DU-02,dumper,1.78,0.926,0,0.0
2023-10-09,DEMO-01,DU-02,dumper,2.54,0.894,0,0.0
2023-10-10,DEMO-01,DU-02,dumper,1.98,0.918,0,0.0
2023-10-11,DEMO-01,DU-02,dumper,4.41,0.816,1,4.79
2023-10-12,DEMO-01,DU-02,dumper,0.23,0.99,0,0.0
2023-10-13,DEMO-01,DU-02,dumper,2.77,0.884,0,0.0
2023-10-14,DEMO-01,DU-02,dumper,8.1,0.662,1,6.66
2023-10-15,DEMO-01,DU-02,dumper,0.9,0.963,0,0.0
2023-10-16,DEMO-01,DU-02,dumper,0.73,0.97,0,0.0
2023-10-17,DEMO-01,DU-02,dumper,2.36,0.902,0,0.0
2023-10-18,DEMO-01,DU-02,dumper,1.32,0.945,0,0.0
2023-10-19,DEMO-01,DU-02,dumper,0.59,0.976,0,0.0
2023-10-20,DEMO-01,DU-02,dumper,0.33,0.986,0,0.0
2023-10-21,DEMO-01,DU-02,dumper,2.25,0.906,0,0.0
2023-10-22,DEMO-01,DU-02,dumper,0.36,0.985,0,0.0
2023-10-23,DEMO-01,DU-02,dumper,1.07,0.955,0,0.0
2023-10-24,DEMO-01,DU-02,dumper,0.82,0.966,0,0.0
2023-10-25,DEMO-01,DU-02,dumper,2.13,0.911,0,0.0
2023-10-26,DEMO-01,DU-02,dumper,1.13,0.953,0,0.0
2023-10-27,DEMO-01,DU-02,dumper,0.6,0.975,0,0.0
2023-10-28,DEMO-01,DU-02,dumper,6.67,0.722,1,6.75
2023-10-29,DEMO-01,DU-02,dumper,1.35,0.944,0,0.0
2023-10-30,DEMO-01,DU-02,dumper,2.08,0.913,0,0.0
2023-10-31,DEMO-01,DU-02,dumper,1.43,0.941,0,0.0
2023-11-01,DEMO-01,DU-02,dumper,1.53,0.936,0,0.0
2023-11-02,DEMO-01,DU-02,dumper,2.2,0.908,0,0.0
2023-11-03,DEMO-01,DU-02,dumper,1.1,0.954,0,0.0
2023-11-04,DEMO-01,DU-02,dumper,0.71,0.97,0,0.0
2023-11-05,DEMO-01,DU-02,dumper,0.72,0.97,0,0.0
2023-11-06,DEMO-01,DU-02,dumper,0.05,0.998,0,0.0
2023-11-07,DEMO-01,DU-02,dumper,0.54,0.978,0,0.0
2023-11-08,DEMO-01,DU-02,dumper,0.51,0.979,0,0.0
2023-11-09,DEMO-01,DU-02,dumper,1.45,0.94,0,0.0
2023-11-10,DEMO-01,DU-02,dumper,1.14,0.953,0,0.0
2023-11-11,DEMO-01,DU-02,dumper,9.9,0.587,1,9.57
2023-11-12,DEMO-01,DU-02,dumper,0.12,0.995,0,0.0
2023-11-13,DEMO-01,DU-02,dumper,1.05,0.956,0,0.0
2023-11-14,DEMO-01,DU-02,dumper,0.51,0.979,0,0.0
2023-11-15,DEMO-01,DU-02,dumper,1.7,0.929,0,0.0
2023-11-16,DEMO-01,DU-02,dumper,0.66,0.972,0,0.0
2023-11-17,DEMO-01,DU-02,dumper,0.5,0.979,0,0.0
2023-11-18,DEMO-01,DU-02,dumper,1.97,0.918,0,0.0
2023-11-19,DEMO-01,DU-02,dumper,1.24,0.948,0,0.0
2023-11-20,DEMO-01,DU-02,dumper,1.29,0.946,0,0.0
2023-11-21,DEMO-01,DU-02,dumper,0.81,0.966,0,0.0
2023-11-22,DEMO-01,DU-02,dumper,1.15,0.952,0,0.0
2023-11-23,DEMO-01,DU-02,dumper,0.46,0.981,0,0.0
2023-11-24,DEMO-01,DU-02,dumper,0.28,0.988,0,0.0
2023-11-25,DEMO-01,DU-02,dumper,1.08,0.955,0,0.0
2023-11-26,DEMO-01,DU-02,dumper,1.99,0.917,0,0.0
2023-11-27,DEMO-01,DU-02,dumper,1.07,0.955,0,0.0
2023-11-28,DEMO-01,DU-02,dumper,4.67,0.805,1,5.04
2023-11-29,DEMO-01,DU-02,dumper,0.55,0.977,0,0.0
2023-11-30,DEMO-01,DU-02,dumper,2.22,0.908,0,0.0
2023-12-01,DEMO-01,DU-02,dumper,0.33,0.986,0,0.0
2023-12-02,DEMO-01,DU-02,dumper,2.67,0.889,0,0.0
2023-12-03,DEMO-01,DU-02,dumper,3.82,0.841,0,0.0
2023-12-04,DEMO-01,DU-02,dumper,0.54,0.978,0,0.0
2023-12-05,DEMO-01,DU-02,dumper,1.05,0.956,0,0.0
2023-12-06,DEMO-01,DU-02,dumper,2.42,0.899,0,0.0
2023-12-07,DEMO-01,DU-02,dumper,1.72,0.928,0,0.0
2023-12-08,DEMO-01,DU-02,dumper,0.99,0.959,0,0.0
2023-12-09,DEMO-01,DU-02,dumper,2.6,0.892,0,0.0
2023-12-10,DEMO-01,DU-02,dumper,1.76,0.927,0,0.0
2023-12-11,DEMO-01,DU-02,dumper,0.26,0.989,0,0.0
2023-12-12,DEMO-01,DU-02,dumper,0.7,0.971,0,0.0
2023-12-13,DEMO-01,DU-02,dumper,3.47,0.856,1,3.32
2023-12-14,DEMO-01,DU-02,dumper,3.28,0.863,0,0.0
2023-12-15,DEMO-01,DU-02,dumper,0.24,0.99,0,0.0
2023-12-16,DEMO-01,DU-02,dumper,1.47,0.939,0,0.0
2023-12-17,DEMO-01,DU-02,dumper,0.21,0.991,0,0.0
2023-12-18,DEMO-01,DU-02,dumper,2.66,0.889,0,0.0
2023-12-19,DEMO-01,DU-02,dumper,3.72,0.845,0,0.0
2023-12-20,DEMO-01,DU-02,dumper,3.18,0.867,0,0.0
2023-12-21,DEMO-01,DU-02,dumper,0.96,0.96,0,0.0
2023-12-22,DEMO-01,DU-02,dumper,1.47,0.939,0,0.0
2023-12-23,DEMO-01,DU-02,dumper,2.03,0.916,0,0.0
2023-12-24,DEMO-01,DU-02,dumper,1.94,0.919,0,0.0
2023-12-25,DEMO-01,DU-02,dumper,1.37,0.943,0,0.0
2023-12-26,DEMO-01,DU-02,dumper,0.65,0.973,0,0.0
2023-12-27,DEMO-01,DU-02,dumper,1.47,0.939,0,0.0
2023-12-28,DEMO-01,DU-02,dumper,0.36,0.985,0,0.0
2023-12-29,DEMO-01,DU-02,dumper,1.34,0.944,0,0.0
2023-12-30,DEMO-01,DU-02,dumper,1.84,0.923,0,0.0
2023-12-31,DEMO-01,DU-02,dumper,2.27,0.905,0,0.0
2024-01-01,DEMO-01,DU-02,dumper,0.99,0.959,0,0.0
2024-01-02,DEMO-01,DU-02,dumper,3.64,0.848,0,0.0
2024-01-03,DEMO-01,DU-02,dumper,3.15,0.869,0,0.0
2024-01-04,DEMO-01,DU-02,dumper,0.29,0.988,0,0.0
2024-01-05,DEMO-01,DU-02,dumper,0.61,0.975,0,0.0
2024-01-06,DEMO-01,DU-02,dumper,2.32,0.903,0,0.0
2024-01-07,DEMO-01,DU-02,dumper,3.45,0.856,1,3.79
2024-01-08,DEMO-01,DU-02,dumper,1.06,0.956,0,0.0
2024-01-09,DEMO-01,DU-02,dumper,1.43,0.94,0,0.0
2024-01-10,DEMO-01,DU-02,dumper,0.36,0.985,0,0.0
2024-01-11,DEMO-01,DU-02,dumper,3.01,0.875,0,0.0
2024-01-12,DEMO-01,DU-02,dumper,0.64,0.973,0,0.0
2024-01-13,DEMO-01,DU-02,dumper,1.5,0.937,0,0.0
2024-01-14,DEMO-01,DU-02,dumper,1.05,0.956,0,0.0
2024-01-15,DEMO-01,DU-02,dumper,1.29,0.946,0,0.0
2024-01-16,DEMO-01,DU-02,dumper,1.2,0.95,0,0.0
2024-01-17,DEMO-01,DU-02,dumper,1.0,0.958,0,0.0
2024-01-18,DEMO-01,DU-02,dumper,1.77,0.926,0,0.0
2024-01-19,DEMO-01,DU-02,dumper,0.54,0.978,0,0.0
2024-01-20,DEMO-01,DU-02,dumper,0.74,0.969,0,0.0
2024-01-21,DEMO-01,DU-02,dumper,1.44,0.94,0,0.0
2024-01-22,DEMO-01,DU-02,dumper,1.44,0.94,0,0.0
2024-01-23,DEMO-01,DU-02,dumper,2.22,0.907,0,0.0
2024-01-24,DEMO-01,DU-02,dumper,1.11,0.954,0,0.0
2024-01-25,DEMO-01,DU-02,dumper,0.92,0.962,0,0.0
2024-01-26,DEMO-01,DU-02,dumper,0.64,0.973,0,0.0
2024-01-27,DEMO-01,DU-02,dumper,0.27,0.989,0,0.0
2024-01-28,DEMO-01,DU-02,dumper,0.38,0.984,0,0.0
2024-01-29,DEMO-01,DU-02,dumper,0.44,0.982,0,0.0
2024-01-30,DEMO-01,DU-02,dumper,0.48,0.98,0,0.0
2024-01-31,DEMO-01,DU-02,dumper,1.84,0.924,0,0.0
2024-02-01,DEMO-01,DU-02,dumper,0.29,0.988,0,0.0
2024-02-02,DEMO-01,DU-02,dumper,0.79,0.967,0,0.0
2024-02-03,DEMO-01,DU-02,dumper,2.22,0.908,0,0.0
2024-02-04,DEMO-01,DU-02,dumper,1.8,0.925,0,0.0
2024-02-05,DEMO-01,DU-02,dumper,2.79,0.884,0,0.0
2024-02-06,DEMO-01,DU-02,dumper,1.9,0.921,0,0.0
2024-02-07,DEMO-01,DU-02,dumper,1.58,0.934,0,0.0
2024-02-08,DEMO-01,DU-02,dumper,1.41,0.941,0,0.0
2024-02-09,DEMO-01,DU-02,dumper,1.23,0.949,0,0.0
2024-02-10,DEMO-01,DU-02,dumper,2.42,0.899,0,0.0
2024-02-11,DEMO-01,DU-02,dumper,1.49,0.938,0,0.0
2024-02-12,DEMO-01,DU-02,dumper,1.93,0.92,0,0.0
2024-02-13,DEMO-01,DU-02,dumper,0.7,0.971,0,0.0
2024-02-14,DEMO-01,DU-02,dumper,3.37,0.859,0,0.0
2024-02-15,DEMO-01,DU-02,dumper,0.4,0.983,0,0.0
2024-02-16,DEMO-01,DU-02,dumper,0.54,0.977,0,0.0
2024-02-17,DEMO-01,DU-02,dumper,2.29,0.905,0,0.0
2024-02-18,DEMO-01,DU-02,dumper,1.18,0.951,0,0.0
2024-02-19,DEMO-01,DU-02,dumper,0.98,0.959,0,0.0
2024-02-20,DEMO-01,DU-02,dumper,0.82,0.966,0,0.0
2024-02-21,DEMO-01,DU-02,dumper,2.76,0.885,0,0.0
2024-02-22,DEMO-01,DU-02,dumper,1.35,0.944,0,0.0
2024-02-23,DEMO-01,DU-02,dumper,1.44,0.94,0,0.0
2024-02-24,DEMO-01,DU-02,dumper,3.4,0.858,0,0.0
2024-02-25,DEMO-01,DU-02,dumper,3.47,0.856,0,0.0
2024-02-26,DEMO-01,DU-02,dumper,1.2,0.95,0,0.0
2024-02-27,DEMO-01,DU-02,dumper,1.59,0.934,0,0.0
2024-02-28,DEMO-01,DU-02,dumper,0.91,0.962,0,0.0
2024-02-29,DEMO-01,DU-02,dumper,1.61,0.933,0,0.0
2024-03-01,DEMO-01,DU-02,dumper,0.38,0.984,0,0.0
2024-03-02,DEMO-01,DU-02,dumper,4.03,0.832,0,0.0
2024-03-03,DEMO-01,DU-02,dumper,0.75,0.969,0,0.0
2024-03-04,DEMO-01,DU-02,dumper,0.53,0.978,0,0.0
2024-03-05,DEMO-01,DU-02,dumper,2.88,0.88,0,0.0
2024-03-06,DEMO-01,DU-02,dumper,0.79,0.967,0,0.0
2024-03-07,DEMO-01,DU-02,dumper,1.06,0.956,0,0.0
2024-03-08,DEMO-01,DU-02,dumper,0.29,0.988,0,0.0
2024-03-09,DEMO-01,DU-02,dumper,0.3,0.988,0,0.0
2024-03-10,DEMO-01,DU-02,dumper,1.59,0.934,0,0.0
2024-03-11,DEMO-01,DU-02,dumper,3.22,0.866,0,0.0
2024-03-12,DEMO-01,DU-02,dumper,0.65,0.973,0,0.0
2024-03-13,DEMO-01,DU-02,dumper,0.8,0.967,0,0.0
2024-03-14,DEMO-01,DU-02,dumper,3.08,0.872,1,3.09
2024-03-15,DEMO-01,DU-02,dumper,1.63,0.932,0,0.0
2024-03-16,DEMO-01,DU-02,dumper,4.16,0.827,0,0.0
2024-03-17,DEMO-01,DU-02,dumper,0.84,0.965,0,0.0
2024-03-18,DEMO-01,DU-02,dumper,1.04,0.957,0,0.0
2024-03-19,DEMO-01,DU-02,dumper,0.67,0.972,0,0.0
2024-03-20,DEMO-01,DU-02,dumper,0.58,0.976,0,0.0
2024-03-21,DEMO-01,DU-02,dumper,2.0,0.917,0,0.0
2024-03-22,DEMO-01,DU-02,dumper,0.27,0.989,0,0.0
2024-03-23,DEMO-01,DU-02,dumper,3.5,0.854,0,0.0
2024-03-24,DEMO-01,DU-02,dumper,1.79,0.925,0,0.0
2024-03-25,DEMO-01,DU-02,dumper,1.17,0.951,0,0.0
2024-03-26,DEMO-01,DU-02,dumper,1.24,0.948,0,0.0
2024-03-27,DEMO-01,DU-02,dumper,0.72,0.97,0,0.0
2024-03-28,DEMO-01,DU-02,dumper,0.37,0.985,0,0.0
2024-03-29,DEMO-01,DU-02,dumper,0.55,0.977,0,0.0
2024-03-30,DEMO-01,DU-02,dumper,0.44,0.982,0,0.0
2024-03-31,DEMO-01,DU-02,dumper,0.51,0.979,0,0.0
2024-04-01,DEMO-01,DU-02,dumper,2.12,0.911,0,0.0
2024-04-02,DEMO-01,DU-02,dumper,1.54,0.936,0,0.0
2024-04-03,DEMO-01,DU-02,dumper,0.51,0.979,0,0.0
2024-04-04,DEMO-01,DU-02,dumper,0.08,0.997,0,0.0
2024-04-05,DEMO-01,DU-02,dumper,2.46,0.898,0,0.0
2024-04-06,DEMO-01,DU-02,dumper,1.03,0.957,0,0.0
2024-04-07,DEMO-01,DU-02,dumper,4.72,0.803,1,2.71
2024-04-08,DEMO-01,DU-02,dumper,0.86,0.964,0,0.0
2024-04-09,DEMO-01,DU-02,dumper,0.96,0.96,0,0.0
2024-04-10,DEMO-01,DU-02,dumper,0.69,0.971,0,0.0
2024-04-11,DEMO-01,DU-02,dumper,0.81,0.966,0,0.0
2024-04-12,DEMO-01,DU-02,dumper,3.4,0.858,1,2.61
2024-04-13,DEMO-01,DU-02,dumper,0.83,0.965,0,0.0
2024-04-14,DEMO-01,DU-02,dumper,6.85,0.715,1,6.93
2024-04-15,DEMO-01,DU-02,dumper,0.93,0.961,0,0.0
2024-04-16,DEMO-01,DU-02,dumper,0.54,0.977,0,0.0
2024-04-17,DEMO-01,DU-02,dumper,1.83,0.924,0,0.0
2024-04-18,DEMO-01,DU-02,dumper,1.67,0.93,0,0.0
2024-04-19,DEMO-01,DU-02,dumper,0.67,0.972,0,0.0
2024-04-20,DEMO-01,DU-02,dumper,3.33,0.861,0,0.0
2024-04-21,DEMO-01,DU-02,dumper,7.31,0.695,1,7.89
2024-04-22,DEMO-01,DU-02,dumper,0.73,0.969,0,0.0
2024-04-23,DEMO-01,DU-02,dumper,1.34,0.944,0,0.0
2024-04-24,DEMO-01,DU-02,dumper,1.09,0.955,0,0.0
2024-04-25,DEMO-01,DU-02,dumper,2.25,0.906,0,0.0
2024-04-26,DEMO-01,DU-02,dumper,0.84,0.965,0,0.0
2024-04-27,DEMO-01,DU-02,dumper,2.51,0.896,0,0.0
2024-04-28,DEMO-01,DU-02,dumper,0.39,0.984,0,0.0
2024-04-29,DEMO-01,DU-02,dumper,0.86,0.964,0,0.0
2024-04-30,DEMO-01,DU-02,dumper,3.01,0.875,0,0.0
2024-05-01,DEMO-01,DU-02,dumper,0.89,0.963,0,0.0
2024-05-02,DEMO-01,DU-02,dumper,2.36,0.902,0,0.0
2024-05-03,DEMO-01,DU-02,dumper,1.9,0.921,0,0.0
2024-05-04,DEMO-01,DU-02,dumper,1.06,0.956,0,0.0
2024-05-05,DEMO-01,DU-02,dumper,0.74,0.969,0,0.0
2024-05-06,DEMO-01,DU-02,dumper,1.17,0.951,0,0.0
2024-05-07,DEMO-01,DU-02,dumper,0.96,0.96,0,0.0
2024-05-08,DEMO-01,DU-02,dumper,1.28,0.947,0,0.0
2024-05-09,DEMO-01,DU-02,dumper,1.13,0.953,0,0.0
2024-05-10,DEMO-01,DU-02,dumper,0.65,0.973,0,0.0
2024-05-11,DEMO-01,DU-02,dumper,1.5,0.938,0,0.0
2024-05-12,DEMO-01,DU-02,dumper,3.06,0.873,0,0.0
2024-05-13,DEMO-01,DU-02,dumper,1.81,0.925,0,0.0
2024-05-14,DEMO-01,DU-02,dumper,1.62,0.933,0,0.0
2024-05-15,DEMO-01,DU-02,dumper,0.75,0.969,0,0.0
2024-05-16,DEMO-01,DU-02,dumper,0.57,0.976,0,0.0
2024-05-17,DEMO-01,DU-02,dumper,1.0,0.958,0,0.0
2024-05-18,DEMO-01,DU-02,dumper,0.73,0.97,0,0.0
2024-05-19,DEMO-01,DU-02,dumper,0.55,0.977,0,0.0
2024-05-20,DEMO-01,DU-02,dumper,4.2,0.825,0,0.0
2024-05-21,DEMO-01,DU-02,dumper,0.1,0.996,0,0.0
2024-05-22,DEMO-01,DU-02,dumper,0.43,0.982,0,0.0
2024-05-23,DEMO-01,DU-02,dumper,1.88,0.922,0,0.0
2024-05-24,DEMO-01,DU-02,dumper,1.06,0.956,0,0.0
2024-05-25,DEMO-01,DU-02,dumper,0.65,0.973,0,0.0
2024-05-26,DEMO-01,DU-02,dumper,2.44,0.898,0,0.0
2024-05-27,DEMO-01,DU-02,dumper,2.31,0.904,0,0.0
2024-05-28,DEMO-01,DU-02,dumper,1.17,0.951,0,0.0
2024-05-29,DEMO-01,DU-02,dumper,5.43,0.774,1,4.71
2024-05-30,DEMO-01,DU-02,dumper,8.84,0.632,1,9.0
2024-05-31,DEMO-01,DU-02,dumper,8.88,0.63,1,9.59
2024-06-01,DEMO-01,DU-02,dumper,1.11,0.954,0,0.0
2024-06-02,DEMO-01,DU-02,dumper,0.4,0.983,0,0.0
2024-06-03,DEMO-01,DU-02,dumper,3.07,0.872,0,0.0
2024-06-04,DEMO-01,DU-02,dumper,1.27,0.947,0,0.0
2024-06-05,DEMO-01,DU-02,dumper,1.25,0.948,0,0.0
2024-06-06,DEMO-01,DU-02,dumper,0.12,0.995,0,0.0
2024-06-07,DEMO-01,DU-02,dumper,1.01,0.958,0,0.0
2024-06-08,DEMO-01,DU-02,dumper,1.84,0.924,0,0.0
2024-06-09,DEMO-01,DU-02,dumper,2.68,0.888,0,0.0
2024-06-10,DEMO-01,DU-02,dumper,4.7,0.804,0,0.0
2024-06-11,DEMO-01,DU-02,dumper,8.12,0.662,1,8.61
2024-06-12,DEMO-01,DU-02,dumper,2.08,0.913,0,0.0
2024-06-13,DEMO-01,DU-02,dumper,1.57,0.935,0,0.0
2024-06-14,DEMO-01,DU-02,dumper,1.03,0.957,0,0.0
2024-06-15,DEMO-01,DU-02,dumper,5.47,0.772,0,0.0
2024-06-16,DEMO-01,DU-02,dumper,2.25,0.906,0,0.0
2024-06-17,DEMO-01,DU-02,dumper,1.21,0.95,0,0.0
2024-06-18,DEMO-01,DU-02,dumper,4.52,0.812,0,0.0
2024-06-19,DEMO-01,DU-02,dumper,3.31,0.862,0,0.0
2024-06-20,DEMO-01,DU-02,dumper,4.8,0.8,0,0.0
2024-06-21,DEMO-01,DU-02,dumper,2.08,0.913,0,0.0
2024-06-22,DEMO-01,DU-02,dumper,2.32,0.903,0,0.0
2024-06-23,DEMO-01,DU-02,dumper,2.14,0.911,0,0.0
2024-06-24,DEMO-01,DU-02,dumper,3.87,0.839,0,0.0
2024-06-25,DEMO-01,DU-02,dumper,1.63,0.932,0,0.0
2024-06-26,DEMO-01,DU-02,dumper,3.15,0.869,0,0.0
2024-06-27,DEMO-01,DU-02,dumper,12.13,0.495,0,0.0
2024-06-28,DEMO-01,DU-02,dumper,2.61,0.891,0,0.0
2024-06-29,DEMO-01,DU-02,dumper,2.06,0.914,0,0.0
2024-06-30,DEMO-01,DU-02,dumper,1.67,0.93,0,0.0
2024-07-01,DEMO-01,DU-02,dumper,3.36,0.86,0,0.0
2024-07-02,DEMO-01,DU-02,dumper,3.92,0.837,0,0.0
2024-07-03,DEMO-01,DU-02,dumper,5.07,0.789,0,0.0
2024-07-04,DEMO-01,DU-02,dumper,1.59,0.934,0,0.0
2024-07-05,DEMO-01,DU-02,dumper,0.65,0.973,0,0.0
2024-07-06,DEMO-01,DU-02,dumper,8.71,0.637,0,0.0
2024-07-07,DEMO-01,DU-02,dumper,1.11,0.954,0,0.0
2024-07-08,DEMO-01,DU-02,dumper,5.94,0.753,0,0.0
2024-07-09,DEMO-01,DU-02,dumper,0.22,0.991,0,0.0
2024-07-10,DEMO-01,DU-02,dumper,6.64,0.723,0,0.0
2024-07-11,DEMO-01,DU-02,dumper,5.4,0.775,0,0.0
2024-07-12,DEMO-01,DU-02,dumper,2.18,0.909,0,0.0
2024-07-13,DEMO-01,DU-02,dumper,0.7,0.971,0,0.0
2024-07-14,DEMO-01,DU-02,dumper,3.41,0.858,0,0.0
2024-07-15,DEMO-01,DU-02,dumper,3.99,0.834,0,0.0
2024-07-16,DEMO-01,DU-02,dumper,0.6,0.975,0,0.0
2024-07-17,DEMO-01,DU-02,dumper,2.11,0.912,0,0.0
2024-07-18,DEMO-01,DU-02,dumper,5.56,0.768,0,0.0
2024-07-19,DEMO-01,DU-02,dumper,15.27,0.364,0,0.0
2024-07-20,DEMO-01,DU-02,dumper,1.57,0.934,0,0.0
2024-07-21,DEMO-01,DU-02,dumper,1.57,0.934,0,0.0
2024-07-22,DEMO-01,DU-02,dumper,1.14,0.953,0,0.0
2024-07-23,DEMO-01,DU-02,dumper,14.7,0.388,1,9.25
2024-07-24,DEMO-01,DU-02,dumper,3.83,0.841,0,0.0
2024-07-25,DEMO-01,DU-02,dumper,1.36,0.943,0,0.0
2024-07-26,DEMO-01,DU-02,dumper,2.94,0.877,0,0.0
2024-07-27,DEMO-01,DU-02,dumper,11.56,0.518,0,0.0
2024-07-28,DEMO-01,DU-02,dumper,1.97,0.918,0,0.0
2024-07-29,DEMO-01,DU-02,dumper,1.29,0.946,0,0.0
2024-07-30,DEMO-01,DU-02,dumper,9.16,0.618,0,0.0
2024-07-31,DEMO-01,DU-02,dumper,9.17,0.618,1,9.32
2024-08-01,DEMO-01,DU-02,dumper,3.73,0.845,0,0.0
2024-08-02,DEMO-01,DU-02,dumper,0.17,0.993,0,0.0
2024-08-03,DEMO-01,DU-02,dumper,1.43,0.94,0,0.0
2024-08-04,DEMO-01,DU-02,dumper,3.28,0.863,0,0.0
2024-08-05,DEMO-01,DU-02,dumper,3.65,0.848,0,0.0
2024-08-06,DEMO-01,DU-02,dumper,2.12,0.912,0,0.0
2024-08-07,DEMO-01,DU-02,dumper,4.02,0.832,0,0.0
2024-08-08,DEMO-01,DU-02,dumper,1.4,0.942,0,0.0
2024-08-09,DEMO-01,DU-02,dumper,10.98,0.542,0,0.0
2024-08-10,DEMO-01,DU-02,dumper,1.56,0.935,0,0.0
2024-08-11,DEMO-01,DU-02,dumper,0.69,0.971,0,0.0
2024-08-12,DEMO-01,DU-02,dumper,0.75,0.969,0,0.0
2024-08-13,DEMO-01,DU-02,dumper,3.27,0.864,0,0.0
2024-08-14,DEMO-01,DU-02,dumper,3.83,0.841,0,0.0
2024-08-15,DEMO-01,DU-02,dumper,1.12,0.954,0,0.0
2024-08-16,DEMO-01,DU-02,dumper,0.88,0.963,0,0.0
2024-08-17,DEMO-01,DU-02,dumper,0.67,0.972,0,0.0
2024-08-18,DEMO-01,DU-02,dumper,1.92,0.92,0,0.0
2024-08-19,DEMO-01,DU-02,dumper,1.12,0.953,0,0.0
2024-08-20,DEMO-01,DU-02,dumper,6.52,0.728,0,0.0
2024-08-21,DEMO-01,DU-02,dumper,1.69,0.93,0,0.0
2024-08-22,DEMO-01,DU-02,dumper,2.69,0.888,1,2.63
2024-08-23,DEMO-01,DU-02,dumper,3.96,0.835,0,0.0
2024-08-24,DEMO-01,DU-02,dumper,5.53,0.77,0,0.0
2024-08-25,DEMO-01,DU-02,dumper,6.17,0.743,0,0.0
2024-08-26,DEMO-01,DU-02,dumper,2.7,0.888,0,0.0
2024-08-27,DEMO-01,DU-02,dumper,1.45,0.939,0,0.0
2024-08-28,DEMO-01,DU-02,dumper,3.0,0.875,0,0.0
2024-08-29,DEMO-01,DU-02,dumper,3.67,0.847,0,0.0
2024-08-30,DEMO-01,DU-02,dumper,3.7,0.846,0,0.0
2024-08-31,DEMO-01,DU-02,dumper,2.35,0.902,0,0.0
2024-09-01,DEMO-01,DU-02,dumper,1.21,0.95,0,0.0
2024-09-02,DEMO-01,DU-02,dumper,6.83,0.715,0,0.0
2024-09-03,DEMO-01,DU-02,dumper,1.77,0.926,0,0.0
2024-09-04,DEMO-01,DU-02,dumper,5.71,0.762,1,5.22
2024-09-05,DEMO-01,DU-02,dumper,7.02,0.708,1,6.66
2024-09-06,DEMO-01,DU-02,dumper,1.13,0.953,0,0.0
2024-09-07,DEMO-01,DU-02,dumper,0.33,0.986,0,0.0
2024-09-08,DEMO-01,DU-02,dumper,7.19,0.701,1,8.19
2024-09-09,DEMO-01,DU-02,dumper,1.97,0.918,0,0.0
2024-09-10,DEMO-01,DU-02,dumper,2.98,0.876,0,0.0
2024-09-11,DEMO-01,DU-02,dumper,9.02,0.624,1,9.53
2024-09-12,DEMO-01,DU-02,dumper,2.76,0.885,0,0.0
2024-09-13,DEMO-01,DU-02,dumper,0.52,0.979,0,0.0
2024-09-14,DEMO-01,DU-02,dumper,4.38,0.817,1,2.82
2024-09-15,DEMO-01,DU-02,dumper,0.6,0.975,0,0.0
2024-09-16,DEMO-01,DU-02,dumper,2.81,0.883,0,0.0
2024-09-17,DEMO-01,DU-02,dumper,0.83,0.965,0,0.0
2024-09-18,DEMO-01,DU-02,dumper,0.7,0.971,0,0.0
2024-09-19,DEMO-01,DU-02,dumper,2.01,0.916,0,0.0
2024-09-20,DEMO-01,DU-02,dumper,4.08,0.83,1,3.97
2024-09-21,DEMO-01,DU-02,dumper,2.85,0.881,0,0.0
2024-09-22,DEMO-01,DU-02,dumper,1.75,0.927,0,0.0
2024-09-23,DEMO-01,DU-02,dumper,4.05,0.831,1,4.07
2024-09-24,DEMO-01,DU-02,dumper,0.73,0.97,0,0.0
2024-09-25,DEMO-01,DU-02,dumper,0.33,0.986,0,0.0
2024-09-26,DEMO-01,DU-02,dumper,1.77,0.926,0,0.0
2024-09-27,DEMO-01,DU-02,dumper,1.65,0.931,0,0.0
2024-09-28,DEMO-01,DU-02,dumper,0.28,0.988,0,0.0
2024-09-29,DEMO-01,DU-02,dumper,2.35,0.902,0,0.0
2024-09-30,DEMO-01,DU-02,dumper,0.84,0.965,0,0.0
2024-10-01,DEMO-01,DU-02,dumper,1.74,0.927,0,0.0
2024-10-02,DEMO-01,DU-02,dumper,1.91,0.92,0,0.0
2024-10-03,DEMO-01,DU-02,dumper,3.27,0.864,0,0.0
2024-10-04,DEMO-01,DU-02,dumper,0.3,0.987,0,0.0
2024-10-05,DEMO-01,DU-02,dumper,2.69,0.888,0,0.0
2024-10-06,DEMO-01,DU-02,dumper,1.95,0.919,0,0.0
2024-10-07,DEMO-01,DU-02,dumper,2.31,0.904,0,0.0
2024-10-08,DEMO-01,DU-02,dumper,0.76,0.968,0,0.0
2024-10-09,DEMO-01,DU-02,dumper,1.94,0.919,0,0.0
2024-10-10,DEMO-01,DU-02,dumper,2.11,0.912,0,0.0
2024-10-11,DEMO-01,DU-02,dumper,3.45,0.856,1,3.26
2024-10-12,DEMO-01,DU-02,dumper,0.8,0.966,0,0.0
2024-10-13,DEMO-01,DU-02,dumper,0.78,0.968,0,0.0
2024-10-14,DEMO-01,DU-02,dumper,2.45,0.898,0,0.0
2024-10-15,DEMO-01,DU-02,dumper,1.57,0.934,0,0.0
2024-10-16,DEMO-01,DU-02,dumper,1.93,0.919,0,0.0
2024-10-17,DEMO-01,DU-02,dumper,0.36,0.985,0,0.0
2024-10-18,DEMO-01,DU-02,dumper,0.39,0.984,0,0.0
2024-10-19,DEMO-01,DU-02,dumper,1.47,0.939,0,0.0
2024-10-20,DEMO-01,DU-02,dumper,0.07,0.997,0,0.0
2024-10-21,DEMO-01,DU-02,dumper,1.13,0.953,0,0.0
2024-10-22,DEMO-01,DU-02,dumper,1.92,0.92,0,0.0
2024-10-23,DEMO-01,DU-02,dumper,0.67,0.972,0,0.0
2024-10-24,DEMO-01,DU-02,dumper,3.98,0.834,0,0.0
2024-10-25,DEMO-01,DU-02,dumper,2.14,0.911,0,0.0
2024-10-26,DEMO-01,DU-02,dumper,2.54,0.894,0,0.0
2024-10-27,DEMO-01,DU-02,dumper,3.27,0.864,0,0.0
2024-10-28,DEMO-01,DU-02,dumper,0.48,0.98,0,0.0
2024-10-29,DEMO-01,DU-02,dumper,1.43,0.94,0,0.0
2024-10-30,DEMO-01,DU-02,dumper,2.01,0.916,0,0.0
2024-10-31,DEMO-01,DU-02,dumper,1.0,0.958,0,0.0
2024-11-01,DEMO-01,DU-02,dumper,0.4,0.983,0,0.0
2024-11-02,DEMO-01,DU-02,dumper,0.21,0.991,0,0.0
2024-11-03,DEMO-01,DU-02,dumper,1.81,0.924,0,0.0
2024-11-04,DEMO-01,DU-02,dumper,1.28,0.947,0,0.0
2024-11-05,DEMO-01,DU-02,dumper,4.13,0.828,1,4.38
2024-11-06,DEMO-01,DU-02,dumper,0.62,0.974,0,0.0
2024-11-07,DEMO-01,DU-02,dumper,1.84,0.923,0,0.0
2024-11-08,DEMO-01,DU-02,dumper,0.8,0.967,0,0.0
2024-11-09,DEMO-01,DU-02,dumper,4.29,0.821,1,3.49
2024-11-10,DEMO-01,DU-02,dumper,1.91,0.92,0,0.0
2024-11-11,DEMO-01,DU-02,dumper,1.8,0.925,0,0.0
2024-11-12,DEMO-01,DU-02,dumper,0.47,0.981,0,0.0
2024-11-13,DEMO-01,DU-02,dumper,1.12,0.953,0,0.0
2024-11-14,DEMO-01,DU-02,dumper,0.11,0.995,0,0.0
2024-11-15,DEMO-01,DU-02,dumper,1.01,0.958,0,0.0
2024-11-16,DEMO-01,DU-02,dumper,1.15,0.952,0,0.0
2024-11-17,DEMO-01,DU-02,dumper,0.21,0.991,0,0.0
2024-11-18,DEMO-01,DU-02,dumper,0.64,0.973,0,0.0
2024-11-19,DEMO-01,DU-02,dumper,0.77,0.968,0,0.0
2024-11-20,DEMO-01,DU-02,dumper,2.53,0.895,0,0.0
2024-11-21,DEMO-01,DU-02,dumper,0.43,0.982,0,0.0
2024-11-22,DEMO-01,DU-02,dumper,1.09,0.954,0,0.0
2024-11-23,DEMO-01,DU-02,dumper,1.28,0.947,0,0.0
2024-11-24,DEMO-01,DU-02,dumper,0.78,0.967,0,0.0
2024-11-25,DEMO-01,DU-02,dumper,1.85,0.923,0,0.0
2024-11-26,DEMO-01,DU-02,dumper,1.82,0.924,0,0.0
2024-11-27,DEMO-01,DU-02,dumper,1.93,0.92,0,0.0
2024-11-28,DEMO-01,DU-02,dumper,1.4,0.942,0,0.0
2024-11-29,DEMO-01,DU-02,dumper,7.61,0.683,1,7.92
2024-11-30,DEMO-01,DU-02,dumper,0.62,0.974,0,0.0
2024-12-01,DEMO-01,DU-02,dumper,0.4,0.983,0,0.0
2024-12-02,DEMO-01,DU-02,dumper,1.62,0.933,0,0.0
2024-12-03,DEMO-01,DU-02,dumper,1.64,0.932,0,0.0
2024-12-04,DEMO-01,DU-02,dumper,1.34,0.944,0,0.0
2024-12-05,DEMO-01,DU-02,dumper,7.53,0.686,1,7.58
2024-12-06,DEMO-01,DU-02,dumper,0.61,0.975,0,0.0
2024-12-07,DEMO-01,DU-02,dumper,1.94,0.919,0,0.0
2024-12-08,DEMO-01,DU-02,dumper,1.69,0.93,0,0.0
2024-12-09,DEMO-01,DU-02,dumper,1.45,0.94,0,0.0
2024-12-10,DEMO-01,DU-02,dumper,5.36,0.777,0,0.0
2024-12-11,DEMO-01,DU-02,dumper,1.31,0.946,0,0.0
2024-12-12,DEMO-01,DU-02,dumper,0.25,0.989,0,0.0
2024-12-13,DEMO-01,DU-02,dumper,1.44,0.94,0,0.0
2024-12-14,DEMO-01,DU-02,dumper,0.8,0.967,0,0.0
2024-12-15,DEMO-01,DU-02,dumper,2.83,0.882,0,0.0
2024-12-16,DEMO-01,DU-02,dumper,0.78,0.967,0,0.0
2024-12-17,DEMO-01,DU-02,dumper,0.73,0.97,0,0.0
2024-12-18,DEMO-01,DU-02,dumper,9.1,0.621,1,9.37
2024-12-19,DEMO-01,DU-02,dumper,3.7,0.846,1,3.63
2024-12-20,DEMO-01,DU-02,dumper,3.22,0.866,0,0.0
2024-12-21,DEMO-01,DU-02,dumper,0.59,0.976,0,0.0
2024-12-22,DEMO-01,DU-02,dumper,1.02,0.957,0,0.0
2024-12-23,DEMO-01,DU-02,dumper,1.29,0.946,0,0.0
2024-12-24,DEMO-01,DU-02,dumper,1.59,0.934,0,0.0
2024-12-25,DEMO-01,DU-02,dumper,2.15,0.91,0,0.0
2024-12-26,DEMO-01,DU-02,dumper,0.82,0.966,0,0.0
2024-12-27,DEMO-01,DU-02,dumper,1.09,0.955,0,0.0
2024-12-28,DEMO-01,DU-02,dumper,0.34,0.986,0,0.0
2024-12-29,DEMO-01,DU-02,dumper,3.52,0.853,0,0.0
2024-12-30,DEMO-01,DU-02,dumper,0.29,0.988,0,0.0
2024-12-31,DEMO-01,DU-02,dumper,0.92,0.962,0,0.0
2025-01-01,DEMO-01,DU-02,dumper,0.67,0.972,0,0.0
2025-01-02,DEMO-01,DU-02,dumper,2.75,0.885,0,0.0
2025-01-03,DEMO-01,DU-02,dumper,1.58,0.934,0,0.0
2025-01-04,DEMO-01,DU-02,dumper,1.05,0.956,0,0.0
2025-01-05,DEMO-01,DU-02,dumper,1.59,0.934,0,0.0
2025-01-06,DEMO-01,DU-02,dumper,2.68,0.888,0,0.0
2025-01-07,DEMO-01,DU-02,dumper,8.7,0.638,1,9.57
2025-01-08,DEMO-01,DU-02,dumper,1.24,0.948,0,0.0
2025-01-09,DEMO-01,DU-02,dumper,0.31,0.987,0,0.0
2025-01-10,DEMO-01,DU-02,dumper,0.32,0.987,0,0.0
2025-01-11,DEMO-01,DU-02,dumper,2.15,0.91,0,0.0
2025-01-12,DEMO-01,DU-02,dumper,1.04,0.956,0,0.0
2025-01-13,DEMO-01,DU-02,dumper,1.8,0.925,0,0.0
2025-01-14,DEMO-01,DU-02,dumper,2.94,0.878,1,3.17
2025-01-15,DEMO-01,DU-02,dumper,0.37,0.984,0,0.0
2025-01-16,DEMO-01,DU-02,dumper,1.22,0.949,0,0.0
2025-01-17,DEMO-01,DU-02,dumper,0.96,0.96,0,0.0
2025-01-18,DEMO-01,DU-02,dumper,1.36,0.943,0,0.0
2025-01-19,DEMO-01,DU-02,dumper,0.29,0.988,0,0.0
2025-01-20,DEMO-01,DU-02,dumper,0.98,0.959,0,0.0
2025-01-21,DEMO-01,DU-02,dumper,0.35,0.985,0,0.0
2025-01-22,DEMO-01,DU-02,dumper,1.93,0.92,0,0.0
2025-01-23,DEMO-01,DU-02,dumper,1.37,0.943,0,0.0
2025-01-24,DEMO-01,DU-02,dumper,0.78,0.967,0,0.0
2025-01-25,DEMO-01,DU-02,dumper,2.02,0.916,0,0.0
2025-01-26,DEMO-01,DU-02,dumper,1.99,0.917,0,0.0
2025-01-27,DEMO-01,DU-02,dumper,0.51,0.979,0,0.0
2025-01-28,DEMO-01,DU-02,dumper,1.04,0.957,0,0.0
2025-01-29,DEMO-01,DU-02,dumper,0.62,0.974,0,0.0
2025-01-30,DEMO-01,DU-02,dumper,6.05,0.748,0,0.0
2025-01-31,DEMO-01,DU-02,dumper,0.76,0.968,0,0.0
2025-02-01,DEMO-01,DU-02,dumper,0.4,0.983,0,0.0
2025-02-02,DEMO-01,DU-02,dumper,1.09,0.954,0,0.0
2025-02-03,DEMO-01,DU-02,dumper,3.51,0.854,1,1.96
2025-02-04,DEMO-01,DU-02,dumper,1.81,0.925,0,0.0
2025-02-05,DEMO-01,DU-02,dumper,3.03,0.874,0,0.0
2025-02-06,DEMO-01,DU-02,dumper,7.12,0.703,1,7.36
2025-02-07,DEMO-01,DU-02,dumper,0.2,0.992,0,0.0
2025-02-08,DEMO-01,DU-02,dumper,1.67,0.93,0,0.0
2025-02-09,DEMO-01,DU-02,dumper,2.52,0.895,0,0.0
2025-02-10,DEMO-01,DU-02,dumper,1.47,0.939,0,0.0
2025-02-11,DEMO-01,DU-02,dumper,9.05,0.623,1,7.36
2025-02-12,DEMO-01,DU-02,dumper,0.94,0.961,0,0.0
2025-02-13,DEMO-01,DU-02,dumper,2.2,0.908,0,0.0
2025-02-14,DEMO-01,DU-02,dumper,0.36,0.985,0,0.0
2025-02-15,DEMO-01,DU-02,dumper,1.11,0.954,0,0.0
2025-02-16,DEMO-01,DU-02,dumper,0.33,0.986,0,0.0
2025-02-17,DEMO-01,DU-02,dumper,0.22,0.991,0,0.0
2025-02-18,DEMO-01,DU-02,dumper,0.88,0.963,0,0.0
2025-02-19,DEMO-01,DU-02,dumper,1.48,0.938,0,0.0
2025-02-20,DEMO-01,DU-02,dumper,2.28,0.905,0,0.0
2025-02-21,DEMO-01,DU-02,dumper,1.28,0.947,0,0.0
2025-02-22,DEMO-01,DU-02,dumper,1.24,0.948,0,0.0
2025-02-23,DEMO-01,DU-02,dumper,1.56,0.935,0,0.0
2025-02-24,DEMO-01,DU-02,dumper,2.46,0.898,1,2.06
2025-02-25,DEMO-01,DU-02,dumper,1.39,0.942,0,0.0
2025-02-26,DEMO-01,DU-02,dumper,3.45,0.856,0,0.0
2025-02-27,DEMO-01,DU-02,dumper,1.2,0.95,0,0.0
2025-02-28,DEMO-01,DU-02,dumper,1.27,0.947,0,0.0
2025-03-01,DEMO-01,DU-02,dumper,0.63,0.974,0,0.0
2025-03-02,DEMO-01,DU-02,dumper,0.25,0.99,0,0.0
2025-03-03,DEMO-01,DU-02,dumper,2.63,0.891,0,0.0
2025-03-04,DEMO-01,DU-02,dumper,3.1,0.871,0,0.0
2025-03-05,DEMO-01,DU-02,dumper,2.03,0.915,0,0.0
2025-03-06,DEMO-01,DU-02,dumper,7.39,0.692,1,8.18
2025-03-07,DEMO-01,DU-02,dumper,0.35,0.985,0,0.0
2025-03-08,DEMO-01,DU-02,dumper,3.96,0.835,0,0.0
2025-03-09,DEMO-01,DU-02,dumper,0.52,0.978,0,0.0
2025-03-10,DEMO-01,DU-02,dumper,8.08,0.663,1,8.96
2025-03-11,DEMO-01,DU-02,dumper,0.47,0.981,0,0.0
2025-03-12,DEMO-01,DU-02,dumper,0.27,0.989,0,0.0
2025-03-13,DEMO-01,DU-02,dumper,2.08,0.913,0,0.0
2025-03-14,DEMO-01,DU-02,dumper,1.03,0.957,0,0.0
2025-03-15,DEMO-01,DU-02,dumper,1.5,0.938,0,0.0
2025-03-16,DEMO-01,DU-02,dumper,1.77,0.926,0,0.0
2025-03-17,DEMO-01,DU-02,dumper,1.16,0.952,0,0.0
2025-03-18,DEMO-01,DU-02,dumper,3.0,0.875,0,0.0
2025-03-19,DEMO-01,DU-02,dumper,0.46,0.981,0,0.0
2025-03-20,DEMO-01,DU-02,dumper,5.1,0.788,1,2.98
2025-03-21,DEMO-01,DU-02,dumper,8.4,0.65,1,6.3
2025-03-22,DEMO-01,DU-02,dumper,1.18,0.951,0,0.0
2025-03-23,DEMO-01,DU-02,dumper,1.17,0.951,0,0.0
2025-03-24,DEMO-01,DU-02,dumper,0.41,0.983,0,0.0
2025-03-25,DEMO-01,DU-02,dumper,0.49,0.98,0,0.0
2025-03-26,DEMO-01,DU-02,dumper,10.94,0.544,1,9.75
2025-03-27,DEMO-01,DU-02,dumper,0.31,0.987,0,0.0
2025-03-28,DEMO-01,DU-02,dumper,0.76,0.968,0,0.0
2025-03-29,DEMO-01,DU-02,dumper,0.6,0.975,0,0.0
2025-03-30,DEMO-01,DU-02,dumper,1.38,0.942,0,0.0
2025-03-31,DEMO-01,DU-02,dumper,0.24,0.99,0,0.0
2025-04-01,DEMO-01,DU-02,dumper,0.67,0.972,0,0.0
2025-04-02,DEMO-01,DU-02,dumper,4.65,0.806,1,4.21
2025-04-03,DEMO-01,DU-02,dumper,0.74,0.969,0,0.0
2025-04-04,DEMO-01,DU-02,dumper,1.15,0.952,0,0.0
2025-04-05,DEMO-01,DU-02,dumper,1.41,0.941,0,0.0
2025-04-06,DEMO-01,DU-02,dumper,1.79,0.926,0,0.0
2025-04-07,DEMO-01,DU-02,dumper,1.1,0.954,0,0.0
2025-04-08,DEMO-01,DU-02,dumper,1.02,0.958,0,0.0
2025-04-09,DEMO-01,DU-02,dumper,0.75,0.969,0,0.0
2025-04-10,DEMO-01,DU-02,dumper,1.17,0.951,0,0.0
2025-04-11,DEMO-01,DU-02,dumper,0.94,0.961,0,0.0
2025-04-12,DEMO-01,DU-02,dumper,0.41,0.983,0,0.0
2025-04-13,DEMO-01,DU-02,dumper,3.24,0.865,0,0.0
2025-04-14,DEMO-01,DU-02,dumper,0.27,0.989,0,0.0
2025-04-15,DEMO-01,DU-02,dumper,1.38,0.943,0,0.0
2025-04-16,DEMO-01,DU-02,dumper,2.05,0.914,0,0.0
2025-04-17,DEMO-01,DU-02,dumper,6.44,0.732,1,5.83
2025-04-18,DEMO-01,DU-02,dumper,8.11,0.662,1,7.79
2025-04-19,DEMO-01,DU-02,dumper,1.17,0.951,0,0.0
2025-04-20,DEMO-01,DU-02,dumper,1.11,0.954,0,0.0
2025-04-21,DEMO-01,DU-02,dumper,6.06,0.747,1,4.24
2025-04-22,DEMO-01,DU-02,dumper,1.65,0.931,0,0.0
2025-04-23,DEMO-01,DU-02,dumper,0.27,0.989,0,0.0
2025-04-24,DEMO-01,DU-02,dumper,1.09,0.954,0,0.0
2025-04-25,DEMO-01,DU-02,dumper,0.35,0.985,0,0.0
2025-04-26,DEMO-01,DU-02,dumper,0.39,0.984,0,0.0
2025-04-27,DEMO-01,DU-02,dumper,0.16,0.993,0,0.0
2025-04-28,DEMO-01,DU-02,dumper,0.52,0.978,0,0.0
2025-04-29,DEMO-01,DU-02,dumper,0.2,0.992,0,0.0
2025-04-30,DEMO-01,DU-02,dumper,0.43,0.982,0,0.0
2025-05-01,DEMO-01,DU-02,dumper,5.1,0.788,1,4.16
2025-05-02,DEMO-01,DU-02,dumper,5.12,0.787,1,5.21
2025-05-03,DEMO-01,DU-02,dumper,0.22,0.991,0,0.0
2025-05-04,DEMO-01,DU-02,dumper,0.66,0.972,0,0.0
2025-05-05,DEMO-01,DU-02,dumper,0.69,0.971,0,0.0
2025-05-06,DEMO-01,DU-02,dumper,2.51,0.895,0,0.0
2025-05-07,DEMO-01,DU-02,dumper,1.37,0.943,0,0.0
2025-05-08,DEMO-01,DU-02,dumper,1.71,0.929,0,0.0
2025-05-09,DEMO-01,DU-02,dumper,0.84,0.965,0,0.0
2025-05-10,DEMO-01,DU-02,dumper,0.35,0.985,0,0.0
2025-05-11,DEMO-01,DU-02,dumper,7.11,0.704,1,6.73
2025-05-12,DEMO-01,DU-02,dumper,1.84,0.923,0,0.0
2025-05-13,DEMO-01,DU-02,dumper,0.39,0.984,0,0.0
2025-05-14,DEMO-01,DU-02,dumper,1.8,0.925,0,0.0
2025-05-15,DEMO-01,DU-02,dumper,1.98,0.918,0,0.0
2025-05-16,DEMO-01,DU-02,dumper,1.0,0.958,0,0.0
2025-05-17,DEMO-01,DU-02,dumper,0.56,0.977,0,0.0
2025-05-18,DEMO-01,DU-02,dumper,0.37,0.985,0,0.0
2025-05-19,DEMO-01,DU-02,dumper,0.32,0.986,0,0.0
2025-05-20,DEMO-01,DU-02,dumper,2.08,0.913,0,0.0
2025-05-21,DEMO-01,DU-02,dumper,0.4,0.983,0,0.0
2025-05-22,DEMO-01,DU-02,dumper,1.1,0.954,0,0.0
2025-05-23,DEMO-01,DU-02,dumper,1.24,0.948,0,0.0
2025-05-24,DEMO-01,DU-02,dumper,3.77,0.843,1,4.06
2025-05-25,DEMO-01,DU-02,dumper,1.93,0.92,0,0.0
2025-05-26,DEMO-01,DU-02,dumper,1.39,0.942,0,0.0
2025-05-27,DEMO-01,DU-02,dumper,0.87,0.964,0,0.0
2025-05-28,DEMO-01,DU-02,dumper,1.55,0.935,0,0.0
2025-05-29,DEMO-01,DU-02,dumper,2.05,0.914,0,0.0
2025-05-30,DEMO-01,DU-02,dumper,1.83,0.924,0,0.0
2025-05-31,DEMO-01,DU-02,dumper,1.27,0.947,0,0.0
2025-06-01,DEMO-01,DU-02,dumper,1.41,0.941,0,0.0
2025-06-02,DEMO-01,DU-02,dumper,5.95,0.752,0,0.0
2025-06-03,DEMO-01,DU-02,dumper,4.14,0.827,0,0.0
2025-06-04,DEMO-01,DU-02,dumper,0.36,0.985,0,0.0
2025-06-05,DEMO-01,DU-02,dumper,5.41,0.775,0,0.0
2025-06-06,DEMO-01,DU-02,dumper,2.4,0.9,0,0.0
2025-06-07,DEMO-01,DU-02,dumper,3.92,0.837,0,0.0
2025-06-08,DEMO-01,DU-02,dumper,0.85,0.965,0,0.0
2025-06-09,DEMO-01,DU-02,dumper,1.83,0.924,0,0.0
2025-06-10,DEMO-01,DU-02,dumper,5.94,0.753,1,6.54
2025-06-11,DEMO-01,DU-02,dumper,5.02,0.791,1,2.1
2025-06-12,DEMO-01,DU-02,dumper,2.53,0.895,0,0.0
2025-06-13,DEMO-01,DU-02,dumper,3.75,0.844,0,0.0
2025-06-14,DEMO-01,DU-02,dumper,5.89,0.755,0,0.0
2025-06-15,DEMO-01,DU-02,dumper,0.54,0.977,0,0.0
2025-06-16,DEMO-01,DU-02,dumper,0.99,0.959,0,0.0
2025-06-17,DEMO-01,DU-02,dumper,1.64,0.932,0,0.0
2025-06-18,DEMO-01,DU-02,dumper,0.82,0.966,0,0.0
2025-06-19,DEMO-01,DU-02,dumper,1.16,0.952,0,0.0
2025-06-20,DEMO-01,DU-02,dumper,2.47,0.897,0,0.0
2025-06-21,DEMO-01,DU-02,dumper,7.58,0.684,0,0.0
2025-06-22,DEMO-01,DU-02,dumper,3.68,0.847,0,0.0
2025-06-23,DEMO-01,DU-02,dumper,0.39,0.984,0,0.0
2025-06-24,DEMO-01,DU-02,dumper,7.75,0.677,0,0.0
2025-06-25,DEMO-01,DU-02,dumper,2.86,0.881,0,0.0
2025-06-26,DEMO-01,DU-02,dumper,9.76,0.593,0,0.0
2025-06-27,DEMO-01,DU-02,dumper,0.54,0.977,0,0.0
2025-06-28,DEMO-01,DU-02,dumper,3.14,0.869,0,0.0
2025-06-29,DEMO-01,DU-02,dumper,0.31,0.987,0,0.0
2025-06-30,DEMO-01,DU-02,dumper,3.74,0.844,0,0.0
2025-07-01,DEMO-01,DU-02,dumper,1.42,0.941,0,0.0
2025-07-02,DEMO-01,DU-02,dumper,1.9,0.921,0,0.0
2025-07-03,DEMO-01,DU-02,dumper,1.42,0.941,0,0.0
2025-07-04,DEMO-01,DU-02,dumper,11.18,0.534,0,0.0
2025-07-05,DEMO-01,DU-02,dumper,7.46,0.689,0,0.0
2025-07-06,DEMO-01,DU-02,dumper,0.82,0.966,0,0.0
2025-07-07,DEMO-01,DU-02,dumper,3.72,0.845,0,0.0
2025-07-08,DEMO-01,DU-02,dumper,5.85,0.756,0,0.0
2025-07-09,DEMO-01,DU-02,dumper,0.88,0.963,0,0.0
2025-07-10,DEMO-01,DU-02,dumper,1.01,0.958,0,0.0
2025-07-11,DEMO-01,DU-02,dumper,4.3,0.821,0,0.0
2025-07-12,DEMO-01,DU-02,dumper,5.5,0.771,1,1.54
2025-07-13,DEMO-01,DU-02,dumper,2.63,0.891,0,0.0
2025-07-14,DEMO-01,DU-02,dumper,4.05,0.831,0,0.0
2025-07-15,DEMO-01,DU-02,dumper,3.6,0.85,0,0.0
2025-07-16,DEMO-01,DU-02,dumper,5.43,0.774,0,0.0
2025-07-17,DEMO-01,DU-02,dumper,4.52,0.812,0,0.0
2025-07-18,DEMO-01,DU-02,dumper,6.98,0.709,0,0.0
2025-07-19,DEMO-01,DU-02,dumper,1.0,0.958,0,0.0
2025-07-20,DEMO-01,DU-02,dumper,2.69,0.888,0,0.0
2025-07-21,DEMO-01,DU-02,dumper,0.67,0.972,0,0.0
2025-07-22,DEMO-01,DU-02,dumper,1.02,0.957,0,0.0
2025-07-23,DEMO-01,DU-02,dumper,1.51,0.937,0,0.0
2025-07-24,DEMO-01,DU-02,dumper,2.06,0.914,0,0.0
2025-07-25,DEMO-01,DU-02,dumper,2.03,0.915,0,0.0
2025-07-26,DEMO-01,DU-02,dumper,2.01,0.916,0,0.0
2025-07-27,DEMO-01,DU-02,dumper,3.91,0.837,0,0.0
2025-07-28,DEMO-01,DU-02,dumper,6.2,0.742,0,0.0
2025-07-29,DEMO-01,DU-02,dumper,6.16,0.743,0,0.0
2025-07-30,DEMO-01,DU-02,dumper,7.73,0.678,0,0.0
2025-07-31,DEMO-01,DU-02,dumper,0.34,0.986,0,0.0
2025-08-01,DEMO-01,DU-02,dumper,1.96,0.918,0,0.0
2025-08-02,DEMO-01,DU-02,dumper,5.11,0.787,0,0.0
2025-08-03,DEMO-01,DU-02,dumper,5.98,0.751,1,3.34
2025-08-04,DEMO-01,DU-02,dumper,4.06,0.831,0,0.0
2025-08-05,DEMO-01,DU-02,dumper,1.36,0.944,0,0.0
2025-08-06,DEMO-01,DU-02,dumper,1.71,0.929,0,0.0
2025-08-07,DEMO-01,DU-02,dumper,6.68,0.721,0,0.0
2025-08-08,DEMO-01,DU-02,dumper,3.2,0.867,0,0.0
2025-08-09,DEMO-01,DU-02,dumper,1.61,0.933,0,0.0
2025-08-10,DEMO-01,DU-02,dumper,7.5,0.687,0,0.0
2025-08-11,DEMO-01,DU-02,dumper,1.84,0.924,0,0.0
2025-08-12,DEMO-01,DU-02,dumper,1.05,0.956,0,0.0
2025-08-13,DEMO-01,DU-02,dumper,2.11,0.912,0,0.0
2025-08-14,DEMO-01,DU-02,dumper,2.4,0.9,0,0.0
2025-08-15,DEMO-01,DU-02,dumper,9.23,0.615,0,0.0
2025-08-16,DEMO-01,DU-02,dumper,1.11,0.954,0,0.0
2025-08-17,DEMO-01,DU-02,dumper,7.19,0.7,0,0.0
2025-08-18,DEMO-01,DU-02,dumper,1.55,0.935,0,0.0
2025-08-19,DEMO-01,DU-02,dumper,7.66,0.681,0,0.0
2025-08-20,DEMO-01,DU-02,dumper,1.5,0.938,0,0.0
2025-08-21,DEMO-01,DU-02,dumper,4.46,0.814,0,0.0
2025-08-22,DEMO-01,DU-02,dumper,0.56,0.976,0,0.0
2025-08-23,DEMO-01,DU-02,dumper,0.83,0.965,0,0.0
2025-08-24,DEMO-01,DU-02,dumper,3.73,0.844,0,0.0
2025-08-25,DEMO-01,DU-02,dumper,0.38,0.984,0,0.0
2025-08-26,DEMO-01,DU-02,dumper,0.73,0.97,0,0.0
2025-08-27,DEMO-01,DU-02,dumper,0.71,0.971,0,0.0
2025-08-28,DEMO-01,DU-02,dumper,1.23,0.949,0,0.0
2025-08-29,DEMO-01,DU-02,dumper,0.47,0.98,0,0.0
2025-08-30,DEMO-01,DU-02,dumper,3.91,0.837,0,0.0
2025-08-31,DEMO-01,DU-02,dumper,6.21,0.741,1,2.27
2025-09-01,DEMO-01,DU-02,dumper,1.87,0.922,0,0.0
2025-09-02,DEMO-01,DU-02,dumper,2.85,0.881,0,0.0
2025-09-03,DEMO-01,DU-02,dumper,0.78,0.968,0,0.0
2025-09-04,DEMO-01,DU-02,dumper,0.42,0.983,0,0.0
2025-09-05,DEMO-01,DU-02,dumper,5.29,0.779,0,0.0
2025-09-06,DEMO-01,DU-02,dumper,1.04,0.957,0,0.0
2025-09-07,DEMO-01,DU-02,dumper,0.44,0.982,0,0.0
2025-09-08,DEMO-01,DU-02,dumper,1.69,0.93,0,0.0
2025-09-09,DEMO-01,DU-02,dumper,1.65,0.931,0,0.0
2025-09-10,DEMO-01,DU-02,dumper,2.58,0.893,0,0.0
2025-09-11,DEMO-01,DU-02,dumper,0.16,0.993,0,0.0
2025-09-12,DEMO-01,DU-02,dumper,0.26,0.989,0,0.0
2025-09-13,DEMO-01,DU-02,dumper,2.92,0.878,0,0.0
2025-09-14,DEMO-01,DU-02,dumper,3.5,0.854,0,0.0
2025-09-15,DEMO-01,DU-02,dumper,1.39,0.942,0,0.0
2025-09-16,DEMO-01,DU-02,dumper,1.47,0.939,0,0.0
2025-09-17,DEMO-01,DU-02,dumper,0.88,0.963,0,0.0
2025-09-18,DEMO-01,DU-02,dumper,2.46,0.897,0,0.0
2025-09-19,DEMO-01,DU-02,dumper,0.79,0.967,0,0.0
2025-09-20,DEMO-01,DU-02,dumper,0.85,0.964,0,0.0
2025-09-21,DEMO-01,DU-02,dumper,0.51,0.979,0,0.0
2025-09-22,DEMO-01,DU-02,dumper,0.96,0.96,0,0.0
2025-09-23,DEMO-01,DU-02,dumper,2.66,0.889,0,0.0
2025-09-24,DEMO-01,DU-02,dumper,2.32,0.903,0,0.0
2025-09-25,DEMO-01,DU-02,dumper,1.77,0.926,0,0.0
2025-09-26,DEMO-01,DU-02,dumper,0.86,0.964,0,0.0
2025-09-27,DEMO-01,DU-02,dumper,1.51,0.937,0,0.0
2025-09-28,DEMO-01,DU-02,dumper,2.35,0.902,0,0.0
2025-09-29,DEMO-01,DU-02,dumper,1.98,0.917,0,0.0
2025-09-30,DEMO-01,DU-02,dumper,1.38,0.942,0,0.0
2025-10-01,DEMO-01,DU-02,dumper,1.1,0.954,0,0.0
2025-10-02,DEMO-01,DU-02,dumper,1.47,0.939,0,0.0
2025-10-03,DEMO-01,DU-02,dumper,1.87,0.922,0,0.0
2025-10-04,DEMO-01,DU-02,dumper,2.35,0.902,0,0.0
2025-10-05,DEMO-01,DU-02,dumper,2.64,0.89,0,0.0
2025-10-06,DEMO-01,DU-02,dumper,1.2,0.95,0,0.0
2025-10-07,DEMO-01,DU-02,dumper,1.28,0.947,0,0.0
2025-10-08,DEMO-01,DU-02,dumper,1.0,0.958,0,0.0
2025-10-09,DEMO-01,DU-02,dumper,0.97,0.96,0,0.0
2025-10-10,DEMO-01,DU-02,dumper,1.07,0.955,0,0.0
2025-10-11,DEMO-01,DU-02,dumper,1.39,0.942,0,0.0
2025-10-12,DEMO-01,DU-02,dumper,0.41,0.983,0,0.0
2025-10-13,DEMO-01,DU-02,dumper,1.09,0.954,0,0.0
2025-10-14,DEMO-01,DU-02,dumper,0.54,0.977,0,0.0
2025-10-15,DEMO-01,DU-02,dumper,6.54,0.728,1,6.63
2025-10-16,DEMO-01,DU-02,dumper,7.33,0.695,1,5.26
2025-10-17,DEMO-01,DU-02,dumper,0.72,0.97,0,0.0
2025-10-18,DEMO-01,DU-02,dumper,0.89,0.963,0,0.0
2025-10-19,DEMO-01,DU-02,dumper,1.42,0.941,0,0.0
2025-10-20,DEMO-01,DU-02,dumper,8.64,0.64,1,9.84
2025-10-21,DEMO-01,DU-02,dumper,0.42,0.983,0,0.0
2025-10-22,DEMO-01,DU-02,dumper,0.99,0.959,0,0.0
2025-10-23,DEMO-01,DU-02,dumper,1.79,0.926,0,0.0
2025-10-24,DEMO-01,DU-02,dumper,1.88,0.922,0,0.0
2025-10-25,DEMO-01,DU-02,dumper,1.9,0.921,0,0.0
2025-10-26,DEMO-01,DU-02,dumper,2.05,0.915,0,0.0
2025-10-27,DEMO-01,DU-02,dumper,0.25,0.99,0,0.0
2025-10-28,DEMO-01,DU-02,dumper,0.37,0.985,0,0.0
2025-10-29,DEMO-01,DU-02,dumper,0.81,0.966,0,0.0
2025-10-30,DEMO-01,DU-02,dumper,0.54,0.977,0,0.0
2025-10-31,DEMO-01,DU-02,dumper,0.66,0.973,0,0.0
2025-11-01,DEMO-01,DU-02,dumper,2.25,0.906,0,0.0
2025-11-02,DEMO-01,DU-02,dumper,2.05,0.915,0,0.0
2025-11-03,DEMO-01,DU-02,dumper,1.84,0.923,0,0.0
2025-11-04,DEMO-01,DU-02,dumper,0.66,0.972,0,0.0
2025-11-05,DEMO-01,DU-02,dumper,1.17,0.951,0,0.0
2025-11-06,DEMO-01,DU-02,dumper,0.58,0.976,0,0.0
2025-11-07,DEMO-01,DU-02,dumper,0.8,0.967,0,0.0
2025-11-08,DEMO-01,DU-02,dumper,0.9,0.963,0,0.0
2025-11-09,DEMO-01,DU-02,dumper,7.73,0.678,1,7.48
2025-11-10,DEMO-01,DU-02,dumper,1.32,0.945,0,0.0
2025-11-11,DEMO-01,DU-02,dumper,2.29,0.904,0,0.0
2025-11-12,DEMO-01,DU-02,dumper,0.35,0.985,0,0.0
2025-11-13,DEMO-01,DU-02,dumper,1.75,0.927,0,0.0
2025-11-14,DEMO-01,DU-02,dumper,1.61,0.933,0,0.0
2025-11-15,DEMO-01,DU-02,dumper,2.05,0.914,0,0.0
2025-11-16,DEMO-01,DU-02,dumper,1.39,0.942,0,0.0
2025-11-17,DEMO-01,DU-02,dumper,0.5,0.979,0,0.0
2025-11-18,DEMO-01,DU-02,dumper,0.91,0.962,0,0.0
2025-11-19,DEMO-01,DU-02,dumper,0.91,0.962,0,0.0
2025-11-20,DEMO-01,DU-02,dumper,3.42,0.858,0,0.0
2025-11-21,DEMO-01,DU-02,dumper,0.43,0.982,0,0.0
2025-11-22,DEMO-01,DU-02,dumper,0.65,0.973,0,0.0
2025-11-23,DEMO-01,DU-02,dumper,0.64,0.973,0,0.0
2025-11-24,DEMO-01,DU-02,dumper,2.12,0.912,0,0.0
2025-11-25,DEMO-01,DU-02,dumper,0.94,0.961,0,0.0
2025-11-26,DEMO-01,DU-02,dumper,1.66,0.931,0,0.0
2025-11-27,DEMO-01,DU-02,dumper,1.02,0.957,0,0.0
2025-11-28,DEMO-01,DU-02,dumper,0.22,0.991,0,0.0
2025-11-29,DEMO-01,DU-02,dumper,3.21,0.866,1,2.29
2025-11-30,DEMO-01,DU-02,dumper,1.41,0.941,0,0.0
2025-12-01,DEMO-01,DU-02,dumper,0.59,0.976,0,0.0
2025-12-02,DEMO-01,DU-02,dumper,1.35,0.944,0,0.0
2025-12-03,DEMO-01,DU-02,dumper,1.36,0.943,0,0.0
2025-12-04,DEMO-01,DU-02,dumper,0.97,0.96,0,0.0
2025-12-05,DEMO-01,DU-02,dumper,0.42,0.982,0,0.0
2025-12-06,DEMO-01,DU-02,dumper,1.78,0.926,0,0.0
2025-12-07,DEMO-01,DU-02,dumper,1.45,0.94,0,0.0
2025-12-08,DEMO-01,DU-02,dumper,2.33,0.903,0,0.0
2025-12-09,DEMO-01,DU-02,dumper,0.58,0.976,0,0.0
2025-12-10,DEMO-01,DU-02,dumper,1.49,0.938,0,0.0
2025-12-11,DEMO-01,DU-02,dumper,0.99,0.959,0,0.0
2025-12-12,DEMO-01,DU-02,dumper,0.43,0.982,0,0.0
2025-12-13,DEMO-01,DU-02,dumper,1.1,0.954,0,0.0
2025-12-14,DEMO-01,DU-02,dumper,2.12,0.912,0,0.0
2025-12-15,DEMO-01,DU-02,dumper,0.64,0.973,0,0.0
2025-12-16,DEMO-01,DU-02,dumper,2.7,0.888,0,0.0
2025-12-17,DEMO-01,DU-02,dumper,0.7,0.971,0,0.0
2025-12-18,DEMO-01,DU-02,dumper,1.15,0.952,0,0.0
2025-12-19,DEMO-01,DU-02,dumper,0.65,0.973,0,0.0
2025-12-20,DEMO-01,DU-02,dumper,2.73,0.886,0,0.0
2025-12-21,DEMO-01,DU-02,dumper,1.07,0.956,0,0.0
2025-12-22,DEMO-01,DU-02,dumper,0.51,0.979,0,0.0
2025-12-23,DEMO-01,DU-02,dumper,0.65,0.973,0,0.0
2025-12-24,DEMO-01,DU-02,dumper,0.27,0.989,0,0.0
2025-12-25,DEMO-01,DU-02,dumper,1.6,0.933,0,0.0
2025-12-26,DEMO-01,DU-02,dumper,0.4,0.983,0,0.0
2025-12-27,DEMO-01,DU-02,dumper,1.7,0.929,0,0.0
2025-12-28,DEMO-01,DU-02,dumper,0.34,0.986,0,0.0
2025-12-29,DEMO-01,DU-02,dumper,0.24,0.99,0,0.0
2025-12-30,DEMO-01,DU-02,dumper,0.27,0.989,0,0.0
2025-12-31,DEMO-01,DU-02,dumper,0.08,0.997,0,0.0
2023-01-01,DEMO-01,DU-03,dumper,2.29,0.904,0,0.0
2023-01-02,DEMO-01,DU-03,dumper,0.35,0.986,0,0.0
2023-01-03,DEMO-01,DU-03,dumper,0.82,0.966,0,0.0
2023-01-04,DEMO-01,DU-03,dumper,0.29,0.988,0,0.0
2023-01-05,DEMO-01,DU-03,dumper,0.78,0.967,0,0.0
2023-01-06,DEMO-01,DU-03,dumper,1.39,0.942,0,0.0
2023-01-07,DEMO-01,DU-03,dumper,0.45,0.981,0,0.0
2023-01-08,DEMO-01,DU-03,dumper,0.23,0.99,0,0.0
2023-01-09,DEMO-01,DU-03,dumper,1.77,0.926,0,0.0
2023-01-10,DEMO-01,DU-03,dumper,4.24,0.823,0,0.0
2023-01-11,DEMO-01,DU-03,dumper,1.34,0.944,0,0.0
2023-01-12,DEMO-01,DU-03,dumper,1.71,0.929,0,0.0
2023-01-13,DEMO-01,DU-03,dumper,1.75,0.927,0,0.0
2023-01-14,DEMO-01,DU-03,dumper,0.18,0.992,0,0.0
2023-01-15,DEMO-01,DU-03,dumper,1.49,0.938,0,0.0
2023-01-16,DEMO-01,DU-03,dumper,1.23,0.949,0,0.0
2023-01-17,DEMO-01,DU-03,dumper,0.96,0.96,0,0.0
2023-01-18,DEMO-01,DU-03,dumper,0.17,0.993,0,0.0
2023-01-19,DEMO-01,DU-03,dumper,1.95,0.919,0,0.0
2023-01-20,DEMO-01,DU-03,dumper,2.56,0.893,0,0.0
2023-01-21,DEMO-01,DU-03,dumper,2.61,0.891,0,0.0
2023-01-22,DEMO-01,DU-03,dumper,1.52,0.937,0,0.0
2023-01-23,DEMO-01,DU-03,dumper,3.14,0.869,0,0.0
2023-01-24,DEMO-01,DU-03,dumper,0.73,0.969,0,0.0
2023-01-25,DEMO-01,DU-03,dumper,1.86,0.923,0,0.0
2023-01-26,DEMO-01,DU-03,dumper,2.08,0.913,0,0.0
2023-01-27,DEMO-01,DU-03,dumper,1.42,0.941,0,0.0
2023-01-28,DEMO-01,DU-03,dumper,1.2,0.95,0,0.0
2023-01-29,DEMO-01,DU-03,dumper,0.34,0.986,0,0.0
2023-01-30,DEMO-01,DU-03,dumper,1.64,0.932,0,0.0
2023-01-31,DEMO-01,DU-03,dumper,3.62,0.849,0,0.0
2023-02-01,DEMO-01,DU-03,dumper,3.56,0.851,0,0.0
2023-02-02,DEMO-01,DU-03,dumper,0.13,0.995,0,0.0
2023-02-03,DEMO-01,DU-03,dumper,3.04,0.873,0,0.0
2023-02-04,DEMO-01,DU-03,dumper,0.54,0.977,0,0.0
2023-02-05,DEMO-01,DU-03,dumper,1.24,0.949,0,0.0
2023-02-06,DEMO-01,DU-03,dumper,0.26,0.989,0,0.0
2023-02-07,DEMO-01,DU-03,dumper,0.67,0.972,0,0.0
2023-02-08,DEMO-01,DU-03,dumper,1.72,0.929,0,0.0
2023-02-09,DEMO-01,DU-03,dumper,1.19,0.951,0,0.0
2023-02-10,DEMO-01,DU-03,dumper,1.23,0.949,0,0.0
2023-02-11,DEMO-01,DU-03,dumper,6.36,0.735,1,7.03
2023-02-12,DEMO-01,DU-03,dumper,0.38,0.984,0,0.0
2023-02-13,DEMO-01,DU-03,dumper,1.08,0.955,0,0.0
2023-02-14,DEMO-01,DU-03,dumper,0.7,0.971,0,0.0
2023-02-15,DEMO-01,DU-03,dumper,3.05,0.873,0,0.0
2023-02-16,DEMO-01,DU-03,dumper,0.68,0.972,0,0.0
2023-02-17,DEMO-01,DU-03,dumper,0.71,0.97,0,0.0
2023-02-18,DEMO-01,DU-03,dumper,0.6,0.975,0,0.0
2023-02-19,DEMO-01,DU-03,dumper,1.86,0.923,0,0.0
2023-02-20,DEMO-01,DU-03,dumper,2.71,0.887,0,0.0
2023-02-21,DEMO-01,DU-03,dumper,0.92,0.962,0,0.0
2023-02-22,DEMO-01,DU-03,dumper,0.37,0.985,0,0.0
2023-02-23,DEMO-01,DU-03,dumper,0.81,0.966,0,0.0
2023-02-24,DEMO-01,DU-03,dumper,1.29,0.946,0,0.0
2023-02-25,DEMO-01,DU-03,dumper,2.57,0.893,0,0.0
2023-02-26,DEMO-01,DU-03,dumper,1.76,0.927,0,0.0
2023-02-27,DEMO-01,DU-03,dumper,0.91,0.962,0,0.0
2023-02-28,DEMO-01,DU-03,dumper,0.89,0.963,0,0.0
2023-03-01,DEMO-01,DU-03,dumper,1.6,0.933,0,0.0
2023-03-02,DEMO-01,DU-03,dumper,0.6,0.975,0,0.0
2023-03-03,DEMO-01,DU-03,dumper,0.99,0.959,0,0.0
2023-03-04,DEMO-01,DU-03,dumper,0.12,0.995,0,0.0
2023-03-05,DEMO-01,DU-03,dumper,1.45,0.939,0,0.0
2023-03-06,DEMO-01,DU-03,dumper,0.8,0.967,0,0.0
2023-03-07,DEMO-01,DU-03,dumper,1.28,0.947,0,0.0
2023-03-08,DEMO-01,DU-03,dumper,0.87,0.964,0,0.0
2023-03-09,DEMO-01,DU-03,dumper,1.16,0.952,0,0.0
2023-03-10,DEMO-01,DU-03,dumper,7.89,0.671,1,8.68
2023-03-11,DEMO-01,DU-03,dumper,0.63,0.974,0,0.0
2023-03-12,DEMO-01,DU-03,dumper,0.67,0.972,0,0.0
2023-03-13,DEMO-01,DU-03,dumper,1.07,0.956,0,0.0
2023-03-14,DEMO-01,DU-03,dumper,0.57,0.976,0,0.0
2023-03-15,DEMO-01,DU-03,dumper,0.67,0.972,0,0.0
2023-03-16,DEMO-01,DU-03,dumper,2.14,0.911,0,0.0
2023-03-17,DEMO-01,DU-03,dumper,1.18,0.951,0,0.0
2023-03-18,DEMO-01,DU-03,dumper,1.4,0.942,0,0.0
2023-03-19,DEMO-01,DU-03,dumper,0.21,0.991,0,0.0
2023-03-20,DEMO-01,DU-03,dumper,0.1,0.996,0,0.0
2023-03-21,DEMO-01,DU-03,dumper,1.64,0.931,0,0.0
2023-03-22,DEMO-01,DU-03,dumper,1.11,0.954,0,0.0
2023-03-23,DEMO-01,DU-03,dumper,2.15,0.91,0,0.0
2023-03-24,DEMO-01,DU-03,dumper,0.77,0.968,0,0.0
2023-03-25,DEMO-01,DU-03,dumper,0.65,0.973,0,0.0
2023-03-26,DEMO-01,DU-03,dumper,1.01,0.958,0,0.0
2023-03-27,DEMO-01,DU-03,dumper,0.98,0.959,0,0.0
2023-03-28,DEMO-01,DU-03,dumper,0.96,0.96,0,0.0
2023-03-29,DEMO-01,DU-03,dumper,1.16,0.952,0,0.0
2023-03-30,DEMO-01,DU-03,dumper,0.99,0.959,0,0.0
2023-03-31,DEMO-01,DU-03,dumper,0.91,0.962,0,0.0
2023-04-01,DEMO-01,DU-03,dumper,0.6,0.975,0,0.0
2023-04-02,DEMO-01,DU-03,dumper,1.47,0.939,0,0.0
2023-04-03,DEMO-01,DU-03,dumper,1.12,0.953,0,0.0
2023-04-04,DEMO-01,DU-03,dumper,0.48,0.98,0,0.0
2023-04-05,DEMO-01,DU-03,dumper,6.26,0.739,1,5.87
2023-04-06,DEMO-01,DU-03,dumper,2.04,0.915,1,1.68
2023-04-07,DEMO-01,DU-03,dumper,0.53,0.978,0,0.0
2023-04-08,DEMO-01,DU-03,dumper,0.96,0.96,0,0.0
2023-04-09,DEMO-01,DU-03,dumper,1.32,0.945,0,0.0
2023-04-10,DEMO-01,DU-03,dumper,2.11,0.912,0,0.0
2023-04-11,DEMO-01,DU-03,dumper,0.3,0.988,0,0.0
2023-04-12,DEMO-01,DU-03,dumper,1.22,0.949,0,0.0
2023-04-13,DEMO-01,DU-03,dumper,0.65,0.973,0,0.0
2023-04-14,DEMO-01,DU-03,dumper,1.25,0.948,0,0.0
2023-04-15,DEMO-01,DU-03,dumper,5.68,0.763,1,4.98
2023-04-16,DEMO-01,DU-03,dumper,3.24,0.865,0,0.0
2023-04-17,DEMO-01,DU-03,dumper,2.05,0.915,0,0.0
2023-04-18,DEMO-01,DU-03,dumper,0.49,0.979,0,0.0
2023-04-19,DEMO-01,DU-03,dumper,1.58,0.934,0,0.0
2023-04-20,DEMO-01,DU-03,dumper,3.31,0.862,0,0.0
2023-04-21,DEMO-01,DU-03,dumper,1.08,0.955,0,0.0
2023-04-22,DEMO-01,DU-03,dumper,0.99,0.959,0,0.0
2023-04-23,DEMO-01,DU-03,dumper,1.11,0.954,0,0.0
2023-04-24,DEMO-01,DU-03,dumper,1.18,0.951,0,0.0
2023-04-25,DEMO-01,DU-03,dumper,2.02,0.916,0,0.0
2023-04-26,DEMO-01,DU-03,dumper,0.4,0.983,0,0.0
2023-04-27,DEMO-01,DU-03,dumper,3.66,0.847,0,0.0
2023-04-28,DEMO-01,DU-03,dumper,1.82,0.924,0,0.0
2023-04-29,DEMO-01,DU-03,dumper,0.75,0.969,0,0.0
2023-04-30,DEMO-01,DU-03,dumper,1.24,0.948,0,0.0
2023-05-01,DEMO-01,DU-03,dumper,1.47,0.939,0,0.0
2023-05-02,DEMO-01,DU-03,dumper,0.92,0.962,0,0.0
2023-05-03,DEMO-01,DU-03,dumper,1.01,0.958,0,0.0
2023-05-04,DEMO-01,DU-03,dumper,0.61,0.974,0,0.0
2023-05-05,DEMO-01,DU-03,dumper,1.07,0.955,0,0.0
2023-05-06,DEMO-01,DU-03,dumper,0.73,0.97,0,0.0
2023-05-07,DEMO-01,DU-03,dumper,2.23,0.907,0,0.0
2023-05-08,DEMO-01,DU-03,dumper,0.82,0.966,0,0.0
2023-05-09,DEMO-01,DU-03,dumper,0.86,0.964,0,0.0
2023-05-10,DEMO-01,DU-03,dumper,1.73,0.928,0,0.0
2023-05-11,DEMO-01,DU-03,dumper,3.27,0.864,0,0.0
2023-05-12,DEMO-01,DU-03,dumper,0.8,0.967,0,0.0
2023-05-13,DEMO-01,DU-03,dumper,0.48,0.98,0,0.0
2023-05-14,DEMO-01,DU-03,dumper,1.06,0.956,0,0.0
2023-05-15,DEMO-01,DU-03,dumper,2.6,0.892,0,0.0
2023-05-16,DEMO-01,DU-03,dumper,3.0,0.875,0,0.0
2023-05-17,DEMO-01,DU-03,dumper,0.05,0.998,0,0.0
2023-05-18,DEMO-01,DU-03,dumper,0.83,0.965,0,0.0
2023-05-19,DEMO-01,DU-03,dumper,1.69,0.93,0,0.0
2023-05-20,DEMO-01,DU-03,dumper,1.77,0.926,0,0.0
2023-05-21,DEMO-01,DU-03,dumper,0.75,0.969,0,0.0
2023-05-22,DEMO-01,DU-03,dumper,0.04,0.998,0,0.0
2023-05-23,DEMO-01,DU-03,dumper,0.37,0.985,0,0.0
2023-05-24,DEMO-01,DU-03,dumper,0.58,0.976,0,0.0
2023-05-25,DEMO-01,DU-03,dumper,1.27,0.947,0,0.0
2023-05-26,DEMO-01,DU-03,dumper,0.65,0.973,0,0.0
2023-05-27,DEMO-01,DU-03,dumper,1.43,0.94,0,0.0
2023-05-28,DEMO-01,DU-03,dumper,6.7,0.721,1,7.43
2023-05-29,DEMO-01,DU-03,dumper,0.55,0.977,0,0.0
2023-05-30,DEMO-01,DU-03,dumper,2.02,0.916,0,0.0
2023-05-31,DEMO-01,DU-03,dumper,3.04,0.873,0,0.0
2023-06-01,DEMO-01,DU-03,dumper,0.56,0.977,0,0.0
2023-06-02,DEMO-01,DU-03,dumper,1.15,0.952,0,0.0
2023-06-03,DEMO-01,DU-03,dumper,2.2,0.908,0,0.0
2023-06-04,DEMO-01,DU-03,dumper,3.44,0.856,0,0.0
2023-06-05,DEMO-01,DU-03,dumper,1.56,0.935,0,0.0
2023-06-06,DEMO-01,DU-03,dumper,1.91,0.92,0,0.0
2023-06-07,DEMO-01,DU-03,dumper,0.82,0.966,0,0.0
2023-06-08,DEMO-01,DU-03,dumper,0.13,0.994,0,0.0
2023-06-09,DEMO-01,DU-03,dumper,0.61,0.974,0,0.0
2023-06-10,DEMO-01,DU-03,dumper,0.64,0.973,0,0.0
2023-06-11,DEMO-01,DU-03,dumper,0.63,0.974,0,0.0
2023-06-12,DEMO-01,DU-03,dumper,0.82,0.966,0,0.0
2023-06-13,DEMO-01,DU-03,dumper,7.03,0.707,1,5.0
2023-06-14,DEMO-01,DU-03,dumper,1.4,0.942,0,0.0
2023-06-15,DEMO-01,DU-03,dumper,2.04,0.915,0,0.0
2023-06-16,DEMO-01,DU-03,dumper,0.5,0.979,0,0.0
2023-06-17,DEMO-01,DU-03,dumper,1.06,0.956,0,0.0
2023-06-18,DEMO-01,DU-03,dumper,7.55,0.685,0,0.0
2023-06-19,DEMO-01,DU-03,dumper,2.19,0.909,0,0.0
2023-06-20,DEMO-01,DU-03,dumper,1.85,0.923,0,0.0
2023-06-21,DEMO-01,DU-03,dumper,1.19,0.95,0,0.0
2023-06-22,DEMO-01,DU-03,dumper,1.92,0.92,0,0.0
2023-06-23,DEMO-01,DU-03,dumper,5.82,0.758,0,0.0
2023-06-24,DEMO-01,DU-03,dumper,1.62,0.933,0,0.0
2023-06-25,DEMO-01,DU-03,dumper,2.35,0.902,0,0.0
2023-06-26,DEMO-01,DU-03,dumper,11.71,0.512,1,9.37
2023-06-27,DEMO-01,DU-03,dumper,0.18,0.993,0,0.0
2023-06-28,DEMO-01,DU-03,dumper,11.52,0.52,1,3.73
2023-06-29,DEMO-01,DU-03,dumper,8.43,0.649,1,9.22
2023-06-30,DEMO-01,DU-03,dumper,8.16,0.66,0,0.0
2023-07-01,DEMO-01,DU-03,dumper,6.8,0.717,0,0.0
2023-07-02,DEMO-01,DU-03,dumper,4.44,0.815,0,0.0
2023-07-03,DEMO-01,DU-03,dumper,0.15,0.994,0,0.0
2023-07-04,DEMO-01,DU-03,dumper,4.94,0.794,0,0.0
2023-07-05,DEMO-01,DU-03,dumper,1.06,0.956,0,0.0
2023-07-06,DEMO-01,DU-03,dumper,0.52,0.979,0,0.0
2023-07-07,DEMO-01,DU-03,dumper,1.68,0.93,0,0.0
2023-07-08,DEMO-01,DU-03,dumper,4.53,0.811,0,0.0
2023-07-09,DEMO-01,DU-03,dumper,2.4,0.9,0,0.0
2023-07-10,DEMO-01,DU-03,dumper,3.63,0.849,0,0.0
2023-07-11,DEMO-01,DU-03,dumper,1.44,0.94,0,0.0
2023-07-12,DEMO-01,DU-03,dumper,3.14,0.869,0,0.0
2023-07-13,DEMO-01,DU-03,dumper,8.11,0.662,0,0.0
2023-07-14,DEMO-01,DU-03,dumper,1.09,0.954,0,0.0
2023-07-15,DEMO-01,DU-03,dumper,5.66,0.764,0,0.0
2023-07-16,DEMO-01,DU-03,dumper,12.64,0.473,0,0.0
2023-07-17,DEMO-01,DU-03,dumper,3.85,0.839,0,0.0
2023-07-18,DEMO-01,DU-03,dumper,11.46,0.523,0,0.0
2023-07-19,DEMO-01,DU-03,dumper,4.82,0.799,0,0.0
2023-07-20,DEMO-01,DU-03,dumper,12.35,0.486,0,0.0
2023-07-21,DEMO-01,DU-03,dumper,5.6,0.767,0,0.0
2023-07-22,DEMO-01,DU-03,dumper,3.32,0.862,0,0.0
2023-07-23,DEMO-01,DU-03,dumper,0.91,0.962,0,0.0
2023-07-24,DEMO-01,DU-03,dumper,6.2,0.742,0,0.0
2023-07-25,DEMO-01,DU-03,dumper,2.0,0.917,0,0.0
2023-07-26,DEMO-01,DU-03,dumper,15.15,0.369,0,0.0
2023-07-27,DEMO-01,DU-03,dumper,12.69,0.471,0,0.0
2023-07-28,DEMO-01,DU-03,dumper,4.73,0.803,0,0.0
2023-07-29,DEMO-01,DU-03,dumper,3.79,0.842,0,0.0
2023-07-30,DEMO-01,DU-03,dumper,4.01,0.833,0,0.0
2023-07-31,DEMO-01,DU-03,dumper,1.2,0.95,0,0.0
2023-08-01,DEMO-01,DU-03,dumper,0.51,0.979,0,0.0
2023-08-02,DEMO-01,DU-03,dumper,2.54,0.894,0,0.0
2023-08-03,DEMO-01,DU-03,dumper,7.97,0.668,0,0.0
2023-08-04,DEMO-01,DU-03,dumper,8.67,0.639,0,0.0
2023-08-05,DEMO-01,DU-03,dumper,4.61,0.808,0,0.0
2023-08-06,DEMO-01,DU-03,dumper,1.4,0.942,0,0.0
2023-08-07,DEMO-01,DU-03,dumper,1.27,0.947,0,0.0
2023-08-08,DEMO-01,DU-03,dumper,0.13,0.995,0,0.0
2023-08-09,DEMO-01,DU-03,dumper,0.18,0.993,0,0.0
2023-08-10,DEMO-01,DU-03,dumper,2.37,0.901,0,0.0
2023-08-11,DEMO-01,DU-03,dumper,0.32,0.987,0,0.0
2023-08-12,DEMO-01,DU-03,dumper,0.67,0.972,0,0.0
2023-08-13,DEMO-01,DU-03,dumper,6.38,0.734,0,0.0
2023-08-14,DEMO-01,DU-03,dumper,0.51,0.979,0,0.0
2023-08-15,DEMO-01,DU-03,dumper,0.37,0.984,0,0.0
2023-08-16,DEMO-01,DU-03,dumper,0.03,0.999,0,0.0
2023-08-17,DEMO-01,DU-03,dumper,0.46,0.981,0,0.0
2023-08-18,DEMO-01,DU-03,dumper,2.76,0.885,0,0.0
2023-08-19,DEMO-01,DU-03,dumper,1.45,0.94,0,0.0
2023-08-20,DEMO-01,DU-03,dumper,2.86,0.881,0,0.0
2023-08-21,DEMO-01,DU-03,dumper,0.35,0.985,0,0.0
2023-08-22,DEMO-01,DU-03,dumper,2.64,0.89,0,0.0
2023-08-23,DEMO-01,DU-03,dumper,3.57,0.851,0,0.0
2023-08-24,DEMO-01,DU-03,dumper,0.88,0.963,0,0.0
2023-08-25,DEMO-01,DU-03,dumper,3.97,0.834,0,0.0
2023-08-26,DEMO-01,DU-03,dumper,2.43,0.899,0,0.0
2023-08-27,DEMO-01,DU-03,dumper,0.56,0.977,0,0.0
2023-08-28,DEMO-01,DU-03,dumper,0.15,0.994,0,0.0
2023-08-29,DEMO-01,DU-03,dumper,0.5,0.979,0,0.0
2023-08-30,DEMO-01,DU-03,dumper,5.94,0.753,0,0.0
2023-08-31,DEMO-01,DU-03,dumper,3.52,0.853,0,0.0
2023-09-01,DEMO-01,DU-03,dumper,1.52,0.937,0,0.0
2023-09-02,DEMO-01,DU-03,dumper,1.34,0.944,0,0.0
2023-09-03,DEMO-01,DU-03,dumper,1.21,0.95,0,0.0
2023-09-04,DEMO-01,DU-03,dumper,0.65,0.973,0,0.0
2023-09-05,DEMO-01,DU-03,dumper,0.27,0.989,0,0.0
2023-09-06,DEMO-01,DU-03,dumper,2.62,0.891,0,0.0
2023-09-07,DEMO-01,DU-03,dumper,0.47,0.981,0,0.0
2023-09-08,DEMO-01,DU-03,dumper,0.7,0.971,0,0.0
2023-09-09,DEMO-01,DU-03,dumper,0.63,0.974,0,0.0
2023-09-10,DEMO-01,DU-03,dumper,0.27,0.989,0,0.0
2023-09-11,DEMO-01,DU-03,dumper,1.63,0.932,0,0.0
2023-09-12,DEMO-01,DU-03,dumper,4.5,0.812,0,0.0
2023-09-13,DEMO-01,DU-03,dumper,0.53,0.978,0,0.0
2023-09-14,DEMO-01,DU-03,dumper,1.05,0.956,0,0.0
2023-09-15,DEMO-01,DU-03,dumper,2.88,0.88,0,0.0
2023-09-16,DEMO-01,DU-03,dumper,1.56,0.935,0,0.0
2023-09-17,DEMO-01,DU-03,dumper,1.85,0.923,0,0.0
2023-09-18,DEMO-01,DU-03,dumper,0.35,0.985,0,0.0
2023-09-19,DEMO-01,DU-03,dumper,0.56,0.977,0,0.0
2023-09-20,DEMO-01,DU-03,dumper,4.52,0.812,0,0.0
2023-09-21,DEMO-01,DU-03,dumper,2.51,0.896,0,0.0
2023-09-22,DEMO-01,DU-03,dumper,0.31,0.987,0,0.0
2023-09-23,DEMO-01,DU-03,dumper,0.52,0.978,0,0.0
2023-09-24,DEMO-01,DU-03,dumper,1.19,0.95,0,0.0
2023-09-25,DEMO-01,DU-03,dumper,0.48,0.98,0,0.0
2023-09-26,DEMO-01,DU-03,dumper,1.2,0.95,0,0.0
2023-09-27,DEMO-01,DU-03,dumper,1.86,0.923,0,0.0
2023-09-28,DEMO-01,DU-03,dumper,0.92,0.961,0,0.0
2023-09-29,DEMO-01,DU-03,dumper,0.73,0.97,0,0.0
2023-09-30,DEMO-01,DU-03,dumper,1.32,0.945,0,0.0
2023-10-01,DEMO-01,DU-03,dumper,0.29,0.988,0,0.0
2023-10-02,DEMO-01,DU-03,dumper,1.15,0.952,0,0.0
2023-10-03,DEMO-01,DU-03,dumper,0.89,0.963,0,0.0
2023-10-04,DEMO-01,DU-03,dumper,1.04,0.957,0,0.0
2023-10-05,DEMO-01,DU-03,dumper,2.62,0.891,0,0.0
2023-10-06,DEMO-01,DU-03,dumper,1.24,0.948,0,0.0
2023-10-07,DEMO-01,DU-03,dumper,2.13,0.911,0,0.0
2023-10-08,DEMO-01,DU-03,dumper,0.64,0.973,0,0.0
2023-10-09,DEMO-01,DU-03,dumper,1.28,0.947,0,0.0
2023-10-10,DEMO-01,DU-03,dumper,1.72,0.928,0,0.0
2023-10-11,DEMO-01,DU-03,dumper,0.56,0.977,0,0.0
2023-10-12,DEMO-01,DU-03,dumper,1.23,0.949,0,0.0
2023-10-13,DEMO-01,DU-03,dumper,0.56,0.977,0,0.0
2023-10-14,DEMO-01,DU-03,dumper,0.83,0.965,0,0.0
2023-10-15,DEMO-01,DU-03,dumper,1.69,0.929,0,0.0
2023-10-16,DEMO-01,DU-03,dumper,0.61,0.975,0,0.0
2023-10-17,DEMO-01,DU-03,dumper,1.06,0.956,0,0.0
2023-10-18,DEMO-01,DU-03,dumper,1.02,0.958,0,0.0
2023-10-19,DEMO-01,DU-03,dumper,2.15,0.911,1,1.78
2023-10-20,DEMO-01,DU-03,dumper,0.46,0.981,0,0.0
2023-10-21,DEMO-01,DU-03,dumper,0.92,0.962,0,0.0
2023-10-22,DEMO-01,DU-03,dumper,0.58,0.976,0,0.0
2023-10-23,DEMO-01,DU-03,dumper,1.69,0.929,0,0.0
2023-10-24,DEMO-01,DU-03,dumper,0.65,0.973,0,0.0
2023-10-25,DEMO-01,DU-03,dumper,1.68,0.93,0,0.0
2023-10-26,DEMO-01,DU-03,dumper,0.35,0.985,0,0.0
2023-10-27,DEMO-01,DU-03,dumper,0.22,0.991,0,0.0
2023-10-28,DEMO-01,DU-03,dumper,1.96,0.918,0,0.0
2023-10-29,DEMO-01,DU-03,dumper,0.24,0.99,0,0.0
2023-10-30,DEMO-01,DU-03,dumper,4.24,0.823,0,0.0
2023-10-31,DEMO-01,DU-03,dumper,0.75,0.969,0,0.0
2023-11-01,DEMO-01,DU-03,dumper,1.69,0.93,0,0.0
2023-11-02,DEMO-01,DU-03,dumper,1.59,0.934,0,0.0
2023-11-03,DEMO-01,DU-03,dumper,1.54,0.936,0,0.0
2023-11-04,DEMO-01,DU-03,dumper,0.18,0.992,0,0.0
2023-11-05,DEMO-01,DU-03,dumper,0.25,0.99,0,0.0
2023-11-06,DEMO-01,DU-03,dumper,2.3,0.904,0,0.0
2023-11-07,DEMO-01,DU-03,dumper,1.38,0.943,0,0.0
2023-11-08,DEMO-01,DU-03,dumper,3.74,0.844,0,0.0
2023-11-09,DEMO-01,DU-03,dumper,0.93,0.961,0,0.0
2023-11-10,DEMO-01,DU-03,dumper,2.19,0.909,0,0.0
2023-11-11,DEMO-01,DU-03,dumper,1.2,0.95,0,0.0
2023-11-12,DEMO-01,DU-03,dumper,1.4,0.942,0,0.0
2023-11-13,DEMO-01,DU-03,dumper,1.8,0.925,0,0.0
2023-11-14,DEMO-01,DU-03,dumper,0.44,0.982,0,0.0
2023-11-15,DEMO-01,DU-03,dumper,1.76,0.927,0,0.0
2023-11-16,DEMO-01,DU-03,dumper,1.31,0.945,0,0.0
2023-11-17,DEMO-01,DU-03,dumper,0.54,0.977,0,0.0
2023-11-18,DEMO-01,DU-03,dumper,0.35,0.986,0,0.0
2023-11-19,DEMO-01,DU-03,dumper,0.72,0.97,0,0.0
2023-11-20,DEMO-01,DU-03,dumper,2.61,0.891,0,0.0
2023-11-21,DEMO-01,DU-03,dumper,1.07,0.956,0,0.0
2023-11-22,DEMO-01,DU-03,dumper,2.08,0.913,0,0.0
2023-11-23,DEMO-01,DU-03,dumper,0.52,0.978,0,0.0
2023-11-24,DEMO-01,DU-03,dumper,1.29,0.946,0,0.0
2023-11-25,DEMO-01,DU-03,dumper,2.61,0.891,0,0.0
2023-11-26,DEMO-01,DU-03,dumper,1.39,0.942,0,0.0
2023-11-27,DEMO-01,DU-03,dumper,2.61,0.891,0,0.0
2023-11-28,DEMO-01,DU-03,dumper,0.7,0.971,0,0.0
2023-11-29,DEMO-01,DU-03,dumper,0.69,0.971,0,0.0
2023-11-30,DEMO-01,DU-03,dumper,1.01,0.958,0,0.0
2023-12-01,DEMO-01,DU-03,dumper,1.92,0.92,0,0.0
2023-12-02,DEMO-01,DU-03,dumper,8.0,0.667,1,8.31
2023-12-03,DEMO-01,DU-03,dumper,2.81,0.883,0,0.0
2023-12-04,DEMO-01,DU-03,dumper,6.0,0.75,1,5.1
2023-12-05,DEMO-01,DU-03,dumper,0.56,0.977,0,0.0
2023-12-06,DEMO-01,DU-03,dumper,0.67,0.972,0,0.0
2023-12-07,DEMO-01,DU-03,dumper,2.31,0.904,0,0.0
2023-12-08,DEMO-01,DU-03,dumper,0.57,0.976,0,0.0
2023-12-09,DEMO-01,DU-03,dumper,2.31,0.904,0,0.0
2023-12-10,DEMO-01,DU-03,dumper,1.83,0.924,0,0.0
2023-12-11,DEMO-01,DU-03,dumper,0.9,0.962,0,0.0
2023-12-12,DEMO-01,DU-03,dumper,1.28,0.947,0,0.0
2023-12-13,DEMO-01,DU-03,dumper,1.44,0.94,0,0.0
2023-12-14,DEMO-01,DU-03,dumper,2.17,0.91,0,0.0
2023-12-15,DEMO-01,DU-03,dumper,1.07,0.955,0,0.0
2023-12-16,DEMO-01,DU-03,dumper,0.98,0.959,0,0.0
2023-12-17,DEMO-01,DU-03,dumper,0.72,0.97,0,0.0
2023-12-18,DEMO-01,DU-03,dumper,1.66,0.931,0,0.0
2023-12-19,DEMO-01,DU-03,dumper,0.89,0.963,0,0.0
2023-12-20,DEMO-01,DU-03,dumper,1.31,0.945,0,0.0
2023-12-21,DEMO-01,DU-03,dumper,1.11,0.954,0,0.0
2023-12-22,DEMO-01,DU-03,dumper,0.74,0.969,0,0.0
2023-12-23,DEMO-01,DU-03,dumper,1.22,0.949,0,0.0
2023-12-24,DEMO-01,DU-03,dumper,0.74,0.969,0,0.0
2023-12-25,DEMO-01,DU-03,dumper,0.28,0.988,0,0.0
2023-12-26,DEMO-01,DU-03,dumper,1.07,0.955,0,0.0
2023-12-27,DEMO-01,DU-03,dumper,0.41,0.983,0,0.0
2023-12-28,DEMO-01,DU-03,dumper,0.96,0.96,0,0.0
2023-12-29,DEMO-01,DU-03,dumper,0.83,0.965,0,0.0
2023-12-30,DEMO-01,DU-03,dumper,2.06,0.914,0,0.0
2023-12-31,DEMO-01,DU-03,dumper,0.29,0.988,0,0.0
2024-01-01,DEMO-01,DU-03,dumper,0.92,0.962,0,0.0
2024-01-02,DEMO-01,DU-03,dumper,0.74,0.969,0,0.0
2024-01-03,DEMO-01,DU-03,dumper,0.38,0.984,0,0.0
2024-01-04,DEMO-01,DU-03,dumper,1.31,0.945,0,0.0
2024-01-05,DEMO-01,DU-03,dumper,0.8,0.967,0,0.0
2024-01-06,DEMO-01,DU-03,dumper,3.44,0.857,0,0.0
2024-01-07,DEMO-01,DU-03,dumper,0.68,0.972,0,0.0
2024-01-08,DEMO-01,DU-03,dumper,1.26,0.948,0,0.0
2024-01-09,DEMO-01,DU-03,dumper,1.6,0.933,0,0.0
2024-01-10,DEMO-01,DU-03,dumper,1.76,0.927,0,0.0
2024-01-11,DEMO-01,DU-03,dumper,0.69,0.971,0,0.0
2024-01-12,DEMO-01,DU-03,dumper,0.56,0.977,0,0.0
2024-01-13,DEMO-01,DU-03,dumper,0.72,0.97,0,0.0
2024-01-14,DEMO-01,DU-03,dumper,0.76,0.968,0,0.0
2024-01-15,DEMO-01,DU-03,dumper,0.41,0.983,0,0.0
2024-01-16,DEMO-01,DU-03,dumper,8.56,0.643,1,6.1
2024-01-17,DEMO-01,DU-03,dumper,2.03,0.915,0,0.0
2024-01-18,DEMO-01,DU-03,dumper,0.83,0.965,0,0.0
2024-01-19,DEMO-01,DU-03,dumper,0.91,0.962,0,0.0
2024-01-20,DEMO-01,DU-03,dumper,0.67,0.972,0,0.0
2024-01-21,DEMO-01,DU-03,dumper,1.3,0.946,0,0.0
2024-01-22,DEMO-01,DU-03,dumper,3.45,0.856,0,0.0
2024-01-23,DEMO-01,DU-03,dumper,1.95,0.919,0,0.0
2024-01-24,DEMO-01,DU-03,dumper,2.44,0.898,0,0.0
2024-01-25,DEMO-01,DU-03,dumper,1.28,0.947,0,0.0
2024-01-26,DEMO-01,DU-03,dumper,0.19,0.992,0,0.0
2024-01-27,DEMO-01,DU-03,dumper,1.01,0.958,0,0.0
2024-01-28,DEMO-01,DU-03,dumper,1.61,0.933,0,0.0
2024-01-29,DEMO-01,DU-03,dumper,3.97,0.835,0,0.0
2024-01-30,DEMO-01,DU-03,dumper,3.13,0.869,0,0.0
2024-01-31,DEMO-01,DU-03,dumper,4.49,0.813,0,0.0
2024-02-01,DEMO-01,DU-03,dumper,0.49,0.98,0,0.0
2024-02-02,DEMO-01,DU-03,dumper,0.1,0.996,0,0.0
2024-02-03,DEMO-01,DU-03,dumper,1.45,0.94,0,0.0
2024-02-04,DEMO-01,DU-03,dumper,1.29,0.946,0,0.0
2024-02-05,DEMO-01,DU-03,dumper,0.53,0.978,0,0.0
2024-02-06,DEMO-01,DU-03,dumper,1.79,0.925,0,0.0
2024-02-07,DEMO-01,DU-03,dumper,2.49,0.896,0,0.0
2024-02-08,DEMO-01,DU-03,dumper,1.66,0.931,0,0.0
2024-02-09,DEMO-01,DU-03,dumper,2.76,0.885,0,0.0
2024-02-10,DEMO-01,DU-03,dumper,0.98,0.959,0,0.0
2024-02-11,DEMO-01,DU-03,dumper,8.22,0.657,1,8.08
2024-02-12,DEMO-01,DU-03,dumper,1.35,0.944,0,0.0
2024-02-13,DEMO-01,DU-03,dumper,0.44,0.982,0,0.0
2024-02-14,DEMO-01,DU-03,dumper,2.28,0.905,0,0.0
2024-02-15,DEMO-01,DU-03,dumper,2.5,0.896,0,0.0
2024-02-16,DEMO-01,DU-03,dumper,0.21,0.991,0,0.0
2024-02-17,DEMO-01,DU-03,dumper,0.27,0.989,0,0.0
2024-02-18,DEMO-01,DU-03,dumper,1.74,0.928,0,0.0
2024-02-19,DEMO-01,DU-03,dumper,0.41,0.983,0,0.0
2024-02-20,DEMO-01,DU-03,dumper,0.89,0.963,0,0.0
2024-02-21,DEMO-01,DU-03,dumper,3.44,0.857,0,0.0
2024-02-22,DEMO-01,DU-03,dumper,0.78,0.968,0,0.0
2024-02-23,DEMO-01,DU-03,dumper,3.31,0.862,0,0.0
2024-02-24,DEMO-01,DU-03,dumper,1.67,0.931,0,0.0
2024-02-25,DEMO-01,DU-03,dumper,2.1,0.913,0,0.0
2024-02-26,DEMO-01,DU-03,dumper,2.54,0.894,0,0.0
2024-02-27,DEMO-01,DU-03,dumper,1.53,0.936,0,0.0
2024-02-28,DEMO-01,DU-03,dumper,0.72,0.97,0,0.0
2024-02-29,DEMO-01,DU-03,dumper,1.73,0.928,0,0.0
2024-03-01,DEMO-01,DU-03,dumper,0.22,0.991,0,0.0
2024-03-02,DEMO-01,DU-03,dumper,1.54,0.936,0,0.0
2024-03-03,DEMO-01,DU-03,dumper,1.66,0.931,0,0.0
2024-03-04,DEMO-01,DU-03,dumper,0.84,0.965,0,0.0
2024-03-05,DEMO-01,DU-03,dumper,0.82,0.966,0,0.0
2024-03-06,DEMO-01,DU-03,dumper,2.05,0.914,0,0.0
2024-03-07,DEMO-01,DU-03,dumper,0.38,0.984,0,0.0
2024-03-08,DEMO-01,DU-03,dumper,1.45,0.94,0,0.0
2024-03-09,DEMO-01,DU-03,dumper,0.88,0.963,0,0.0
2024-03-10,DEMO-01,DU-03,dumper,3.09,0.871,0,0.0
2024-03-11,DEMO-01,DU-03,dumper,1.07,0.955,0,0.0
2024-03-12,DEMO-01,DU-03,dumper,1.67,0.93,0,0.0
2024-03-13,DEMO-01,DU-03,dumper,0.91,0.962,0,0.0
2024-03-14,DEMO-01,DU-03,dumper,2.22,0.907,0,0.0
2024-03-15,DEMO-01,DU-03,dumper,1.38,0.943,0,0.0
2024-03-16,DEMO-01,DU-03,dumper,2.4,0.9,0,0.0
2024-03-17,DEMO-01,DU-03,dumper,0.22,0.991,0,0.0
2024-03-18,DEMO-01,DU-03,dumper,1.64,0.931,0,0.0
2024-03-19,DEMO-01,DU-03,dumper,0.18,0.992,0,0.0
2024-03-20,DEMO-01,DU-03,dumper,0.59,0.975,0,0.0
2024-03-21,DEMO-01,DU-03,dumper,2.34,0.903,0,0.0
2024-03-22,DEMO-01,DU-03,dumper,1.27,0.947,0,0.0
2024-03-23,DEMO-01,DU-03,dumper,1.53,0.936,0,0.0
2024-03-24,DEMO-01,DU-03,dumper,0.79,0.967,0,0.0
2024-03-25,DEMO-01,DU-03,dumper,0.15,0.994,0,0.0
2024-03-26,DEMO-01,DU-03,dumper,1.92,0.92,0,0.0
2024-03-27,DEMO-01,DU-03,dumper,0.21,0.991,0,0.0
2024-03-28,DEMO-01,DU-03,dumper,1.1,0.954,0,0.0
2024-03-29,DEMO-01,DU-03,dumper,3.26,0.864,0,0.0
2024-03-30,DEMO-01,DU-03,dumper,0.54,0.977,0,0.0
2024-03-31,DEMO-01,DU-03,dumper,0.23,0.99,0,0.0
2024-04-01,DEMO-01,DU-03,dumper,0.71,0.971,0,0.0
2024-04-02,DEMO-01,DU-03,dumper,1.56,0.935,0,0.0
2024-04-03,DEMO-01,DU-03,dumper,0.45,0.981,0,0.0
2024-04-04,DEMO-01,DU-03,dumper,1.39,0.942,0,0.0
2024-04-05,DEMO-01,DU-03,dumper,0.77,0.968,0,0.0
2024-04-06,DEMO-01,DU-03,dumper,10.34,0.569,1,7.9
2024-04-07,DEMO-01,DU-03,dumper,2.3,0.904,0,0.0
2024-04-08,DEMO-01,DU-03,dumper,1.0,0.958,0,0.0
2024-04-09,DEMO-01,DU-03,dumper,0.89,0.963,0,0.0
2024-04-10,DEMO-01,DU-03,dumper,0.96,0.96,0,0.0
2024-04-11,DEMO-01,DU-03,dumper,0.95,0.961,0,0.0
2024-04-12,DEMO-01,DU-03,dumper,0.91,0.962,0,0.0
2024-04-13,DEMO-01,DU-03,dumper,1.09,0.955,0,0.0
2024-04-14,DEMO-01,DU-03,dumper,1.13,0.953,0,0.0
2024-04-15,DEMO-01,DU-03,dumper,1.08,0.955,0,0.0
2024-04-16,DEMO-01,DU-03,dumper,2.72,0.887,0,0.0
2024-04-17,DEMO-01,DU-03,dumper,1.55,0.936,0,0.0
2024-04-18,DEMO-01,DU-03,dumper,0.92,0.962,0,0.0
2024-04-19,DEMO-01,DU-03,dumper,1.27,0.947,0,0.0
2024-04-20,DEMO-01,DU-03,dumper,0.91,0.962,0,0.0
2024-04-21,DEMO-01,DU-03,dumper,1.64,0.932,0,0.0
2024-04-22,DEMO-01,DU-03,dumper,1.7,0.929,0,0.0
2024-04-23,DEMO-01,DU-03,dumper,0.7,0.971,0,0.0
2024-04-24,DEMO-01,DU-03,dumper,3.01,0.874,0,0.0
2024-04-25,DEMO-01,DU-03,dumper,0.43,0.982,0,0.0
2024-04-26,DEMO-01,DU-03,dumper,1.39,0.942,0,0.0
2024-04-27,DEMO-01,DU-03,dumper,0.55,0.977,0,0.0
2024-04-28,DEMO-01,DU-03,dumper,0.94,0.961,0,0.0
2024-04-29,DEMO-01,DU-03,dumper,1.89,0.921,0,0.0
2024-04-30,DEMO-01,DU-03,dumper,1.81,0.925,0,0.0
2024-05-01,DEMO-01,DU-03,dumper,1.32,0.945,0,0.0
2024-05-02,DEMO-01,DU-03,dumper,0.68,0.971,0,0.0
2024-05-03,DEMO-01,DU-03,dumper,3.12,0.87,0,0.0
2024-05-04,DEMO-01,DU-03,dumper,1.1,0.954,0,0.0
2024-05-05,DEMO-01,DU-03,dumper,0.21,0.991,0,0.0
2024-05-06,DEMO-01,DU-03,dumper,4.0,0.834,0,0.0
2024-05-07,DEMO-01,DU-03,dumper,1.44,0.94,0,0.0
2024-05-08,DEMO-01,DU-03,dumper,1.2,0.95,0,0.0
2024-05-09,DEMO-01,DU-03,dumper,2.01,0.916,0,0.0
2024-05-10,DEMO-01,DU-03,dumper,1.57,0.934,0,0.0
2024-05-11,DEMO-01,DU-03,dumper,0.79,0.967,0,0.0
2024-05-12,DEMO-01,DU-03,dumper,5.9,0.754,1,2.53
2024-05-13,DEMO-01,DU-03,dumper,1.16,0.952,0,0.0
2024-05-14,DEMO-01,DU-03,dumper,0.77,0.968,0,0.0
2024-05-15,DEMO-01,DU-03,dumper,1.25,0.948,0,0.0
2024-05-16,DEMO-01,DU-03,dumper,0.26,0.989,0,0.0
2024-05-17,DEMO-01,DU-03,dumper,1.52,0.937,0,0.0
2024-05-18,DEMO-01,DU-03,dumper,0.15,0.994,0,0.0
2024-05-19,DEMO-01,DU-03,dumper,0.99,0.959,0,0.0
2024-05-20,DEMO-01,DU-03,dumper,5.28,0.78,0,0.0
2024-05-21,DEMO-01,DU-03,dumper,0.48,0.98,0,0.0
2024-05-22,DEMO-01,DU-03,dumper,2.29,0.905,0,0.0
2024-05-23,DEMO-01,DU-03,dumper,6.08,0.747,1,5.98
2024-05-24,DEMO-01,DU-03,dumper,0.65,0.973,0,0.0
2024-05-25,DEMO-01,DU-03,dumper,0.55,0.977,0,0.0
2024-05-26,DEMO-01,DU-03,dumper,1.16,0.952,0,0.0
2024-05-27,DEMO-01,DU-03,dumper,2.11,0.912,0,0.0
2024-05-28,DEMO-01,DU-03,dumper,2.76,0.885,0,0.0
2024-05-29,DEMO-01,DU-03,dumper,3.85,0.84,0,0.0
2024-05-30,DEMO-01,DU-03,dumper,1.65,0.931,0,0.0
2024-05-31,DEMO-01,DU-03,dumper,0.52,0.978,0,0.0
2024-06-01,DEMO-01,DU-03,dumper,2.97,0.876,0,0.0
2024-06-02,DEMO-01,DU-03,dumper,1.3,0.946,0,0.0
2024-06-03,DEMO-01,DU-03,dumper,3.88,0.838,1,2.86
2024-06-04,DEMO-01,DU-03,dumper,0.59,0.975,0,0.0
2024-06-05,DEMO-01,DU-03,dumper,1.88,0.922,0,0.0
2024-06-06,DEMO-01,DU-03,dumper,1.66,0.931,0,0.0
2024-06-07,DEMO-01,DU-03,dumper,0.46,0.981,0,0.0
2024-06-08,DEMO-01,DU-03,dumper,0.16,0.993,0,0.0
2024-06-09,DEMO-01,DU-03,dumper,2.24,0.907,0,0.0
2024-06-10,DEMO-01,DU-03,dumper,6.67,0.722,0,0.0
2024-06-11,DEMO-01,DU-03,dumper,1.5,0.937,0,0.0
2024-06-12,DEMO-01,DU-03,dumper,0.83,0.966,0,0.0
2024-06-13,DEMO-01,DU-03,dumper,2.64,0.89,0,0.0
2024-06-14,DEMO-01,DU-03,dumper,1.7,0.929,0,0.0
2024-06-15,DEMO-01,DU-03,dumper,12.98,0.459,1,9.39
2024-06-16,DEMO-01,DU-03,dumper,1.31,0.945,0,0.0
2024-06-17,DEMO-01,DU-03,dumper,2.31,0.904,0,0.0
2024-06-18,DEMO-01,DU-03,dumper,4.66,0.806,0,0.0
2024-06-19,DEMO-01,DU-03,dumper,3.13,0.87,0,0.0
2024-06-20,DEMO-01,DU-03,dumper,5.82,0.758,0,0.0
2024-06-21,DEMO-01,DU-03,dumper,0.52,0.978,0,0.0
2024-06-22,DEMO-01,DU-03,dumper,4.22,0.824,0,0.0
2024-06-23,DEMO-01,DU-03,dumper,2.02,0.916,0,0.0
2024-06-24,DEMO-01,DU-03,dumper,3.72,0.845,0,0.0
2024-06-25,DEMO-01,DU-03,dumper,1.64,0.932,0,0.0
2024-06-26,DEMO-01,DU-03,dumper,2.72,0.887,0,0.0
2024-06-27,DEMO-01,DU-03,dumper,8.68,0.638,0,0.0
2024-06-28,DEMO-01,DU-03,dumper,3.64,0.848,0,0.0
2024-06-29,DEMO-01,DU-03,dumper,1.34,0.944,0,0.0
2024-06-30,DEMO-01,DU-03,dumper,4.0,0.833,0,0.0
2024-07-01,DEMO-01,DU-03,dumper,3.96,0.835,0,0.0
2024-07-02,DEMO-01,DU-03,dumper,4.82,0.799,0,0.0
2024-07-03,DEMO-01,DU-03,dumper,5.83,0.757,0,0.0
2024-07-04,DEMO-01,DU-03,dumper,0.82,0.966,0,0.0
2024-07-05,DEMO-01,DU-03,dumper,0.8,0.967,0,0.0
2024-07-06,DEMO-01,DU-03,dumper,6.37,0.735,0,0.0
2024-07-07,DEMO-01,DU-03,dumper,0.94,0.961,0,0.0
2024-07-08,DEMO-01,DU-03,dumper,6.1,0.746,0,0.0
2024-07-09,DEMO-01,DU-03,dumper,6.71,0.72,1,7.16
2024-07-10,DEMO-01,DU-03,dumper,6.18,0.742,0,0.0
2024-07-11,DEMO-01,DU-03,dumper,3.84,0.84,0,0.0
2024-07-12,DEMO-01,DU-03,dumper,1.46,0.939,0,0.0
2024-07-13,DEMO-01,DU-03,dumper,1.54,0.936,0,0.0
2024-07-14,DEMO-01,DU-03,dumper,3.79,0.842,0,0.0
2024-07-15,DEMO-01,DU-03,dumper,4.94,0.794,0,0.0
2024-07-16,DEMO-01,DU-03,dumper,1.24,0.948,0,0.0
2024-07-17,DEMO-01,DU-03,dumper,2.21,0.908,0,0.0
2024-07-18,DEMO-01,DU-03,dumper,3.18,0.868,0,0.0
2024-07-19,DEMO-01,DU-03,dumper,14.24,0.407,0,0.0
2024-07-20,DEMO-01,DU-03,dumper,1.23,0.949,0,0.0
2024-07-21,DEMO-01,DU-03,dumper,3.32,0.861,0,0.0
2024-07-22,DEMO-01,DU-03,dumper,1.34,0.944,0,0.0
2024-07-23,DEMO-01,DU-03,dumper,4.82,0.799,0,0.0
2024-07-24,DEMO-01,DU-03,dumper,4.19,0.826,0,0.0
2024-07-25,DEMO-01,DU-03,dumper,0.29,0.988,0,0.0
2024-07-26,DEMO-01,DU-03,dumper,1.13,0.953,0,0.0
2024-07-27,DEMO-01,DU-03,dumper,12.01,0.5,0,0.0
2024-07-28,DEMO-01,DU-03,dumper,1.08,0.955,0,0.0
2024-07-29,DEMO-01,DU-03,dumper,2.41,0.9,0,0.0
2024-07-30,DEMO-01,DU-03,dumper,8.63,0.64,0,0.0
2024-07-31,DEMO-01,DU-03,dumper,2.23,0.907,0,0.0
2024-08-01,DEMO-01,DU-03,dumper,2.79,0.884,0,0.0
2024-08-02,DEMO-01,DU-03,dumper,0.05,0.998,0,0.0
2024-08-03,DEMO-01,DU-03,dumper,1.88,0.922,0,0.0
2024-08-04,DEMO-01,DU-03,dumper,4.15,0.827,0,0.0
2024-08-05,DEMO-01,DU-03,dumper,2.86,0.881,0,0.0
2024-08-06,DEMO-01,DU-03,dumper,0.54,0.977,0,0.0
2024-08-07,DEMO-01,DU-03,dumper,1.9,0.921,0,0.0
2024-08-08,DEMO-01,DU-03,dumper,3.43,0.857,0,0.0
2024-08-09,DEMO-01,DU-03,dumper,10.19,0.575,0,0.0
2024-08-10,DEMO-01,DU-03,dumper,0.51,0.979,0,0.0
2024-08-11,DEMO-01,DU-03,dumper,0.5,0.979,0,0.0
2024-08-12,DEMO-01,DU-03,dumper,0.49,0.98,0,0.0
2024-08-13,DEMO-01,DU-03,dumper,1.53,0.936,0,0.0
2024-08-14,DEMO-01,DU-03,dumper,1.5,0.938,0,0.0
2024-08-15,DEMO-01,DU-03,dumper,0.56,0.977,0,0.0
2024-08-16,DEMO-01,DU-03,dumper,1.1,0.954,0,0.0
2024-08-17,DEMO-01,DU-03,dumper,0.07,0.997,0,0.0
2024-08-18,DEMO-01,DU-03,dumper,2.33,0.903,0,0.0
2024-08-19,DEMO-01,DU-03,dumper,2.39,0.9,0,0.0
2024-08-20,DEMO-01,DU-03,dumper,6.92,0.711,0,0.0
2024-08-21,DEMO-01,DU-03,dumper,1.29,0.946,0,0.0
2024-08-22,DEMO-01,DU-03,dumper,2.97,0.876,0,0.0
2024-08-23,DEMO-01,DU-03,dumper,5.39,0.775,0,0.0
2024-08-24,DEMO-01,DU-03,dumper,4.54,0.811,0,0.0
2024-08-25,DEMO-01,DU-03,dumper,8.52,0.645,1,3.2
2024-08-26,DEMO-01,DU-03,dumper,2.9,0.879,0,0.0
2024-08-27,DEMO-01,DU-03,dumper,0.88,0.963,0,0.0
2024-08-28,DEMO-01,DU-03,dumper,2.1,0.913,0,0.0
2024-08-29,DEMO-01,DU-03,dumper,2.27,0.906,0,0.0
2024-08-30,DEMO-01,DU-03,dumper,2.78,0.884,0,0.0
2024-08-31,DEMO-01,DU-03,dumper,1.82,0.924,0,0.0
2024-09-01,DEMO-01,DU-03,dumper,1.57,0.935,0,0.0
2024-09-02,DEMO-01,DU-03,dumper,6.04,0.749,0,0.0
2024-09-03,DEMO-01,DU-03,dumper,0.94,0.961,0,0.0
2024-09-04,DEMO-01,DU-03,dumper,7.43,0.69,1,6.41
2024-09-05,DEMO-01,DU-03,dumper,1.09,0.955,0,0.0
2024-09-06,DEMO-01,DU-03,dumper,1.28,0.947,0,0.0
2024-09-07,DEMO-01,DU-03,dumper,0.24,0.99,0,0.0
2024-09-08,DEMO-01,DU-03,dumper,1.8,0.925,0,0.0
2024-09-09,DEMO-01,DU-03,dumper,1.33,0.944,0,0.0
2024-09-10,DEMO-01,DU-03,dumper,2.68,0.888,0,0.0
2024-09-11,DEMO-01,DU-03,dumper,0.89,0.963,0,0.0
2024-09-12,DEMO-01,DU-03,dumper,3.6,0.85,0,0.0
2024-09-13,DEMO-01,DU-03,dumper,1.46,0.939,0,0.0
2024-09-14,DEMO-01,DU-03,dumper,1.43,0.94,0,0.0
2024-09-15,DEMO-01,DU-03,dumper,1.73,0.928,0,0.0
2024-09-16,DEMO-01,DU-03,dumper,3.16,0.868,0,0.0
2024-09-17,DEMO-01,DU-03,dumper,2.47,0.897,0,0.0
2024-09-18,DEMO-01,DU-03,dumper,0.86,0.964,0,0.0
2024-09-19,DEMO-01,DU-03,dumper,0.53,0.978,0,0.0
2024-09-20,DEMO-01,DU-03,dumper,7.67,0.68,1,5.9
2024-09-21,DEMO-01,DU-03,dumper,1.52,0.936,0,0.0
2024-09-22,DEMO-01,DU-03,dumper,2.34,0.902,0,0.0
2024-09-23,DEMO-01,DU-03,dumper,3.21,0.866,0,0.0
2024-09-24,DEMO-01,DU-03,dumper,0.21,0.991,0,0.0
2024-09-25,DEMO-01,DU-03,dumper,3.56,0.851,0,0.0
2024-09-26,DEMO-01,DU-03,dumper,0.8,0.967,0,0.0
2024-09-27,DEMO-01,DU-03,dumper,1.17,0.951,0,0.0
2024-09-28,DEMO-01,DU-03,dumper,0.42,0.983,0,0.0
2024-09-29,DEMO-01,DU-03,dumper,1.54,0.936,0,0.0
2024-09-30,DEMO-01,DU-03,dumper,2.49,0.896,0,0.0
2024-10-01,DEMO-01,DU-03,dumper,0.35,0.985,0,0.0
2024-10-02,DEMO-01,DU-03,dumper,0.54,0.977,0,0.0
2024-10-03,DEMO-01,DU-03,dumper,2.99,0.875,0,0.0
2024-10-04,DEMO-01,DU-03,dumper,1.38,0.943,0,0.0
2024-10-05,DEMO-01,DU-03,dumper,2.74,0.886,0,0.0
2024-10-06,DEMO-01,DU-03,dumper,0.53,0.978,0,0.0
2024-10-07,DEMO-01,DU-03,dumper,3.27,0.864,1,2.03
2024-10-08,DEMO-01,DU-03,dumper,0.82,0.966,0,0.0
2024-10-09,DEMO-01,DU-03,dumper,2.31,0.904,1,2.46
2024-10-10,DEMO-01,DU-03,dumper,0.94,0.961,0,0.0
2024-10-11,DEMO-01,DU-03,dumper,1.64,0.932,0,0.0
2024-10-12,DEMO-01,DU-03,dumper,0.56,0.976,0,0.0
2024-10-13,DEMO-01,DU-03,dumper,2.49,0.896,0,0.0
2024-10-14,DEMO-01,DU-03,dumper,0.46,0.981,0,0.0
2024-10-15,DEMO-01,DU-03,dumper,0.32,0.986,0,0.0
2024-10-16,DEMO-01,DU-03,dumper,1.08,0.955,0,0.0
2024-10-17,DEMO-01,DU-03,dumper,2.85,0.881,0,0.0
2024-10-18,DEMO-01,DU-03,dumper,1.07,0.955,0,0.0
2024-10-19,DEMO-01,DU-03,dumper,0.18,0.992,0,0.0
2024-10-20,DEMO-01,DU-03,dumper,5.78,0.759,1,4.46
2024-10-21,DEMO-01,DU-03,dumper,0.99,0.959,0,0.0
2024-10-22,DEMO-01,DU-03,dumper,2.0,0.917,0,0.0
2024-10-23,DEMO-01,DU-03,dumper,3.24,0.865,0,0.0
2024-10-24,DEMO-01,DU-03,dumper,5.9,0.754,1,6.53
2024-10-25,DEMO-01,DU-03,dumper,0.94,0.961,0,0.0
2024-10-26,DEMO-01,DU-03,dumper,1.61,0.933,0,0.0
2024-10-27,DEMO-01,DU-03,dumper,1.54,0.936,0,0.0
2024-10-28,DEMO-01,DU-03,dumper,1.01,0.958,0,0.0
2024-10-29,DEMO-01,DU-03,dumper,1.77,0.926,0,0.0
2024-10-30,DEMO-01,DU-03,dumper,0.05,0.998,0,0.0
2024-10-31,DEMO-01,DU-03,dumper,1.85,0.923,0,0.0
2024-11-01,DEMO-01,DU-03,dumper,1.11,0.954,0,0.0
2024-11-02,DEMO-01,DU-03,dumper,1.35,0.944,0,0.0
2024-11-03,DEMO-01,DU-03,dumper,0.69,0.971,0,0.0
2024-11-04,DEMO-01,DU-03,dumper,1.42,0.941,0,0.0
2024-11-05,DEMO-01,DU-03,dumper,2.66,0.889,0,0.0
2024-11-06,DEMO-01,DU-03,dumper,0.16,0.993,0,0.0
2024-11-07,DEMO-01,DU-03,dumper,1.05,0.956,0,0.0
2024-11-08,DEMO-01,DU-03,dumper,0.86,0.964,0,0.0
2024-11-09,DEMO-01,DU-03,dumper,0.67,0.972,0,0.0
2024-11-10,DEMO-01,DU-03,dumper,0.55,0.977,0,0.0
2024-11-11,DEMO-01,DU-03,dumper,2.16,0.91,0,0.0
2024-11-12,DEMO-01,DU-03,dumper,0.79,0.967,0,0.0
2024-11-13,DEMO-01,DU-03,dumper,0.54,0.978,0,0.0
2024-11-14,DEMO-01,DU-03,dumper,1.77,0.926,0,0.0
2024-11-15,DEMO-01,DU-03,dumper,2.02,0.916,0,0.0
2024-11-16,DEMO-01,DU-03,dumper,1.32,0.945,0,0.0
2024-11-17,DEMO-01,DU-03,dumper,3.36,0.86,0,0.0
2024-11-18,DEMO-01,DU-03,dumper,0.72,0.97,0,0.0
2024-11-19,DEMO-01,DU-03,dumper,0.43,0.982,0,0.0
2024-11-20,DEMO-01,DU-03,dumper,0.8,0.966,0,0.0
2024-11-21,DEMO-01,DU-03,dumper,2.19,0.909,0,0.0
2024-11-22,DEMO-01,DU-03,dumper,1.38,0.943,0,0.0
2024-11-23,DEMO-01,DU-03,dumper,1.34,0.944,0,0.0
2024-11-24,DEMO-01,DU-03,dumper,0.27,0.989,0,0.0
2024-11-25,DEMO-01,DU-03,dumper,2.87,0.88,0,0.0
2024-11-26,DEMO-01,DU-03,dumper,1.3,0.946,0,0.0
2024-11-27,DEMO-01,DU-03,dumper,0.38,0.984,0,0.0
2024-11-28,DEMO-01,DU-03,dumper,1.24,0.948,0,0.0
2024-11-29,DEMO-01,DU-03,dumper,1.41,0.941,0,0.0
2024-11-30,DEMO-01,DU-03,dumper,1.99,0.917,0,0.0
2024-12-01,DEMO-01,DU-03,dumper,0.45,0.981,0,0.0
2024-12-02,DEMO-01,DU-03,dumper,1.15,0.952,0,0.0
2024-12-03,DEMO-01,DU-03,dumper,7.9,0.671,1,8.81
2024-12-04,DEMO-01,DU-03,dumper,0.4,0.983,0,0.0
2024-12-05,DEMO-01,DU-03,dumper,0.96,0.96,0,0.0
2024-12-06,DEMO-01,DU-03,dumper,1.99,0.917,0,0.0
2024-12-07,DEMO-01,DU-03,dumper,2.47,0.897,0,0.0
2024-12-08,DEMO-01,DU-03,dumper,1.67,0.93,0,0.0
2024-12-09,DEMO-01,DU-03,dumper,0.84,0.965,0,0.0
2024-12-10,DEMO-01,DU-03,dumper,1.09,0.955,0,0.0
2024-12-11,DEMO-01,DU-03,dumper,1.06,0.956,0,0.0
2024-12-12,DEMO-01,DU-03,dumper,1.44,0.94,0,0.0
2024-12-13,DEMO-01,DU-03,dumper,0.76,0.968,0,0.0
2024-12-14,DEMO-01,DU-03,dumper,0.68,0.972,0,0.0
2024-12-15,DEMO-01,DU-03,dumper,0.66,0.972,0,0.0
2024-12-16,DEMO-01,DU-03,dumper,0.43,0.982,0,0.0
2024-12-17,DEMO-01,DU-03,dumper,1.72,0.928,0,0.0
2024-12-18,DEMO-01,DU-03,dumper,1.27,0.947,0,0.0
2024-12-19,DEMO-01,DU-03,dumper,1.14,0.953,0,0.0
2024-12-20,DEMO-01,DU-03,dumper,0.32,0.987,0,0.0
2024-12-21,DEMO-01,DU-03,dumper,1.78,0.926,0,0.0
2024-12-22,DEMO-01,DU-03,dumper,0.69,0.971,0,0.0
2024-12-23,DEMO-01,DU-03,dumper,2.76,0.885,0,0.0
2024-12-24,DEMO-01,DU-03,dumper,0.75,0.969,0,0.0
2024-12-25,DEMO-01,DU-03,dumper,1.41,0.941,0,0.0
2024-12-26,DEMO-01,DU-03,dumper,0.59,0.975,0,0.0
2024-12-27,DEMO-01,DU-03,dumper,0.11,0.996,0,0.0
2024-12-28,DEMO-01,DU-03,dumper,1.13,0.953,0,0.0
2024-12-29,DEMO-01,DU-03,dumper,0.55,0.977,0,0.0
2024-12-30,DEMO-01,DU-03,dumper,4.72,0.803,1,3.33
2024-12-31,DEMO-01,DU-03,dumper,3.85,0.839,1,3.99
2025-01-01,DEMO-01,DU-03,dumper,1.82,0.924,0,0.0
2025-01-02,DEMO-01,DU-03,dumper,0.12,0.995,0,0.0
2025-01-03,DEMO-01,DU-03,dumper,2.32,0.903,0,0.0
2025-01-04,DEMO-01,DU-03,dumper,0.76,0.968,0,0.0
2025-01-05,DEMO-01,DU-03,dumper,2.23,0.907,0,0.0
2025-01-06,DEMO-01,DU-03,dumper,0.8,0.967,0,0.0
2025-01-07,DEMO-01,DU-03,dumper,0.94,0.961,0,0.0
2025-01-08,DEMO-01,DU-03,dumper,0.96,0.96,0,0.0
2025-01-09,DEMO-01,DU-03,dumper,0.61,0.975,0,0.0
2025-01-10,DEMO-01,DU-03,dumper,1.12,0.953,0,0.0
2025-01-11,DEMO-01,DU-03,dumper,1.19,0.95,0,0.0
2025-01-12,DEMO-01,DU-03,dumper,0.67,0.972,0,0.0
2025-01-13,DEMO-01,DU-03,dumper,0.18,0.992,0,0.0
2025-01-14,DEMO-01,DU-03,dumper,0.46,0.981,0,0.0
2025-01-15,DEMO-01,DU-03,dumper,0.3,0.987,0,0.0
2025-01-16,DEMO-01,DU-03,dumper,1.02,0.957,0,0.0
2025-01-17,DEMO-01,DU-03,dumper,0.29,0.988,0,0.0
2025-01-18,DEMO-01,DU-03,dumper,0.12,0.995,0,0.0
2025-01-19,DEMO-01,DU-03,dumper,0.33,0.986,0,0.0
2025-01-20,DEMO-01,DU-03,dumper,2.35,0.902,0,0.0
2025-01-21,DEMO-01,DU-03,dumper,2.69,0.888,0,0.0
2025-01-22,DEMO-01,DU-03,dumper,1.62,0.933,0,0.0
2025-01-23,DEMO-01,DU-03,dumper,1.98,0.918,0,0.0
2025-01-24,DEMO-01,DU-03,dumper,0.45,0.981,0,0.0
2025-01-25,DEMO-01,DU-03,dumper,2.67,0.889,0,0.0
2025-01-26,DEMO-01,DU-03,dumper,0.89,0.963,0,0.0
2025-01-27,DEMO-01,DU-03,dumper,0.71,0.97,0,0.0
2025-01-28,DEMO-01,DU-03,dumper,1.56,0.935,0,0.0
2025-01-29,DEMO-01,DU-03,dumper,0.75,0.969,0,0.0
2025-01-30,DEMO-01,DU-03,dumper,0.54,0.978,0,0.0
2025-01-31,DEMO-01,DU-03,dumper,0.29,0.988,0,0.0
2025-02-01,DEMO-01,DU-03,dumper,1.07,0.956,0,0.0
2025-02-02,DEMO-01,DU-03,dumper,2.01,0.916,0,0.0
2025-02-03,DEMO-01,DU-03,dumper,0.82,0.966,0,0.0
2025-02-04,DEMO-01,DU-03,dumper,0.72,0.97,0,0.0
2025-02-05,DEMO-01,DU-03,dumper,1.17,0.951,0,0.0
2025-02-06,DEMO-01,DU-03,dumper,1.57,0.935,0,0.0
2025-02-07,DEMO-01,DU-03,dumper,1.28,0.946,0,0.0
2025-02-08,DEMO-01,DU-03,dumper,0.73,0.97,0,0.0
2025-02-09,DEMO-01,DU-03,dumper,1.11,0.954,0,0.0
2025-02-10,DEMO-01,DU-03,dumper,3.4,0.858,0,0.0
2025-02-11,DEMO-01,DU-03,dumper,0.47,0.98,0,0.0
2025-02-12,DEMO-01,DU-03,dumper,2.61,0.891,0,0.0
2025-02-13,DEMO-01,DU-03,dumper,1.56,0.935,0,0.0
2025-02-14,DEMO-01,DU-03,dumper,0.35,0.986,0,0.0
2025-02-15,DEMO-01,DU-03,dumper,0.52,0.978,0,0.0
2025-02-16,DEMO-01,DU-03,dumper,0.92,0.962,0,0.0
2025-02-17,DEMO-01,DU-03,dumper,1.58,0.934,0,0.0
2025-02-18,DEMO-01,DU-03,dumper,1.69,0.929,0,0.0
2025-02-19,DEMO-01,DU-03,dumper,0.97,0.96,0,0.0
2025-02-20,DEMO-01,DU-03,dumper,1.29,0.946,0,0.0
2025-02-21,DEMO-01,DU-03,dumper,0.13,0.994,0,0.0
2025-02-22,DEMO-01,DU-03,dumper,2.03,0.915,0,0.0
2025-02-23,DEMO-01,DU-03,dumper,1.76,0.927,0,0.0
2025-02-24,DEMO-01,DU-03,dumper,0.77,0.968,0,0.0
2025-02-25,DEMO-01,DU-03,dumper,0.94,0.961,0,0.0
2025-02-26,DEMO-01,DU-03,dumper,0.36,0.985,0,0.0
2025-02-27,DEMO-01,DU-03,dumper,8.95,0.627,1,8.85
2025-02-28,DEMO-01,DU-03,dumper,8.85,0.631,1,9.15
2025-03-01,DEMO-01,DU-03,dumper,1.16,0.951,0,0.0
2025-03-02,DEMO-01,DU-03,dumper,0.91,0.962,0,0.0
2025-03-03,DEMO-01,DU-03,dumper,1.68,0.93,0,0.0
2025-03-04,DEMO-01,DU-03,dumper,1.79,0.926,0,0.0
2025-03-05,DEMO-01,DU-03,dumper,1.02,0.957,0,0.0
2025-03-06,DEMO-01,DU-03,dumper,1.08,0.955,0,0.0
2025-03-07,DEMO-01,DU-03,dumper,0.96,0.96,0,0.0
2025-03-08,DEMO-01,DU-03,dumper,0.84,0.965,0,0.0
2025-03-09,DEMO-01,DU-03,dumper,2.3,0.904,0,0.0
2025-03-10,DEMO-01,DU-03,dumper,0.99,0.959,0,0.0
2025-03-11,DEMO-01,DU-03,dumper,1.2,0.95,0,0.0
2025-03-12,DEMO-01,DU-03,dumper,0.17,0.993,0,0.0
2025-03-13,DEMO-01,DU-03,dumper,1.04,0.957,0,0.0
2025-03-14,DEMO-01,DU-03,dumper,9.46,0.606,1,8.75
2025-03-15,DEMO-01,DU-03,dumper,0.94,0.961,0,0.0
2025-03-16,DEMO-01,DU-03,dumper,1.12,0.953,0,0.0
2025-03-17,DEMO-01,DU-03,dumper,0.99,0.959,0,0.0
2025-03-18,DEMO-01,DU-03,dumper,0.79,0.967,0,0.0
2025-03-19,DEMO-01,DU-03,dumper,1.11,0.954,0,0.0
2025-03-20,DEMO-01,DU-03,dumper,0.83,0.965,0,0.0
2025-03-21,DEMO-01,DU-03,dumper,1.05,0.956,0,0.0
2025-03-22,DEMO-01,DU-03,dumper,0.8,0.967,0,0.0
2025-03-23,DEMO-01,DU-03,dumper,1.06,0.956,0,0.0
2025-03-24,DEMO-01,DU-03,dumper,0.37,0.985,0,0.0
2025-03-25,DEMO-01,DU-03,dumper,0.34,0.986,0,0.0
2025-03-26,DEMO-01,DU-03,dumper,0.72,0.97,0,0.0
2025-03-27,DEMO-01,DU-03,dumper,8.18,0.659,1,8.53
2025-03-28,DEMO-01,DU-03,dumper,0.31,0.987,0,0.0
2025-03-29,DEMO-01,DU-03,dumper,1.45,0.94,0,0.0
2025-03-30,DEMO-01,DU-03,dumper,0.49,0.979,0,0.0
2025-03-31,DEMO-01,DU-03,dumper,1.24,0.948,0,0.0
2025-04-01,DEMO-01,DU-03,dumper,0.25,0.99,0,0.0
2025-04-02,DEMO-01,DU-03,dumper,6.42,0.732,1,6.5
2025-04-03,DEMO-01,DU-03,dumper,2.75,0.885,0,0.0
2025-04-04,DEMO-01,DU-03,dumper,0.6,0.975,0,0.0
2025-04-05,DEMO-01,DU-03,dumper,2.09,0.913,0,0.0
2025-04-06,DEMO-01,DU-03,dumper,1.51,0.937,0,0.0
2025-04-07,DEMO-01,DU-03,dumper,0.96,0.96,0,0.0
2025-04-08,DEMO-01,DU-03,dumper,0.41,0.983,0,0.0
2025-04-09,DEMO-01,DU-03,dumper,8.85,0.631,1,9.58
2025-04-10,DEMO-01,DU-03,dumper,0.98,0.959,0,0.0
2025-04-11,DEMO-01,DU-03,dumper,6.08,0.747,1,6.96
2025-04-12,DEMO-01,DU-03,dumper,4.18,0.826,0,0.0
2025-04-13,DEMO-01,DU-03,dumper,2.18,0.909,0,0.0
2025-04-14,DEMO-01,DU-03,dumper,3.46,0.856,0,0.0
2025-04-15,DEMO-01,DU-03,dumper,1.19,0.95,0,0.0
2025-04-16,DEMO-01,DU-03,dumper,0.44,0.982,0,0.0
2025-04-17,DEMO-01,DU-03,dumper,0.81,0.966,0,0.0
2025-04-18,DEMO-01,DU-03,dumper,1.57,0.935,0,0.0
2025-04-19,DEMO-01,DU-03,dumper,2.94,0.877,0,0.0
2025-04-20,DEMO-01,DU-03,dumper,1.63,0.932,0,0.0
2025-04-21,DEMO-01,DU-03,dumper,2.1,0.913,0,0.0
2025-04-22,DEMO-01,DU-03,dumper,2.29,0.904,0,0.0
2025-04-23,DEMO-01,DU-03,dumper,1.84,0.923,0,0.0
2025-04-24,DEMO-01,DU-03,dumper,0.4,0.983,0,0.0
2025-04-25,DEMO-01,DU-03,dumper,0.53,0.978,0,0.0
2025-04-26,DEMO-01,DU-03,dumper,1.36,0.943,0,0.0
2025-04-27,DEMO-01,DU-03,dumper,0.41,0.983,0,0.0
2025-04-28,DEMO-01,DU-03,dumper,0.65,0.973,0,0.0
2025-04-29,DEMO-01,DU-03,dumper,10.0,0.584,1,9.65
2025-04-30,DEMO-01,DU-03,dumper,8.11,0.662,1,6.19
2025-05-01,DEMO-01,DU-03,dumper,2.11,0.912,0,0.0
2025-05-02,DEMO-01,DU-03,dumper,0.73,0.97,0,0.0
2025-05-03,DEMO-01,DU-03,dumper,0.72,0.97,0,0.0
2025-05-04,DEMO-01,DU-03,dumper,1.04,0.957,0,0.0
2025-05-05,DEMO-01,DU-03,dumper,1.25,0.948,0,0.0
2025-05-06,DEMO-01,DU-03,dumper,3.27,0.864,0,0.0
2025-05-07,DEMO-01,DU-03,dumper,2.74,0.886,0,0.0
2025-05-08,DEMO-01,DU-03,dumper,0.11,0.996,0,0.0
2025-05-09,DEMO-01,DU-03,dumper,1.01,0.958,0,0.0
2025-05-10,DEMO-01,DU-03,dumper,2.76,0.885,0,0.0
2025-05-11,DEMO-01,DU-03,dumper,2.23,0.907,0,0.0
2025-05-12,DEMO-01,DU-03,dumper,0.53,0.978,0,0.0
2025-05-13,DEMO-01,DU-03,dumper,1.47,0.939,0,0.0
2025-05-14,DEMO-01,DU-03,dumper,1.4,0.942,0,0.0
2025-05-15,DEMO-01,DU-03,dumper,2.44,0.898,0,0.0
2025-05-16,DEMO-01,DU-03,dumper,2.05,0.914,0,0.0
2025-05-17,DEMO-01,DU-03,dumper,0.89,0.963,0,0.0
2025-05-18,DEMO-01,DU-03,dumper,0.62,0.974,0,0.0
2025-05-19,DEMO-01,DU-03,dumper,0.69,0.971,0,0.0
2025-05-20,DEMO-01,DU-03,dumper,1.47,0.939,0,0.0
2025-05-21,DEMO-01,DU-03,dumper,2.17,0.91,0,0.0
2025-05-22,DEMO-01,DU-03,dumper,1.41,0.941,0,0.0
2025-05-23,DEMO-01,DU-03,dumper,0.97,0.96,0,0.0
2025-05-24,DEMO-01,DU-03,dumper,1.44,0.94,0,0.0
2025-05-25,DEMO-01,DU-03,dumper,1.54,0.936,0,0.0
2025-05-26,DEMO-01,DU-03,dumper,0.26,0.989,0,0.0
2025-05-27,DEMO-01,DU-03,dumper,1.92,0.92,0,0.0
2025-05-28,DEMO-01,DU-03,dumper,1.23,0.949,0,0.0
2025-05-29,DEMO-01,DU-03,dumper,0.79,0.967,0,0.0
2025-05-30,DEMO-01,DU-03,dumper,2.04,0.915,0,0.0
2025-05-31,DEMO-01,DU-03,dumper,0.58,0.976,0,0.0
2025-06-01,DEMO-01,DU-03,dumper,1.28,0.946,0,0.0
2025-06-02,DEMO-01,DU-03,dumper,2.63,0.891,1,2.22
2025-06-03,DEMO-01,DU-03,dumper,4.71,0.804,0,0.0
2025-06-04,DEMO-01,DU-03,dumper,1.92,0.92,0,0.0
2025-06-05,DEMO-01,DU-03,dumper,2.35,0.902,0,0.0
2025-06-06,DEMO-01,DU-03,dumper,2.79,0.884,0,0.0
2025-06-07,DEMO-01,DU-03,dumper,5.9,0.754,0,0.0
2025-06-08,DEMO-01,DU-03,dumper,2.01,0.916,0,0.0
2025-06-09,DEMO-01,DU-03,dumper,4.22,0.824,0,0.0
2025-06-10,DEMO-01,DU-03,dumper,1.4,0.942,0,0.0
2025-06-11,DEMO-01,DU-03,dumper,3.07,0.872,0,0.0
2025-06-12,DEMO-01,DU-03,dumper,10.94,0.544,1,6.73
2025-06-13,DEMO-01,DU-03,dumper,6.09,0.746,1,6.56
2025-06-14,DEMO-01,DU-03,dumper,15.19,0.367,1,9.25
2025-06-15,DEMO-01,DU-03,dumper,6.55,0.727,1,2.83
2025-06-16,DEMO-01,DU-03,dumper,1.1,0.954,0,0.0
2025-06-17,DEMO-01,DU-03,dumper,0.51,0.979,0,0.0
2025-06-18,DEMO-01,DU-03,dumper,1.24,0.948,0,0.0
2025-06-19,DEMO-01,DU-03,dumper,2.47,0.897,0,0.0
2025-06-20,DEMO-01,DU-03,dumper,0.76,0.968,0,0.0
2025-06-21,DEMO-01,DU-03,dumper,1.84,0.923,0,0.0
2025-06-22,DEMO-01,DU-03,dumper,1.48,0.938,0,0.0
2025-06-23,DEMO-01,DU-03,dumper,1.34,0.944,0,0.0
2025-06-24,DEMO-01,DU-03,dumper,6.84,0.715,0,0.0
2025-06-25,DEMO-01,DU-03,dumper,2.25,0.906,0,0.0
2025-06-26,DEMO-01,DU-03,dumper,10.86,0.548,0,0.0
2025-06-27,DEMO-01,DU-03,dumper,0.14,0.994,0,0.0
2025-06-28,DEMO-01,DU-03,dumper,2.66,0.889,0,0.0
2025-06-29,DEMO-01,DU-03,dumper,0.53,0.978,0,0.0
2025-06-30,DEMO-01,DU-03,dumper,5.8,0.758,1,4.06
2025-07-01,DEMO-01,DU-03,dumper,1.59,0.934,0,0.0
2025-07-02,DEMO-01,DU-03,dumper,1.44,0.94,0,0.0
2025-07-03,DEMO-01,DU-03,dumper,1.71,0.929,0,0.0
2025-07-04,DEMO-01,DU-03,dumper,10.81,0.549,0,0.0
2025-07-05,DEMO-01,DU-03,dumper,8.72,0.637,0,0.0
2025-07-06,DEMO-01,DU-03,dumper,0.17,0.993,0,0.0
2025-07-07,DEMO-01,DU-03,dumper,2.99,0.875,0,0.0
2025-07-08,DEMO-01,DU-03,dumper,4.11,0.829,0,0.0
2025-07-09,DEMO-01,DU-03,dumper,1.78,0.926,0,0.0
2025-07-10,DEMO-01,DU-03,dumper,1.91,0.92,0,0.0
2025-07-11,DEMO-01,DU-03,dumper,5.61,0.766,0,0.0
2025-07-12,DEMO-01,DU-03,dumper,5.01,0.791,0,0.0
2025-07-13,DEMO-01,DU-03,dumper,2.51,0.896,0,0.0
2025-07-14,DEMO-01,DU-03,dumper,11.16,0.535,1,8.58
2025-07-15,DEMO-01,DU-03,dumper,3.13,0.869,0,0.0
2025-07-16,DEMO-01,DU-03,dumper,12.15,0.494,1,5.72
2025-07-17,DEMO-01,DU-03,dumper,4.17,0.826,0,0.0
2025-07-18,DEMO-01,DU-03,dumper,8.38,0.651,0,0.0
2025-07-19,DEMO-01,DU-03,dumper,2.19,0.909,0,0.0
2025-07-20,DEMO-01,DU-03,dumper,1.89,0.921,0,0.0
2025-07-21,DEMO-01,DU-03,dumper,1.88,0.922,0,0.0
2025-07-22,DEMO-01,DU-03,dumper,2.06,0.914,0,0.0
2025-07-23,DEMO-01,DU-03,dumper,3.64,0.848,0,0.0
2025-07-24,DEMO-01,DU-03,dumper,2.41,0.899,0,0.0
2025-07-25,DEMO-01,DU-03,dumper,1.31,0.945,0,0.0
2025-07-26,DEMO-01,DU-03,dumper,1.54,0.936,0,0.0
2025-07-27,DEMO-01,DU-03,dumper,4.39,0.817,0,0.0
2025-07-28,DEMO-01,DU-03,dumper,4.31,0.82,0,0.0
2025-07-29,DEMO-01,DU-03,dumper,4.46,0.814,0,0.0
2025-07-30,DEMO-01,DU-03,dumper,7.79,0.675,0,0.0
2025-07-31,DEMO-01,DU-03,dumper,1.13,0.953,0,0.0
2025-08-01,DEMO-01,DU-03,dumper,0.82,0.966,0,0.0
2025-08-02,DEMO-01,DU-03,dumper,5.04,0.79,0,0.0
2025-08-03,DEMO-01,DU-03,dumper,2.67,0.889,0,0.0
2025-08-04,DEMO-01,DU-03,dumper,3.77,0.843,0,0.0
2025-08-05,DEMO-01,DU-03,dumper,1.55,0.936,0,0.0
2025-08-06,DEMO-01,DU-03,dumper,0.43,0.982,0,0.0
2025-08-07,DEMO-01,DU-03,dumper,6.86,0.714,0,0.0
2025-08-08,DEMO-01,DU-03,dumper,0.75,0.969,0,0.0
2025-08-09,DEMO-01,DU-03,dumper,0.86,0.964,0,0.0
2025-08-10,DEMO-01,DU-03,dumper,7.68,0.68,0,0.0
2025-08-11,DEMO-01,DU-03,dumper,3.06,0.873,0,0.0
2025-08-12,DEMO-01,DU-03,dumper,2.1,0.913,0,0.0
2025-08-13,DEMO-01,DU-03,dumper,2.76,0.885,0,0.0
2025-08-14,DEMO-01,DU-03,dumper,3.13,0.87,0,0.0
2025-08-15,DEMO-01,DU-03,dumper,10.77,0.551,0,0.0
2025-08-16,DEMO-01,DU-03,dumper,0.11,0.995,0,0.0
2025-08-17,DEMO-01,DU-03,dumper,8.43,0.649,0,0.0
2025-08-18,DEMO-01,DU-03,dumper,1.58,0.934,0,0.0
2025-08-19,DEMO-01,DU-03,dumper,7.05,0.706,0,0.0
2025-08-20,DEMO-01,DU-03,dumper,2.91,0.879,0,0.0
2025-08-21,DEMO-01,DU-03,dumper,5.53,0.769,0,0.0
2025-08-22,DEMO-01,DU-03,dumper,0.87,0.964,0,0.0
2025-08-23,DEMO-01,DU-03,dumper,3.9,0.838,0,0.0
2025-08-24,DEMO-01,DU-03,dumper,2.69,0.888,0,0.0
2025-08-25,DEMO-01,DU-03,dumper,0.54,0.977,0,0.0
2025-08-26,DEMO-01,DU-03,dumper,0.42,0.983,0,0.0
2025-08-27,DEMO-01,DU-03,dumper,0.53,0.978,0,0.0
2025-08-28,DEMO-01,DU-03,dumper,2.34,0.902,0,0.0
2025-08-29,DEMO-01,DU-03,dumper,0.52,0.978,0,0.0
2025-08-30,DEMO-01,DU-03,dumper,1.95,0.919,0,0.0
2025-08-31,DEMO-01,DU-03,dumper,3.32,0.862,0,0.0
2025-09-01,DEMO-01,DU-03,dumper,3.19,0.867,0,0.0
2025-09-02,DEMO-01,DU-03,dumper,3.13,0.869,0,0.0
2025-09-03,DEMO-01,DU-03,dumper,1.54,0.936,0,0.0
2025-09-04,DEMO-01,DU-03,dumper,1.07,0.955,0,0.0
2025-09-05,DEMO-01,DU-03,dumper,4.56,0.81,0,0.0
2025-09-06,DEMO-01,DU-03,dumper,1.14,0.953,0,0.0
2025-09-07,DEMO-01,DU-03,dumper,0.35,0.985,0,0.0
2025-09-08,DEMO-01,DU-03,dumper,2.19,0.909,0,0.0
2025-09-09,DEMO-01,DU-03,dumper,2.05,0.914,0,0.0
2025-09-10,DEMO-01,DU-03,dumper,3.46,0.856,0,0.0
2025-09-11,DEMO-01,DU-03,dumper,1.46,0.939,0,0.0
2025-09-12,DEMO-01,DU-03,dumper,1.24,0.948,0,0.0
2025-09-13,DEMO-01,DU-03,dumper,1.33,0.944,0,0.0
2025-09-14,DEMO-01,DU-03,dumper,3.32,0.861,0,0.0
2025-09-15,DEMO-01,DU-03,dumper,1.53,0.936,0,0.0
2025-09-16,DEMO-01,DU-03,dumper,2.52,0.895,0,0.0
2025-09-17,DEMO-01,DU-03,dumper,1.46,0.939,0,0.0
2025-09-18,DEMO-01,DU-03,dumper,3.18,0.868,0,0.0
2025-09-19,DEMO-01,DU-03,dumper,1.08,0.955,0,0.0
2025-09-20,DEMO-01,DU-03,dumper,0.39,0.984,0,0.0
2025-09-21,DEMO-01,DU-03,dumper,0.37,0.985,0,0.0
2025-09-22,DEMO-01,DU-03,dumper,0.62,0.974,0,0.0
2025-09-23,DEMO-01,DU-03,dumper,1.04,0.957,0,0.0
2025-09-24,DEMO-01,DU-03,dumper,0.99,0.959,0,0.0
2025-09-25,DEMO-01,DU-03,dumper,1.62,0.933,0,0.0
2025-09-26,DEMO-01,DU-03,dumper,2.71,0.887,0,0.0
2025-09-27,DEMO-01,DU-03,dumper,0.15,0.994,0,0.0
2025-09-28,DEMO-01,DU-03,dumper,2.54,0.894,1,1.65
2025-09-29,DEMO-01,DU-03,dumper,0.99,0.959,0,0.0
2025-09-30,DEMO-01,DU-03,dumper,2.67,0.889,0,0.0
2025-10-01,DEMO-01,DU-03,dumper,0.58,0.976,0,0.0
2025-10-02,DEMO-01,DU-03,dumper,1.39,0.942,0,0.0
2025-10-03,DEMO-01,DU-03,dumper,1.33,0.945,0,0.0
2025-10-04,DEMO-01,DU-03,dumper,1.08,0.955,0,0.0
2025-10-05,DEMO-01,DU-03,dumper,8.81,0.633,1,8.58
2025-10-06,DEMO-01,DU-03,dumper,0.19,0.992,0,0.0
2025-10-07,DEMO-01,DU-03,dumper,0.31,0.987,0,0.0
2025-10-08,DEMO-01,DU-03,dumper,0.18,0.992,0,0.0
2025-10-09,DEMO-01,DU-03,dumper,0.58,0.976,0,0.0
2025-10-10,DEMO-01,DU-03,dumper,0.82,0.966,0,0.0
2025-10-11,DEMO-01,DU-03,dumper,1.35,0.944,0,0.0
2025-10-12,DEMO-01,DU-03,dumper,0.61,0.974,0,0.0
2025-10-13,DEMO-01,DU-03,dumper,2.37,0.901,0,0.0
2025-10-14,DEMO-01,DU-03,dumper,1.44,0.94,0,0.0
2025-10-15,DEMO-01,DU-03,dumper,1.43,0.94,0,0.0
2025-10-16,DEMO-01,DU-03,dumper,1.65,0.931,0,0.0
2025-10-17,DEMO-01,DU-03,dumper,0.75,0.969,0,0.0
2025-10-18,DEMO-01,DU-03,dumper,0.58,0.976,0,0.0
2025-10-19,DEMO-01,DU-03,dumper,1.35,0.944,0,0.0
2025-10-20,DEMO-01,DU-03,dumper,0.67,0.972,0,0.0
2025-10-21,DEMO-01,DU-03,dumper,1.22,0.949,0,0.0
2025-10-22,DEMO-01,DU-03,dumper,0.75,0.969,0,0.0
2025-10-23,DEMO-01,DU-03,dumper,1.39,0.942,0,0.0
2025-10-24,DEMO-01,DU-03,dumper,2.55,0.894,0,0.0
2025-10-25,DEMO-01,DU-03,dumper,1.57,0.935,0,0.0
2025-10-26,DEMO-01,DU-03,dumper,5.38,0.776,1,4.62
2025-10-27,DEMO-01,DU-03,dumper,5.29,0.779,1,5.94
2025-10-28,DEMO-01,DU-03,dumper,1.25,0.948,0,0.0
2025-10-29,DEMO-01,DU-03,dumper,1.27,0.947,0,0.0
2025-10-30,DEMO-01,DU-03,dumper,0.33,0.986,0,0.0
2025-10-31,DEMO-01,DU-03,dumper,0.35,0.986,0,0.0
2025-11-01,DEMO-01,DU-03,dumper,1.26,0.947,0,0.0
2025-11-02,DEMO-01,DU-03,dumper,2.22,0.908,0,0.0
2025-11-03,DEMO-01,DU-03,dumper,3.17,0.868,0,0.0
2025-11-04,DEMO-01,DU-03,dumper,1.53,0.936,0,0.0
2025-11-05,DEMO-01,DU-03,dumper,3.26,0.864,0,0.0
2025-11-06,DEMO-01,DU-03,dumper,2.94,0.877,0,0.0
2025-11-07,DEMO-01,DU-03,dumper,0.67,0.972,0,0.0
2025-11-08,DEMO-01,DU-03,dumper,2.78,0.884,0,0.0
2025-11-09,DEMO-01,DU-03,dumper,1.4,0.942,0,0.0
2025-11-10,DEMO-01,DU-03,dumper,0.66,0.972,0,0.0
2025-11-11,DEMO-01,DU-03,dumper,0.94,0.961,0,0.0
2025-11-12,DEMO-01,DU-03,dumper,1.22,0.949,0,0.0
2025-11-13,DEMO-01,DU-03,dumper,3.5,0.854,0,0.0
2025-11-14,DEMO-01,DU-03,dumper,3.23,0.865,0,0.0
2025-11-15,DEMO-01,DU-03,dumper,0.52,0.978,0,0.0
2025-11-16,DEMO-01,DU-03,dumper,0.71,0.97,0,0.0
2025-11-17,DEMO-01,DU-03,dumper,0.73,0.969,0,0.0
2025-11-18,DEMO-01,DU-03,dumper,2.0,0.917,0,0.0
2025-11-19,DEMO-01,DU-03,dumper,2.67,0.889,0,0.0
2025-11-20,DEMO-01,DU-03,dumper,1.04,0.956,0,0.0
2025-11-21,DEMO-01,DU-03,dumper,7.35,0.694,1,8.27
2025-11-22,DEMO-01,DU-03,dumper,6.99,0.709,1,7.04
2025-11-23,DEMO-01,DU-03,dumper,9.36,0.61,1,7.85
2025-11-24,DEMO-01,DU-03,dumper,0.64,0.973,0,0.0
2025-11-25,DEMO-01,DU-03,dumper,2.26,0.906,0,0.0
2025-11-26,DEMO-01,DU-03,dumper,0.3,0.987,0,0.0
2025-11-27,DEMO-01,DU-03,dumper,1.46,0.939,0,0.0
2025-11-28,DEMO-01,DU-03,dumper,0.04,0.998,0,0.0
2025-11-29,DEMO-01,DU-03,dumper,1.2,0.95,0,0.0
2025-11-30,DEMO-01,DU-03,dumper,2.42,0.899,0,0.0
2025-12-01,DEMO-01,DU-03,dumper,0.74,0.969,0,0.0
2025-12-02,DEMO-01,DU-03,dumper,1.27,0.947,0,0.0
2025-12-03,DEMO-01,DU-03,dumper,1.05,0.956,0,0.0
2025-12-04,DEMO-01,DU-03,dumper,1.08,0.955,0,0.0
2025-12-05,DEMO-01,DU-03,dumper,0.8,0.967,0,0.0
2025-12-06,DEMO-01,DU-03,dumper,1.32,0.945,0,0.0
2025-12-07,DEMO-01,DU-03,dumper,0.87,0.964,0,0.0
2025-12-08,DEMO-01,DU-03,dumper,0.06,0.997,0,0.0
2025-12-09,DEMO-01,DU-03,dumper,1.73,0.928,0,0.0
2025-12-10,DEMO-01,DU-03,dumper,1.74,0.927,0,0.0
2025-12-11,DEMO-01,DU-03,dumper,2.43,0.899,0,0.0
2025-12-12,DEMO-01,DU-03,dumper,0.81,0.966,0,0.0
2025-12-13,DEMO-01,DU-03,dumper,0.55,0.977,0,0.0
2025-12-14,DEMO-01,DU-03,dumper,1.12,0.953,0,0.0
2025-12-15,DEMO-01,DU-03,dumper,9.54,0.602,1,8.92
2025-12-16,DEMO-01,DU-03,dumper,1.22,0.949,0,0.0
2025-12-17,DEMO-01,DU-03,dumper,0.9,0.962,0,0.0
2025-12-18,DEMO-01,DU-03,dumper,0.73,0.97,0,0.0
2025-12-19,DEMO-01,DU-03,dumper,0.92,0.962,0,0.0
2025-12-20,DEMO-01,DU-03,dumper,0.86,0.964,0,0.0
2025-12-21,DEMO-01,DU-03,dumper,0.44,0.982,0,0.0
2025-12-22,DEMO-01,DU-03,dumper,0.89,0.963,0,0.0
2025-12-23,DEMO-01,DU-03,dumper,1.03,0.957,0,0.0
2025-12-24,DEMO-01,DU-03,dumper,0.78,0.968,0,0.0
2025-12-25,DEMO-01,DU-03,dumper,1.76,0.927,0,0.0
2025-12-26,DEMO-01,DU-03,dumper,2.83,0.882,0,0.0
2025-12-27,DEMO-01,DU-03,dumper,2.38,0.901,0,0.0
2025-12-28,DEMO-01,DU-03,dumper,1.48,0.938,0,0.0
2025-12-29,DEMO-01,DU-03,dumper,5.14,0.786,1,5.91
2025-12-30,DEMO-01,DU-03,dumper,6.06,0.748,1,5.8
2025-12-31,DEMO-01,DU-03,dumper,0.72,0.97,0,0.0
2023-01-01,DEMO-01,DU-04,dumper,0.34,0.986,0,0.0
2023-01-02,DEMO-01,DU-04,dumper,1.33,0.945,0,0.0
2023-01-03,DEMO-01,DU-04,dumper,1.57,0.934,0,0.0
2023-01-04,DEMO-01,DU-04,dumper,0.61,0.974,0,0.0
2023-01-05,DEMO-01,DU-04,dumper,0.96,0.96,0,0.0
2023-01-06,DEMO-01,DU-04,dumper,0.8,0.967,0,0.0
2023-01-07,DEMO-01,DU-04,dumper,0.06,0.998,0,0.0
2023-01-08,DEMO-01,DU-04,dumper,0.86,0.964,0,0.0
2023-01-09,DEMO-01,DU-04,dumper,2.43,0.899,0,0.0
2023-01-10,DEMO-01,DU-04,dumper,1.88,0.922,0,0.0
2023-01-11,DEMO-01,DU-04,dumper,1.74,0.928,0,0.0
2023-01-12,DEMO-01,DU-04,dumper,1.97,0.918,0,0.0
2023-01-13,DEMO-01,DU-04,dumper,0.88,0.963,0,0.0
2023-01-14,DEMO-01,DU-04,dumper,1.07,0.955,0,0.0
2023-01-15,DEMO-01,DU-04,dumper,0.47,0.98,0,0.0
2023-01-16,DEMO-01,DU-04,dumper,4.3,0.821,0,0.0
2023-01-17,DEMO-01,DU-04,dumper,0.5,0.979,0,0.0
2023-01-18,DEMO-01,DU-04,dumper,0.09,0.996,0,0.0
2023-01-19,DEMO-01,DU-04,dumper,0.56,0.977,0,0.0
2023-01-20,DEMO-01,DU-04,dumper,2.38,0.901,0,0.0
2023-01-21,DEMO-01,DU-04,dumper,2.18,0.909,0,0.0
2023-01-22,DEMO-01,DU-04,dumper,0.62,0.974,0,0.0
2023-01-23,DEMO-01,DU-04,dumper,0.43,0.982,0,0.0
2023-01-24,DEMO-01,DU-04,dumper,1.22,0.949,0,0.0
2023-01-25,DEMO-01,DU-04,dumper,3.16,0.868,0,0.0
2023-01-26,DEMO-01,DU-04,dumper,1.02,0.958,0,0.0
2023-01-27,DEMO-01,DU-04,dumper,0.62,0.974,0,0.0
2023-01-28,DEMO-01,DU-04,dumper,1.81,0.925,0,0.0
2023-01-29,DEMO-01,DU-04,dumper,0.27,0.989,0,0.0
2023-01-30,DEMO-01,DU-04,dumper,0.38,0.984,0,0.0
2023-01-31,DEMO-01,DU-04,dumper,1.45,0.94,0,0.0
2023-02-01,DEMO-01,DU-04,dumper,1.07,0.956,0,0.0
2023-02-02,DEMO-01,DU-04,dumper,0.4,0.983,0,0.0
2023-02-03,DEMO-01,DU-04,dumper,0.26,0.989,0,0.0
2023-02-04,DEMO-01,DU-04,dumper,0.7,0.971,0,0.0
2023-02-05,DEMO-01,DU-04,dumper,0.19,0.992,0,0.0
2023-02-06,DEMO-01,DU-04,dumper,0.94,0.961,0,0.0
2023-02-07,DEMO-01,DU-04,dumper,1.14,0.952,0,0.0
2023-02-08,DEMO-01,DU-04,dumper,2.16,0.91,0,0.0
2023-02-09,DEMO-01,DU-04,dumper,1.03,0.957,0,0.0
2023-02-10,DEMO-01,DU-04,dumper,1.78,0.926,0,0.0
2023-02-11,DEMO-01,DU-04,dumper,8.41,0.649,1,9.61
2023-02-12,DEMO-01,DU-04,dumper,11.75,0.51,1,7.86
2023-02-13,DEMO-01,DU-04,dumper,3.67,0.847,0,0.0
2023-02-14,DEMO-01,DU-04,dumper,0.29,0.988,0,0.0
2023-02-15,DEMO-01,DU-04,dumper,1.64,0.932,0,0.0
2023-02-16,DEMO-01,DU-04,dumper,0.47,0.98,0,0.0
2023-02-17,DEMO-01,DU-04,dumper,0.57,0.976,0,0.0
2023-02-18,DEMO-01,DU-04,dumper,1.09,0.955,0,0.0
2023-02-19,DEMO-01,DU-04,dumper,1.62,0.932,0,0.0
2023-02-20,DEMO-01,DU-04,dumper,0.5,0.979,0,0.0
2023-02-21,DEMO-01,DU-04,dumper,1.06,0.956,0,0.0
2023-02-22,DEMO-01,DU-04,dumper,2.01,0.916,0,0.0
2023-02-23,DEMO-01,DU-04,dumper,0.68,0.972,0,0.0
2023-02-24,DEMO-01,DU-04,dumper,0.15,0.994,0,0.0
2023-02-25,DEMO-01,DU-04,dumper,1.86,0.922,0,0.0
2023-02-26,DEMO-01,DU-04,dumper,0.89,0.963,0,0.0
2023-02-27,DEMO-01,DU-04,dumper,2.96,0.876,0,0.0
2023-02-28,DEMO-01,DU-04,dumper,1.07,0.956,0,0.0
2023-03-01,DEMO-01,DU-04,dumper,2.18,0.909,0,0.0
2023-03-02,DEMO-01,DU-04,dumper,1.39,0.942,0,0.0
2023-03-03,DEMO-01,DU-04,dumper,0.27,0.989,0,0.0
2023-03-04,DEMO-01,DU-04,dumper,5.85,0.756,1,5.92
2023-03-05,DEMO-01,DU-04,dumper,3.01,0.874,0,0.0
2023-03-06,DEMO-01,DU-04,dumper,1.65,0.931,0,0.0
2023-03-07,DEMO-01,DU-04,dumper,0.41,0.983,0,0.0
2023-03-08,DEMO-01,DU-04,dumper,3.11,0.87,0,0.0
2023-03-09,DEMO-01,DU-04,dumper,1.58,0.934,0,0.0
2023-03-10,DEMO-01,DU-04,dumper,1.24,0.948,0,0.0
2023-03-11,DEMO-01,DU-04,dumper,0.93,0.961,0,0.0
2023-03-12,DEMO-01,DU-04,dumper,0.88,0.963,0,0.0
2023-03-13,DEMO-01,DU-04,dumper,0.43,0.982,0,0.0
2023-03-14,DEMO-01,DU-04,dumper,1.12,0.953,0,0.0
2023-03-15,DEMO-01,DU-04,dumper,2.01,0.916,0,0.0
2023-03-16,DEMO-01,DU-04,dumper,0.25,0.99,0,0.0
2023-03-17,DEMO-01,DU-04,dumper,0.8,0.967,0,0.0
2023-03-18,DEMO-01,DU-04,dumper,1.73,0.928,0,0.0
2023-03-19,DEMO-01,DU-04,dumper,1.17,0.951,0,0.0
2023-03-20,DEMO-01,DU-04,dumper,1.14,0.952,0,0.0
2023-03-21,DEMO-01,DU-04,dumper,0.9,0.962,0,0.0
2023-03-22,DEMO-01,DU-04,dumper,0.44,0.982,0,0.0
2023-03-23,DEMO-01,DU-04,dumper,0.8,0.967,0,0.0
2023-03-24,DEMO-01,DU-04,dumper,10.72,0.554,1,9.0
2023-03-25,DEMO-01,DU-04,dumper,1.35,0.944,0,0.0
2023-03-26,DEMO-01,DU-04,dumper,1.14,0.952,0,0.0
2023-03-27,DEMO-01,DU-04,dumper,2.93,0.878,0,0.0
2023-03-28,DEMO-01,DU-04,dumper,0.51,0.979,0,0.0
2023-03-29,DEMO-01,DU-04,dumper,1.0,0.958,0,0.0
2023-03-30,DEMO-01,DU-04,dumper,1.29,0.946,0,0.0
2023-03-31,DEMO-01,DU-04,dumper,0.48,0.98,0,0.0
2023-04-01,DEMO-01,DU-04,dumper,2.27,0.905,0,0.0
2023-04-02,DEMO-01,DU-04,dumper,0.19,0.992,0,0.0
2023-04-03,DEMO-01,DU-04,dumper,3.24,0.865,1,2.64
2023-04-04,DEMO-01,DU-04,dumper,0.62,0.974,0,0.0
2023-04-05,DEMO-01,DU-04,dumper,0.52,0.978,0,0.0
2023-04-06,DEMO-01,DU-04,dumper,0.89,0.963,0,0.0
2023-04-07,DEMO-01,DU-04,dumper,2.15,0.91,0,0.0
2023-04-08,DEMO-01,DU-04,dumper,2.07,0.914,0,0.0
2023-04-09,DEMO-01,DU-04,dumper,0.18,0.992,0,0.0
2023-04-10,DEMO-01,DU-04,dumper,2.15,0.911,0,0.0
2023-04-11,DEMO-01,DU-04,dumper,1.08,0.955,0,0.0
2023-04-12,DEMO-01,DU-04,dumper,1.11,0.954,0,0.0
2023-04-13,DEMO-01,DU-04,dumper,1.19,0.95,0,0.0
2023-04-14,DEMO-01,DU-04,dumper,0.64,0.974,0,0.0
2023-04-15,DEMO-01,DU-04,dumper,1.54,0.936,0,0.0
2023-04-16,DEMO-01,DU-04,dumper,3.11,0.871,0,0.0
2023-04-17,DEMO-01,DU-04,dumper,2.03,0.915,0,0.0
2023-04-18,DEMO-01,DU-04,dumper,2.54,0.894,0,0.0
2023-04-19,DEMO-01,DU-04,dumper,0.21,0.991,0,0.0
2023-04-20,DEMO-01,DU-04,dumper,1.12,0.953,0,0.0
2023-04-21,DEMO-01,DU-04,dumper,1.16,0.952,0,0.0
2023-04-22,DEMO-01,DU-04,dumper,1.2,0.95,0,0.0
2023-04-23,DEMO-01,DU-04,dumper,2.75,0.885,0,0.0
2023-04-24,DEMO-01,DU-04,dumper,1.05,0.956,0,0.0
2023-04-25,DEMO-01,DU-04,dumper,2.59,0.892,0,0.0
2023-04-26,DEMO-01,DU-04,dumper,0.42,0.983,0,0.0
2023-04-27,DEMO-01,DU-04,dumper,0.95,0.96,0,0.0
2023-04-28,DEMO-01,DU-04,dumper,0.33,0.986,0,0.0
2023-04-29,DEMO-01,DU-04,dumper,0.61,0.974,0,0.0
2023-04-30,DEMO-01,DU-04,dumper,1.36,0.943,0,0.0
2023-05-01,DEMO-01,DU-04,dumper,1.1,0.954,0,0.0
2023-05-02,DEMO-01,DU-04,dumper,0.31,0.987,0,0.0
2023-05-03,DEMO-01,DU-04,dumper,1.85,0.923,0,0.0
2023-05-04,DEMO-01,DU-04,dumper,1.48,0.938,0,0.0
2023-05-05,DEMO-01,DU-04,dumper,1.19,0.951,0,0.0
2023-05-06,DEMO-01,DU-04,dumper,1.54,0.936,0,0.0
2023-05-07,DEMO-01,DU-04,dumper,2.09,0.913,0,0.0
2023-05-08,DEMO-01,DU-04,dumper,0.1,0.996,0,0.0
2023-05-09,DEMO-01,DU-04,dumper,0.39,0.984,0,0.0
2023-05-10,DEMO-01,DU-04,dumper,2.13,0.911,0,0.0
2023-05-11,DEMO-01,DU-04,dumper,0.59,0.975,0,0.0
2023-05-12,DEMO-01,DU-04,dumper,0.66,0.973,0,0.0
2023-05-13,DEMO-01,DU-04,dumper,6.47,0.731,1,5.64
2023-05-14,DEMO-01,DU-04,dumper,0.84,0.965,0,0.0
2023-05-15,DEMO-01,DU-04,dumper,0.92,0.962,0,0.0
2023-05-16,DEMO-01,DU-04,dumper,3.72,0.845,0,0.0
2023-05-17,DEMO-01,DU-04,dumper,0.3,0.988,0,0.0
2023-05-18,DEMO-01,DU-04,dumper,0.47,0.981,0,0.0
2023-05-19,DEMO-01,DU-04,dumper,0.07,0.997,0,0.0
2023-05-20,DEMO-01,DU-04,dumper,9.08,0.621,1,9.82
2023-05-21,DEMO-01,DU-04,dumper,1.72,0.928,0,0.0
2023-05-22,DEMO-01,DU-04,dumper,1.04,0.957,0,0.0
2023-05-23,DEMO-01,DU-04,dumper,1.44,0.94,0,0.0
2023-05-24,DEMO-01,DU-04,dumper,1.08,0.955,0,0.0
2023-05-25,DEMO-01,DU-04,dumper,2.29,0.905,0,0.0
2023-05-26,DEMO-01,DU-04,dumper,2.2,0.908,0,0.0
2023-05-27,DEMO-01,DU-04,dumper,0.92,0.962,0,0.0
2023-05-28,DEMO-01,DU-04,dumper,0.16,0.993,0,0.0
2023-05-29,DEMO-01,DU-04,dumper,1.5,0.937,0,0.0
2023-05-30,DEMO-01,DU-04,dumper,1.18,0.951,0,0.0
2023-05-31,DEMO-01,DU-04,dumper,4.65,0.806,0,0.0
2023-06-01,DEMO-01,DU-04,dumper,0.87,0.964,0,0.0
2023-06-02,DEMO-01,DU-04,dumper,0.67,0.972,0,0.0
2023-06-03,DEMO-01,DU-04,dumper,8.66,0.639,1,5.61
2023-06-04,DEMO-01,DU-04,dumper,3.88,0.839,0,0.0
2023-06-05,DEMO-01,DU-04,dumper,0.79,0.967,0,0.0
2023-06-06,DEMO-01,DU-04,dumper,1.48,0.938,0,0.0
2023-06-07,DEMO-01,DU-04,dumper,1.08,0.955,0,0.0
2023-06-08,DEMO-01,DU-04,dumper,1.86,0.922,0,0.0
2023-06-09,DEMO-01,DU-04,dumper,0.78,0.967,0,0.0
2023-06-10,DEMO-01,DU-04,dumper,0.7,0.971,0,0.0
2023-06-11,DEMO-01,DU-04,dumper,0.92,0.962,0,0.0
2023-06-12,DEMO-01,DU-04,dumper,2.18,0.909,0,0.0
2023-06-13,DEMO-01,DU-04,dumper,2.06,0.914,0,0.0
2023-06-14,DEMO-01,DU-04,dumper,1.53,0.936,0,0.0
2023-06-15,DEMO-01,DU-04,dumper,4.8,0.8,0,0.0
2023-06-16,DEMO-01,DU-04,dumper,2.49,0.896,0,0.0
2023-06-17,DEMO-01,DU-04,dumper,1.59,0.934,0,0.0
2023-06-18,DEMO-01,DU-04,dumper,5.48,0.772,0,0.0
2023-06-19,DEMO-01,DU-04,dumper,4.23,0.824,0,0.0
2023-06-20,DEMO-01,DU-04,dumper,0.6,0.975,0,0.0
2023-06-21,DEMO-01,DU-04,dumper,1.55,0.936,0,0.0
2023-06-22,DEMO-01,DU-04,dumper,1.27,0.947,0,0.0
2023-06-23,DEMO-01,DU-04,dumper,7.54,0.686,0,0.0
2023-06-24,DEMO-01,DU-04,dumper,1.58,0.934,0,0.0
2023-06-25,DEMO-01,DU-04,dumper,3.32,0.861,0,0.0
2023-06-26,DEMO-01,DU-04,dumper,3.07,0.872,0,0.0
2023-06-27,DEMO-01,DU-04,dumper,0.52,0.978,0,0.0
2023-06-28,DEMO-01,DU-04,dumper,9.05,0.623,0,0.0
2023-06-29,DEMO-01,DU-04,dumper,0.64,0.973,0,0.0
2023-06-30,DEMO-01,DU-04,dumper,7.58,0.684,0,0.0
2023-07-01,DEMO-01,DU-04,dumper,12.3,0.488,1,4.92
2023-07-02,DEMO-01,DU-04,dumper,2.6,0.892,0,0.0
2023-07-03,DEMO-01,DU-04,dumper,1.56,0.935,0,0.0
2023-07-04,DEMO-01,DU-04,dumper,4.18,0.826,0,0.0
2023-07-05,DEMO-01,DU-04,dumper,1.37,0.943,0,0.0
2023-07-06,DEMO-01,DU-04,dumper,1.58,0.934,0,0.0
2023-07-07,DEMO-01,DU-04,dumper,1.96,0.918,0,0.0
2023-07-08,DEMO-01,DU-04,dumper,3.78,0.842,0,0.0
2023-07-09,DEMO-01,DU-04,dumper,3.59,0.85,0,0.0
2023-07-10,DEMO-01,DU-04,dumper,3.66,0.847,0,0.0
2023-07-11,DEMO-01,DU-04,dumper,3.15,0.869,0,0.0
2023-07-12,DEMO-01,DU-04,dumper,3.3,0.863,0,0.0
2023-07-13,DEMO-01,DU-04,dumper,19.2,0.2,1,8.69
2023-07-14,DEMO-01,DU-04,dumper,3.33,0.861,0,0.0
2023-07-15,DEMO-01,DU-04,dumper,3.24,0.865,0,0.0
2023-07-16,DEMO-01,DU-04,dumper,11.59,0.517,0,0.0
2023-07-17,DEMO-01,DU-04,dumper,3.72,0.845,0,0.0
2023-07-18,DEMO-01,DU-04,dumper,12.39,0.484,0,0.0
2023-07-19,DEMO-01,DU-04,dumper,3.79,0.842,0,0.0
2023-07-20,DEMO-01,DU-04,dumper,15.57,0.351,1,4.05
2023-07-21,DEMO-01,DU-04,dumper,6.06,0.748,0,0.0
2023-07-22,DEMO-01,DU-04,dumper,3.02,0.874,0,0.0
2023-07-23,DEMO-01,DU-04,dumper,0.86,0.964,0,0.0
2023-07-24,DEMO-01,DU-04,dumper,6.99,0.709,0,0.0
2023-07-25,DEMO-01,DU-04,dumper,1.04,0.957,0,0.0
2023-07-26,DEMO-01,DU-04,dumper,15.17,0.368,0,0.0
2023-07-27,DEMO-01,DU-04,dumper,10.31,0.57,0,0.0
2023-07-28,DEMO-01,DU-04,dumper,4.88,0.797,0,0.0
2023-07-29,DEMO-01,DU-04,dumper,2.94,0.877,0,0.0
2023-07-30,DEMO-01,DU-04,dumper,6.72,0.72,0,0.0
2023-07-31,DEMO-01,DU-04,dumper,2.44,0.898,0,0.0
2023-08-01,DEMO-01,DU-04,dumper,1.04,0.957,0,0.0
2023-08-02,DEMO-01,DU-04,dumper,3.52,0.853,0,0.0
2023-08-03,DEMO-01,DU-04,dumper,6.83,0.715,0,0.0
2023-08-04,DEMO-01,DU-04,dumper,10.3,0.571,0,0.0
2023-08-05,DEMO-01,DU-04,dumper,5.51,0.771,0,0.0
2023-08-06,DEMO-01,DU-04,dumper,3.13,0.869,0,0.0
2023-08-07,DEMO-01,DU-04,dumper,3.15,0.869,0,0.0
2023-08-08,DEMO-01,DU-04,dumper,0.15,0.994,0,0.0
2023-08-09,DEMO-01,DU-04,dumper,0.84,0.965,0,0.0
2023-08-10,DEMO-01,DU-04,dumper,1.27,0.947,0,0.0
2023-08-11,DEMO-01,DU-04,dumper,0.58,0.976,0,0.0
2023-08-12,DEMO-01,DU-04,dumper,0.03,0.999,0,0.0
2023-08-13,DEMO-01,DU-04,dumper,7.42,0.691,0,0.0
2023-08-14,DEMO-01,DU-04,dumper,2.54,0.894,0,0.0
2023-08-15,DEMO-01,DU-04,dumper,0.71,0.97,0,0.0
2023-08-16,DEMO-01,DU-04,dumper,1.52,0.937,0,0.0
2023-08-17,DEMO-01,DU-04,dumper,1.54,0.936,0,0.0
2023-08-18,DEMO-01,DU-04,dumper,2.86,0.881,0,0.0
2023-08-19,DEMO-01,DU-04,dumper,0.96,0.96,0,0.0
2023-08-20,DEMO-01,DU-04,dumper,4.0,0.833,0,0.0
2023-08-21,DEMO-01,DU-04,dumper,0.78,0.967,0,0.0
2023-08-22,DEMO-01,DU-04,dumper,0.5,0.979,0,0.0
2023-08-23,DEMO-01,DU-04,dumper,2.86,0.881,0,0.0
2023-08-24,DEMO-01,DU-04,dumper,1.58,0.934,0,0.0
2023-08-25,DEMO-01,DU-04,dumper,5.26,0.781,0,0.0
2023-08-26,DEMO-01,DU-04,dumper,6.54,0.727,1,5.55
2023-08-27,DEMO-01,DU-04,dumper,0.53,0.978,0,0.0
2023-08-28,DEMO-01,DU-04,dumper,0.21,0.991,0,0.0
2023-08-29,DEMO-01,DU-04,dumper,0.45,0.981,0,0.0
2023-08-30,DEMO-01,DU-04,dumper,5.61,0.766,0,0.0
2023-08-31,DEMO-01,DU-04,dumper,4.01,0.833,0,0.0
2023-09-01,DEMO-01,DU-04,dumper,1.2,0.95,0,0.0
2023-09-02,DEMO-01,DU-04,dumper,1.94,0.919,0,0.0
2023-09-03,DEMO-01,DU-04,dumper,1.07,0.955,0,0.0
2023-09-04,DEMO-01,DU-04,dumper,0.87,0.964,0,0.0
2023-09-05,DEMO-01,DU-04,dumper,1.41,0.941,0,0.0
2023-09-06,DEMO-01,DU-04,dumper,1.84,0.923,0,0.0
2023-09-07,DEMO-01,DU-04,dumper,1.09,0.955,0,0.0
2023-09-08,DEMO-01,DU-04,dumper,0.72,0.97,0,0.0
2023-09-09,DEMO-01,DU-04,dumper,0.77,0.968,0,0.0
2023-09-10,DEMO-01,DU-04,dumper,0.12,0.995,0,0.0
2023-09-11,DEMO-01,DU-04,dumper,2.7,0.888,0,0.0
2023-09-12,DEMO-01,DU-04,dumper,0.8,0.967,0,0.0
2023-09-13,DEMO-01,DU-04,dumper,1.69,0.929,0,0.0
2023-09-14,DEMO-01,DU-04,dumper,2.77,0.884,0,0.0
2023-09-15,DEMO-01,DU-04,dumper,3.05,0.873,0,0.0
2023-09-16,DEMO-01,DU-04,dumper,0.74,0.969,0,0.0
2023-09-17,DEMO-01,DU-04,dumper,2.24,0.907,0,0.0
2023-09-18,DEMO-01,DU-04,dumper,1.48,0.938,0,0.0
2023-09-19,DEMO-01,DU-04,dumper,1.49,0.938,0,0.0
2023-09-20,DEMO-01,DU-04,dumper,7.49,0.688,0,0.0
2023-09-21,DEMO-01,DU-04,dumper,2.39,0.9,0,0.0
2023-09-22,DEMO-01,DU-04,dumper,0.66,0.972,0,0.0
2023-09-23,DEMO-01,DU-04,dumper,0.98,0.959,0,0.0
2023-09-24,DEMO-01,DU-04,dumper,1.98,0.917,0,0.0
2023-09-25,DEMO-01,DU-04,dumper,0.09,0.996,0,0.0
2023-09-26,DEMO-01,DU-04,dumper,1.59,0.934,0,0.0
2023-09-27,DEMO-01,DU-04,dumper,0.68,0.972,0,0.0
2023-09-28,DEMO-01,DU-04,dumper,1.28,0.947,0,0.0
2023-09-29,DEMO-01,DU-04,dumper,0.64,0.973,0,0.0
2023-09-30,DEMO-01,DU-04,dumper,1.54,0.936,0,0.0
2023-10-01,DEMO-01,DU-04,dumper,1.09,0.955,0,0.0
2023-10-02,DEMO-01,DU-04,dumper,4.17,0.826,0,0.0
2023-10-03,DEMO-01,DU-04,dumper,2.7,0.887,0,0.0
2023-10-04,DEMO-01,DU-04,dumper,3.39,0.859,0,0.0
2023-10-05,DEMO-01,DU-04,dumper,1.04,0.957,0,0.0
2023-10-06,DEMO-01,DU-04,dumper,0.51,0.979,0,0.0
2023-10-07,DEMO-01,DU-04,dumper,1.19,0.95,0,0.0
2023-10-08,DEMO-01,DU-04,dumper,0.85,0.964,0,0.0
2023-10-09,DEMO-01,DU-04,dumper,2.59,0.892,0,0.0
2023-10-10,DEMO-01,DU-04,dumper,0.96,0.96,0,0.0
2023-10-11,DEMO-01,DU-04,dumper,0.44,0.982,0,0.0
2023-10-12,DEMO-01,DU-04,dumper,1.94,0.919,0,0.0
2023-10-13,DEMO-01,DU-04,dumper,1.55,0.935,0,0.0
2023-10-14,DEMO-01,DU-04,dumper,0.84,0.965,0,0.0
2023-10-15,DEMO-01,DU-04,dumper,1.6,0.933,0,0.0
2023-10-16,DEMO-01,DU-04,dumper,0.1,0.996,0,0.0
2023-10-17,DEMO-01,DU-04,dumper,0.47,0.98,0,0.0
2023-10-18,DEMO-01,DU-04,dumper,9.25,0.615,1,8.52
2023-10-19,DEMO-01,DU-04,dumper,3.8,0.842,0,0.0
2023-10-20,DEMO-01,DU-04,dumper,0.19,0.992,0,0.0
2023-10-21,DEMO-01,DU-04,dumper,0.1,0.996,0,0.0
2023-10-22,DEMO-01,DU-04,dumper,1.91,0.921,0,0.0
2023-10-23,DEMO-01,DU-04,dumper,1.42,0.941,0,0.0
2023-10-24,DEMO-01,DU-04,dumper,0.98,0.959,0,0.0
2023-10-25,DEMO-01,DU-04,dumper,0.06,0.998,0,0.0
2023-10-26,DEMO-01,DU-04,dumper,1.6,0.933,0,0.0
2023-10-27,DEMO-01,DU-04,dumper,6.1,0.746,1,4.99
2023-10-28,DEMO-01,DU-04,dumper,7.79,0.676,1,7.35
2023-10-29,DEMO-01,DU-04,dumper,1.94,0.919,0,0.0
2023-10-30,DEMO-01,DU-04,dumper,0.98,0.959,0,0.0
2023-10-31,DEMO-01,DU-04,dumper,1.28,0.947,0,0.0
2023-11-01,DEMO-01,DU-04,dumper,0.68,0.972,0,0.0
2023-11-02,DEMO-01,DU-04,dumper,0.66,0.972,0,0.0
2023-11-03,DEMO-01,DU-04,dumper,1.15,0.952,0,0.0
2023-11-04,DEMO-01,DU-04,dumper,0.23,0.99,0,0.0
2023-11-05,DEMO-01,DU-04,dumper,0.36,0.985,0,0.0
2023-11-06,DEMO-01,DU-04,dumper,3.74,0.844,0,0.0
2023-11-07,DEMO-01,DU-04,dumper,1.49,0.938,0,0.0
2023-11-08,DEMO-01,DU-04,dumper,0.63,0.974,0,0.0
2023-11-09,DEMO-01,DU-04,dumper,3.29,0.863,0,0.0
2023-11-10,DEMO-01,DU-04,dumper,0.36,0.985,0,0.0
2023-11-11,DEMO-01,DU-04,dumper,4.5,0.813,0,0.0
2023-11-12,DEMO-01,DU-04,dumper,0.05,0.998,0,0.0
2023-11-13,DEMO-01,DU-04,dumper,0.59,0.976,0,0.0
2023-11-14,DEMO-01,DU-04,dumper,0.6,0.975,0,0.0
2023-11-15,DEMO-01,DU-04,dumper,0.37,0.985,0,0.0
2023-11-16,DEMO-01,DU-04,dumper,0.95,0.961,0,0.0
2023-11-17,DEMO-01,DU-04,dumper,0.28,0.988,0,0.0
2023-11-18,DEMO-01,DU-04,dumper,1.41,0.941,0,0.0
2023-11-19,DEMO-01,DU-04,dumper,2.75,0.885,0,0.0
2023-11-20,DEMO-01,DU-04,dumper,1.56,0.935,0,0.0
2023-11-21,DEMO-01,DU-04,dumper,0.64,0.973,0,0.0
2023-11-22,DEMO-01,DU-04,dumper,1.15,0.952,0,0.0
2023-11-23,DEMO-01,DU-04,dumper,1.47,0.939,0,0.0
2023-11-24,DEMO-01,DU-04,dumper,0.74,0.969,0,0.0
2023-11-25,DEMO-01,DU-04,dumper,1.16,0.952,0,0.0
2023-11-26,DEMO-01,DU-04,dumper,0.35,0.985,0,0.0
2023-11-27,DEMO-01,DU-04,dumper,0.66,0.972,0,0.0
2023-11-28,DEMO-01,DU-04,dumper,2.8,0.884,0,0.0
2023-11-29,DEMO-01,DU-04,dumper,1.46,0.939,0,0.0
2023-11-30,DEMO-01,DU-04,dumper,3.22,0.866,0,0.0
2023-12-01,DEMO-01,DU-04,dumper,0.5,0.979,0,0.0
2023-12-02,DEMO-01,DU-04,dumper,1.55,0.935,0,0.0
2023-12-03,DEMO-01,DU-04,dumper,1.5,0.937,0,0.0
2023-12-04,DEMO-01,DU-04,dumper,2.06,0.914,0,0.0
2023-12-05,DEMO-01,DU-04,dumper,1.34,0.944,0,0.0
2023-12-06,DEMO-01,DU-04,dumper,1.44,0.94,0,0.0
2023-12-07,DEMO-01,DU-04,dumper,1.02,0.957,0,0.0
2023-12-08,DEMO-01,DU-04,dumper,1.36,0.943,0,0.0
2023-12-09,DEMO-01,DU-04,dumper,1.07,0.955,0,0.0
2023-12-10,DEMO-01,DU-04,dumper,0.61,0.974,0,0.0
2023-12-11,DEMO-01,DU-04,dumper,0.87,0.964,0,0.0
2023-12-12,DEMO-01,DU-04,dumper,0.29,0.988,0,0.0
2023-12-13,DEMO-01,DU-04,dumper,3.93,0.836,1,4.15
2023-12-14,DEMO-01,DU-04,dumper,1.56,0.935,0,0.0
2023-12-15,DEMO-01,DU-04,dumper,0.68,0.972,0,0.0
2023-12-16,DEMO-01,DU-04,dumper,2.43,0.899,0,0.0
2023-12-17,DEMO-01,DU-04,dumper,0.9,0.962,0,0.0
2023-12-18,DEMO-01,DU-04,dumper,1.66,0.931,0,0.0
2023-12-19,DEMO-01,DU-04,dumper,2.45,0.898,0,0.0
2023-12-20,DEMO-01,DU-04,dumper,1.0,0.958,0,0.0
2023-12-21,DEMO-01,DU-04,dumper,0.21,0.991,0,0.0
2023-12-22,DEMO-01,DU-04,dumper,0.97,0.96,0,0.0
2023-12-23,DEMO-01,DU-04,dumper,0.47,0.98,0,0.0
2023-12-24,DEMO-01,DU-04,dumper,0.45,0.981,0,0.0
2023-12-25,DEMO-01,DU-04,dumper,1.49,0.938,0,0.0
2023-12-26,DEMO-01,DU-04,dumper,1.26,0.948,0,0.0
2023-12-27,DEMO-01,DU-04,dumper,5.4,0.775,1,6.07
2023-12-28,DEMO-01,DU-04,dumper,1.26,0.947,0,0.0
2023-12-29,DEMO-01,DU-04,dumper,1.39,0.942,0,0.0
2023-12-30,DEMO-01,DU-04,dumper,0.09,0.996,0,0.0
2023-12-31,DEMO-01,DU-04,dumper,1.65,0.931,0,0.0
2024-01-01,DEMO-01,DU-04,dumper,0.77,0.968,0,0.0
2024-01-02,DEMO-01,DU-04,dumper,0.62,0.974,0,0.0
2024-01-03,DEMO-01,DU-04,dumper,0.31,0.987,0,0.0
2024-01-04,DEMO-01,DU-04,dumper,1.8,0.925,0,0.0
2024-01-05,DEMO-01,DU-04,dumper,0.5,0.979,0,0.0
2024-01-06,DEMO-01,DU-04,dumper,3.02,0.874,0,0.0
2024-01-07,DEMO-01,DU-04,dumper,0.26,0.989,0,0.0
2024-01-08,DEMO-01,DU-04,dumper,2.8,0.883,0,0.0
2024-01-09,DEMO-01,DU-04,dumper,3.96,0.835,0,0.0
2024-01-10,DEMO-01,DU-04,dumper,0.74,0.969,0,0.0
2024-01-11,DEMO-01,DU-04,dumper,1.58,0.934,0,0.0
2024-01-12,DEMO-01,DU-04,dumper,1.98,0.918,0,0.0
2024-01-13,DEMO-01,DU-04,dumper,0.7,0.971,0,0.0
2024-01-14,DEMO-01,DU-04,dumper,1.92,0.92,0,0.0
2024-01-15,DEMO-01,DU-04,dumper,0.91,0.962,0,0.0
2024-01-16,DEMO-01,DU-04,dumper,0.73,0.97,0,0.0
2024-01-17,DEMO-01,DU-04,dumper,1.13,0.953,0,0.0
2024-01-18,DEMO-01,DU-04,dumper,2.96,0.877,0,0.0
2024-01-19,DEMO-01,DU-04,dumper,2.07,0.914,0,0.0
2024-01-20,DEMO-01,DU-04,dumper,1.15,0.952,0,0.0
2024-01-21,DEMO-01,DU-04,dumper,2.15,0.91,0,0.0
2024-01-22,DEMO-01,DU-04,dumper,1.79,0.925,0,0.0
2024-01-23,DEMO-01,DU-04,dumper,2.17,0.91,0,0.0
2024-01-24,DEMO-01,DU-04,dumper,1.37,0.943,0,0.0
2024-01-25,DEMO-01,DU-04,dumper,0.54,0.978,0,0.0
2024-01-26,DEMO-01,DU-04,dumper,1.25,0.948,0,0.0
2024-01-27,DEMO-01,DU-04,dumper,0.22,0.991,0,0.0
2024-01-28,DEMO-01,DU-04,dumper,3.98,0.834,0,0.0
2024-01-29,DEMO-01,DU-04,dumper,1.56,0.935,0,0.0
2024-01-30,DEMO-01,DU-04,dumper,2.25,0.906,0,0.0
2024-01-31,DEMO-01,DU-04,dumper,2.96,0.877,0,0.0
2024-02-01,DEMO-01,DU-04,dumper,0.58,0.976,0,0.0
2024-02-02,DEMO-01,DU-04,dumper,1.49,0.938,0,0.0
2024-02-03,DEMO-01,DU-04,dumper,0.25,0.989,0,0.0
2024-02-04,DEMO-01,DU-04,dumper,1.17,0.951,0,0.0
2024-02-05,DEMO-01,DU-04,dumper,8.95,0.627,1,9.93
2024-02-06,DEMO-01,DU-04,dumper,0.73,0.97,0,0.0
2024-02-07,DEMO-01,DU-04,dumper,1.85,0.923,0,0.0
2024-02-08,DEMO-01,DU-04,dumper,0.87,0.964,0,0.0
2024-02-09,DEMO-01,DU-04,dumper,0.32,0.987,0,0.0
2024-02-10,DEMO-01,DU-04,dumper,2.18,0.909,0,0.0
2024-02-11,DEMO-01,DU-04,dumper,1.5,0.937,0,0.0
2024-02-12,DEMO-01,DU-04,dumper,2.21,0.908,0,0.0
2024-02-13,DEMO-01,DU-04,dumper,0.24,0.99,0,0.0
2024-02-14,DEMO-01,DU-04,dumper,0.66,0.973,0,0.0
2024-02-15,DEMO-01,DU-04,dumper,2.02,0.916,0,0.0
2024-02-16,DEMO-01,DU-04,dumper,2.04,0.915,0,0.0
2024-02-17,DEMO-01,DU-04,dumper,1.5,0.938,0,0.0
2024-02-18,DEMO-01,DU-04,dumper,0.46,0.981,0,0.0
2024-02-19,DEMO-01,DU-04,dumper,0.49,0.979,0,0.0
2024-02-20,DEMO-01,DU-04,dumper,0.59,0.975,0,0.0
2024-02-21,DEMO-01,DU-04,dumper,3.41,0.858,0,0.0
2024-02-22,DEMO-01,DU-04,dumper,6.58,0.726,1,6.3
2024-02-23,DEMO-01,DU-04,dumper,1.87,0.922,0,0.0
2024-02-24,DEMO-01,DU-04,dumper,1.92,0.92,0,0.0
2024-02-25,DEMO-01,DU-04,dumper,1.2,0.95,0,0.0
2024-02-26,DEMO-01,DU-04,dumper,0.88,0.963,0,0.0
2024-02-27,DEMO-01,DU-04,dumper,0.74,0.969,0,0.0
2024-02-28,DEMO-01,DU-04,dumper,2.81,0.883,0,0.0
2024-02-29,DEMO-01,DU-04,dumper,1.64,0.932,0,0.0
2024-03-01,DEMO-01,DU-04,dumper,0.87,0.964,0,0.0
2024-03-02,DEMO-01,DU-04,dumper,0.96,0.96,0,0.0
2024-03-03,DEMO-01,DU-04,dumper,2.66,0.889,0,0.0
2024-03-04,DEMO-01,DU-04,dumper,1.74,0.928,0,0.0
2024-03-05,DEMO-01,DU-04,dumper,1.21,0.95,0,0.0
2024-03-06,DEMO-01,DU-04,dumper,0.94,0.961,0,0.0
2024-03-07,DEMO-01,DU-04,dumper,0.39,0.984,0,0.0
2024-03-08,DEMO-01,DU-04,dumper,1.1,0.954,0,0.0
2024-03-09,DEMO-01,DU-04,dumper,1.77,0.926,0,0.0
2024-03-10,DEMO-01,DU-04,dumper,1.4,0.942,0,0.0
2024-03-11,DEMO-01,DU-04,dumper,6.76,0.718,1,3.67
2024-03-12,DEMO-01,DU-04,dumper,4.39,0.817,0,0.0
2024-03-13,DEMO-01,DU-04,dumper,0.55,0.977,0,0.0
2024-03-14,DEMO-01,DU-04,dumper,0.06,0.997,0,0.0
2024-03-15,DEMO-01,DU-04,dumper,5.71,0.762,1,6.32
2024-03-16,DEMO-01,DU-04,dumper,0.42,0.982,0,0.0
2024-03-17,DEMO-01,DU-04,dumper,0.63,0.974,0,0.0
2024-03-18,DEMO-01,DU-04,dumper,3.6,0.85,1,3.95
2024-03-19,DEMO-01,DU-04,dumper,10.65,0.556,1,9.73
2024-03-20,DEMO-01,DU-04,dumper,8.73,0.636,1,8.68
2024-03-21,DEMO-01,DU-04,dumper,1.5,0.938,0,0.0
2024-03-22,DEMO-01,DU-04,dumper,2.46,0.898,0,0.0
2024-03-23,DEMO-01,DU-04,dumper,0.91,0.962,0,0.0
2024-03-24,DEMO-01,DU-04,dumper,0.19,0.992,0,0.0
2024-03-25,DEMO-01,DU-04,dumper,1.31,0.945,0,0.0
2024-03-26,DEMO-01,DU-04,dumper,2.04,0.915,0,0.0
2024-03-27,DEMO-01,DU-04,dumper,0.74,0.969,0,0.0
2024-03-28,DEMO-01,DU-04,dumper,1.01,0.958,0,0.0
2024-03-29,DEMO-01,DU-04,dumper,2.19,0.909,0,0.0
2024-03-30,DEMO-01,DU-04,dumper,0.94,0.961,0,0.0
2024-03-31,DEMO-01,DU-04,dumper,2.44,0.898,0,0.0
2024-04-01,DEMO-01,DU-04,dumper,9.45,0.606,1,7.94
2024-04-02,DEMO-01,DU-04,dumper,1.74,0.927,0,0.0
2024-04-03,DEMO-01,DU-04,dumper,5.2,0.783,1,5.85
2024-04-04,DEMO-01,DU-04,dumper,0.51,0.979,0,0.0
2024-04-05,DEMO-01,DU-04,dumper,1.27,0.947,0,0.0
2024-04-06,DEMO-01,DU-04,dumper,0.58,0.976,0,0.0
2024-04-07,DEMO-01,DU-04,dumper,0.51,0.979,0,0.0
2024-04-08,DEMO-01,DU-04,dumper,0.36,0.985,0,0.0
2024-04-09,DEMO-01,DU-04,dumper,2.21,0.908,0,0.0
2024-04-10,DEMO-01,DU-04,dumper,1.92,0.92,0,0.0
2024-04-11,DEMO-01,DU-04,dumper,0.28,0.988,0,0.0
2024-04-12,DEMO-01,DU-04,dumper,0.63,0.974,0,0.0
2024-04-13,DEMO-01,DU-04,dumper,6.03,0.749,1,6.57
2024-04-14,DEMO-01,DU-04,dumper,2.96,0.877,1,2.02
2024-04-15,DEMO-01,DU-04,dumper,7.35,0.694,1,8.4
2024-04-16,DEMO-01,DU-04,dumper,3.47,0.856,0,0.0
2024-04-17,DEMO-01,DU-04,dumper,0.6,0.975,0,0.0
2024-04-18,DEMO-01,DU-04,dumper,1.2,0.95,0,0.0
2024-04-19,DEMO-01,DU-04,dumper,2.57,0.893,0,0.0
2024-04-20,DEMO-01,DU-04,dumper,2.14,0.911,0,0.0
2024-04-21,DEMO-01,DU-04,dumper,1.46,0.939,0,0.0
2024-04-22,DEMO-01,DU-04,dumper,2.85,0.881,0,0.0
2024-04-23,DEMO-01,DU-04,dumper,0.36,0.985,0,0.0
2024-04-24,DEMO-01,DU-04,dumper,0.16,0.993,0,0.0
2024-04-25,DEMO-01,DU-04,dumper,1.13,0.953,0,0.0
2024-04-26,DEMO-01,DU-04,dumper,2.48,0.897,0,0.0
2024-04-27,DEMO-01,DU-04,dumper,1.48,0.938,0,0.0
2024-04-28,DEMO-01,DU-04,dumper,2.18,0.909,0,0.0
2024-04-29,DEMO-01,DU-04,dumper,1.19,0.95,0,0.0
2024-04-30,DEMO-01,DU-04,dumper,2.23,0.907,0,0.0
2024-05-01,DEMO-01,DU-04,dumper,1.07,0.955,0,0.0
2024-05-02,DEMO-01,DU-04,dumper,1.39,0.942,0,0.0
2024-05-03,DEMO-01,DU-04,dumper,1.93,0.92,0,0.0
2024-05-04,DEMO-01,DU-04,dumper,2.25,0.906,0,0.0
2024-05-05,DEMO-01,DU-04,dumper,0.67,0.972,0,0.0
2024-05-06,DEMO-01,DU-04,dumper,1.89,0.921,0,0.0
2024-05-07,DEMO-01,DU-04,dumper,0.98,0.959,0,0.0
2024-05-08,DEMO-01,DU-04,dumper,0.16,0.993,0,0.0
2024-05-09,DEMO-01,DU-04,dumper,1.2,0.95,0,0.0
2024-05-10,DEMO-01,DU-04,dumper,0.81,0.966,0,0.0
2024-05-11,DEMO-01,DU-04,dumper,0.42,0.983,0,0.0
2024-05-12,DEMO-01,DU-04,dumper,3.41,0.858,0,0.0
2024-05-13,DEMO-01,DU-04,dumper,1.88,0.922,0,0.0
2024-05-14,DEMO-01,DU-04,dumper,0.75,0.969,0,0.0
2024-05-15,DEMO-01,DU-04,dumper,1.05,0.956,0,0.0
2024-05-16,DEMO-01,DU-04,dumper,0.23,0.99,0,0.0
2024-05-17,DEMO-01,DU-04,dumper,1.04,0.957,0,0.0
2024-05-18,DEMO-01,DU-04,dumper,0.55,0.977,0,0.0
2024-05-19,DEMO-01,DU-04,dumper,1.47,0.939,0,0.0
2024-05-20,DEMO-01,DU-04,dumper,3.59,0.85,0,0.0
2024-05-21,DEMO-01,DU-04,dumper,1.14,0.952,0,0.0
2024-05-22,DEMO-01,DU-04,dumper,1.71,0.929,0,0.0
2024-05-23,DEMO-01,DU-04,dumper,0.56,0.976,0,0.0
2024-05-24,DEMO-01,DU-04,dumper,1.02,0.957,0,0.0
2024-05-25,DEMO-01,DU-04,dumper,0.56,0.977,0,0.0
2024-05-26,DEMO-01,DU-04,dumper,1.76,0.927,0,0.0
2024-05-27,DEMO-01,DU-04,dumper,4.23,0.824,0,0.0
2024-05-28,DEMO-01,DU-04,dumper,0.95,0.96,0,0.0
2024-05-29,DEMO-01,DU-04,dumper,2.23,0.907,0,0.0
2024-05-30,DEMO-01,DU-04,dumper,0.68,0.972,0,0.0
2024-05-31,DEMO-01,DU-04,dumper,1.88,0.922,0,0.0
2024-06-01,DEMO-01,DU-04,dumper,0.73,0.97,0,0.0
2024-06-02,DEMO-01,DU-04,dumper,8.94,0.627,1,9.77
2024-06-03,DEMO-01,DU-04,dumper,5.29,0.78,1,3.54
2024-06-04,DEMO-01,DU-04,dumper,1.81,0.924,0,0.0
2024-06-05,DEMO-01,DU-04,dumper,3.69,0.846,0,0.0
2024-06-06,DEMO-01,DU-04,dumper,1.28,0.947,0,0.0
2024-06-07,DEMO-01,DU-04,dumper,0.42,0.982,0,0.0
2024-06-08,DEMO-01,DU-04,dumper,1.8,0.925,0,0.0
2024-06-09,DEMO-01,DU-04,dumper,2.13,0.911,0,0.0
2024-06-10,DEMO-01,DU-04,dumper,5.36,0.777,0,0.0
2024-06-11,DEMO-01,DU-04,dumper,1.12,0.953,0,0.0
2024-06-12,DEMO-01,DU-04,dumper,0.92,0.961,0,0.0
2024-06-13,DEMO-01,DU-04,dumper,1.41,0.941,0,0.0
2024-06-14,DEMO-01,DU-04,dumper,2.82,0.882,0,0.0
2024-06-15,DEMO-01,DU-04,dumper,6.81,0.716,0,0.0
2024-06-16,DEMO-01,DU-04,dumper,1.35,0.944,0,0.0
2024-06-17,DEMO-01,DU-04,dumper,0.53,0.978,0,0.0
2024-06-18,DEMO-01,DU-04,dumper,10.47,0.564,1,8.62
2024-06-19,DEMO-01,DU-04,dumper,2.5,0.896,0,0.0
2024-06-20,DEMO-01,DU-04,dumper,4.41,0.816,0,0.0
2024-06-21,DEMO-01,DU-04,dumper,5.59,0.767,1,5.66
2024-06-22,DEMO-01,DU-04,dumper,3.28,0.863,0,0.0
2024-06-23,DEMO-01,DU-04,dumper,5.4,0.775,0,0.0
2024-06-24,DEMO-01,DU-04,dumper,3.44,0.857,0,0.0
2024-06-25,DEMO-01,DU-04,dumper,2.64,0.89,1,1.87
2024-06-26,DEMO-01,DU-04,dumper,4.41,0.816,0,0.0
2024-06-27,DEMO-01,DU-04,dumper,8.51,0.645,0,0.0
2024-06-28,DEMO-01,DU-04,dumper,2.65,0.889,0,0.0
2024-06-29,DEMO-01,DU-04,dumper,0.91,0.962,0,0.0
2024-06-30,DEMO-01,DU-04,dumper,2.03,0.915,0,0.0
2024-07-01,DEMO-01,DU-04,dumper,6.54,0.727,0,0.0
2024-07-02,DEMO-01,DU-04,dumper,3.01,0.875,0,0.0
2024-07-03,DEMO-01,DU-04,dumper,6.14,0.744,0,0.0
2024-07-04,DEMO-01,DU-04,dumper,1.08,0.955,0,0.0
2024-07-05,DEMO-01,DU-04,dumper,1.64,0.932,0,0.0
2024-07-06,DEMO-01,DU-04,dumper,5.26,0.781,0,0.0
2024-07-07,DEMO-01,DU-04,dumper,2.19,0.909,0,0.0
2024-07-08,DEMO-01,DU-04,dumper,8.38,0.651,0,0.0
2024-07-09,DEMO-01,DU-04,dumper,0.48,0.98,0,0.0
2024-07-10,DEMO-01,DU-04,dumper,6.98,0.709,0,0.0
2024-07-11,DEMO-01,DU-04,dumper,4.0,0.833,0,0.0
2024-07-12,DEMO-01,DU-04,dumper,1.41,0.941,0,0.0
2024-07-13,DEMO-01,DU-04,dumper,5.49,0.771,1,6.2
2024-07-14,DEMO-01,DU-04,dumper,3.46,0.856,0,0.0
2024-07-15,DEMO-01,DU-04,dumper,3.46,0.856,0,0.0
2024-07-16,DEMO-01,DU-04,dumper,0.44,0.982,0,0.0
2024-07-17,DEMO-01,DU-04,dumper,1.31,0.945,0,0.0
2024-07-18,DEMO-01,DU-04,dumper,2.4,0.9,0,0.0
2024-07-19,DEMO-01,DU-04,dumper,20.17,0.16,1,4.36
2024-07-20,DEMO-01,DU-04,dumper,1.61,0.933,0,0.0
2024-07-21,DEMO-01,DU-04,dumper,4.06,0.831,0,0.0
2024-07-22,DEMO-01,DU-04,dumper,2.12,0.912,0,0.0
2024-07-23,DEMO-01,DU-04,dumper,5.74,0.761,0,0.0
2024-07-24,DEMO-01,DU-04,dumper,4.37,0.818,0,0.0
2024-07-25,DEMO-01,DU-04,dumper,0.84,0.965,0,0.0
2024-07-26,DEMO-01,DU-04,dumper,2.36,0.902,0,0.0
2024-07-27,DEMO-01,DU-04,dumper,13.01,0.458,0,0.0
2024-07-28,DEMO-01,DU-04,dumper,1.14,0.953,0,0.0
2024-07-29,DEMO-01,DU-04,dumper,1.7,0.929,0,0.0
2024-07-30,DEMO-01,DU-04,dumper,9.25,0.615,0,0.0
2024-07-31,DEMO-01,DU-04,dumper,0.76,0.968,0,0.0
2024-08-01,DEMO-01,DU-04,dumper,0.84,0.965,0,0.0
2024-08-02,DEMO-01,DU-04,dumper,0.17,0.993,0,0.0
2024-08-03,DEMO-01,DU-04,dumper,1.88,0.922,0,0.0
2024-08-04,DEMO-01,DU-04,dumper,3.24,0.865,0,0.0
2024-08-05,DEMO-01,DU-04,dumper,3.44,0.857,0,0.0
2024-08-06,DEMO-01,DU-04,dumper,1.05,0.956,0,0.0
2024-08-07,DEMO-01,DU-04,dumper,2.61,0.891,0,0.0
2024-08-08,DEMO-01,DU-04,dumper,1.54,0.936,0,0.0
2024-08-09,DEMO-01,DU-04,dumper,11.3,0.529,0,0.0
2024-08-10,DEMO-01,DU-04,dumper,0.6,0.975,0,0.0
2024-08-11,DEMO-01,DU-04,dumper,0.4,0.983,0,0.0
2024-08-12,DEMO-01,DU-04,dumper,0.55,0.977,0,0.0
2024-08-13,DEMO-01,DU-04,dumper,1.57,0.935,0,0.0
2024-08-14,DEMO-01,DU-04,dumper,9.97,0.585,1,9.53
2024-08-15,DEMO-01,DU-04,dumper,3.76,0.843,0,0.0
2024-08-16,DEMO-01,DU-04,dumper,0.89,0.963,0,0.0
2024-08-17,DEMO-01,DU-04,dumper,0.73,0.97,0,0.0
2024-08-18,DEMO-01,DU-04,dumper,0.38,0.984,0,0.0
2024-08-19,DEMO-01,DU-04,dumper,2.5,0.896,0,0.0
2024-08-20,DEMO-01,DU-04,dumper,7.36,0.693,0,0.0
2024-08-21,DEMO-01,DU-04,dumper,2.17,0.909,0,0.0
2024-08-22,DEMO-01,DU-04,dumper,0.36,0.985,0,0.0
2024-08-23,DEMO-01,DU-04,dumper,6.48,0.73,1,4.17
2024-08-24,DEMO-01,DU-04,dumper,4.44,0.815,0,0.0
2024-08-25,DEMO-01,DU-04,dumper,5.43,0.774,0,0.0
2024-08-26,DEMO-01,DU-04,dumper,0.98,0.959,0,0.0
2024-08-27,DEMO-01,DU-04,dumper,3.54,0.853,0,0.0
2024-08-28,DEMO-01,DU-04,dumper,2.13,0.911,0,0.0
2024-08-29,DEMO-01,DU-04,dumper,2.29,0.904,0,0.0
2024-08-30,DEMO-01,DU-04,dumper,2.74,0.886,0,0.0
2024-08-31,DEMO-01,DU-04,dumper,6.03,0.749,1,4.55
2024-09-01,DEMO-01,DU-04,dumper,0.42,0.983,0,0.0
2024-09-02,DEMO-01,DU-04,dumper,5.49,0.771,0,0.0
2024-09-03,DEMO-01,DU-04,dumper,1.18,0.951,0,0.0
2024-09-04,DEMO-01,DU-04,dumper,0.6,0.975,0,0.0
2024-09-05,DEMO-01,DU-04,dumper,0.48,0.98,0,0.0
2024-09-06,DEMO-01,DU-04,dumper,0.87,0.964,0,0.0
2024-09-07,DEMO-01,DU-04,dumper,0.89,0.963,0,0.0
2024-09-08,DEMO-01,DU-04,dumper,1.58,0.934,0,0.0
2024-09-09,DEMO-01,DU-04,dumper,2.09,0.913,0,0.0
2024-09-10,DEMO-01,DU-04,dumper,9.64,0.598,1,9.21
2024-09-11,DEMO-01,DU-04,dumper,0.35,0.985,0,0.0
2024-09-12,DEMO-01,DU-04,dumper,4.23,0.824,0,0.0
2024-09-13,DEMO-01,DU-04,dumper,2.98,0.876,0,0.0
2024-09-14,DEMO-01,DU-04,dumper,3.79,0.842,0,0.0
2024-09-15,DEMO-01,DU-04,dumper,0.33,0.986,0,0.0
2024-09-16,DEMO-01,DU-04,dumper,1.93,0.92,0,0.0
2024-09-17,DEMO-01,DU-04,dumper,1.85,0.923,0,0.0
2024-09-18,DEMO-01,DU-04,dumper,0.62,0.974,0,0.0
2024-09-19,DEMO-01,DU-04,dumper,1.33,0.945,0,0.0
2024-09-20,DEMO-01,DU-04,dumper,2.16,0.91,0,0.0
2024-09-21,DEMO-01,DU-04,dumper,1.03,0.957,0,0.0
2024-09-22,DEMO-01,DU-04,dumper,2.0,0.917,0,0.0
2024-09-23,DEMO-01,DU-04,dumper,0.35,0.985,0,0.0
2024-09-24,DEMO-01,DU-04,dumper,10.03,0.582,1,9.61
2024-09-25,DEMO-01,DU-04,dumper,0.42,0.983,0,0.0
2024-09-26,DEMO-01,DU-04,dumper,0.7,0.971,0,0.0
2024-09-27,DEMO-01,DU-04,dumper,0.5,0.979,0,0.0
2024-09-28,DEMO-01,DU-04,dumper,6.27,0.739,1,5.25
2024-09-29,DEMO-01,DU-04,dumper,1.29,0.946,0,0.0
2024-09-30,DEMO-01,DU-04,dumper,3.11,0.87,0,0.0
2024-10-01,DEMO-01,DU-04,dumper,1.04,0.957,0,0.0
2024-10-02,DEMO-01,DU-04,dumper,2.29,0.904,0,0.0
2024-10-03,DEMO-01,DU-04,dumper,3.35,0.86,0,0.0
2024-10-04,DEMO-01,DU-04,dumper,0.21,0.991,0,0.0
2024-10-05,DEMO-01,DU-04,dumper,2.75,0.885,0,0.0
2024-10-06,DEMO-01,DU-04,dumper,0.7,0.971,0,0.0
2024-10-07,DEMO-01,DU-04,dumper,0.65,0.973,0,0.0
2024-10-08,DEMO-01,DU-04,dumper,1.01,0.958,0,0.0
2024-10-09,DEMO-01,DU-04,dumper,0.46,0.981,0,0.0
2024-10-10,DEMO-01,DU-04,dumper,0.74,0.969,0,0.0
2024-10-11,DEMO-01,DU-04,dumper,1.72,0.928,0,0.0
2024-10-12,DEMO-01,DU-04,dumper,0.8,0.967,0,0.0
2024-10-13,DEMO-01,DU-04,dumper,0.93,0.961,0,0.0
2024-10-14,DEMO-01,DU-04,dumper,0.58,0.976,0,0.0
2024-10-15,DEMO-01,DU-04,dumper,0.66,0.972,0,0.0
2024-10-16,DEMO-01,DU-04,dumper,1.05,0.956,0,0.0
2024-10-17,DEMO-01,DU-04,dumper,2.19,0.909,0,0.0
2024-10-18,DEMO-01,DU-04,dumper,0.04,0.998,0,0.0
2024-10-19,DEMO-01,DU-04,dumper,1.13,0.953,0,0.0
2024-10-20,DEMO-01,DU-04,dumper,1.17,0.951,0,0.0
2024-10-21,DEMO-01,DU-04,dumper,1.06,0.956,0,0.0
2024-10-22,DEMO-01,DU-04,dumper,1.29,0.946,0,0.0
2024-10-23,DEMO-01,DU-04,dumper,1.91,0.92,0,0.0
2024-10-24,DEMO-01,DU-04,dumper,0.39,0.984,0,0.0
2024-10-25,DEMO-01,DU-04,dumper,1.64,0.932,0,0.0
2024-10-26,DEMO-01,DU-04,dumper,1.03,0.957,0,0.0
2024-10-27,DEMO-01,DU-04,dumper,8.78,0.634,1,8.49
2024-10-28,DEMO-01,DU-04,dumper,0.67,0.972,0,0.0
2024-10-29,DEMO-01,DU-04,dumper,0.81,0.966,0,0.0
2024-10-30,DEMO-01,DU-04,dumper,0.51,0.979,0,0.0
2024-10-31,DEMO-01,DU-04,dumper,1.78,0.926,0,0.0
2024-11-01,DEMO-01,DU-04,dumper,0.91,0.962,0,0.0
2024-11-02,DEMO-01,DU-04,dumper,0.32,0.986,0,0.0
2024-11-03,DEMO-01,DU-04,dumper,1.1,0.954,0,0.0
2024-11-04,DEMO-01,DU-04,dumper,1.17,0.951,0,0.0
2024-11-05,DEMO-01,DU-04,dumper,2.69,0.888,0,0.0
2024-11-06,DEMO-01,DU-04,dumper,0.87,0.964,0,0.0
2024-11-07,DEMO-01,DU-04,dumper,0.3,0.987,0,0.0
2024-11-08,DEMO-01,DU-04,dumper,0.81,0.966,0,0.0
2024-11-09,DEMO-01,DU-04,dumper,0.26,0.989,0,0.0
2024-11-10,DEMO-01,DU-04,dumper,0.56,0.976,0,0.0
2024-11-11,DEMO-01,DU-04,dumper,1.79,0.925,0,0.0
2024-11-12,DEMO-01,DU-04,dumper,1.36,0.943,0,0.0
2024-11-13,DEMO-01,DU-04,dumper,1.11,0.954,0,0.0
2024-11-14,DEMO-01,DU-04,dumper,2.14,0.911,0,0.0
2024-11-15,DEMO-01,DU-04,dumper,1.09,0.955,0,0.0
2024-11-16,DEMO-01,DU-04,dumper,0.08,0.997,0,0.0
2024-11-17,DEMO-01,DU-04,dumper,0.47,0.981,0,0.0
2024-11-18,DEMO-01,DU-04,dumper,0.35,0.985,0,0.0
2024-11-19,DEMO-01,DU-04,dumper,1.81,0.924,0,0.0
2024-11-20,DEMO-01,DU-04,dumper,2.8,0.883,0,0.0
2024-11-21,DEMO-01,DU-04,dumper,0.68,0.972,0,0.0
2024-11-22,DEMO-01,DU-04,dumper,0.65,0.973,0,0.0
2024-11-23,DEMO-01,DU-04,dumper,2.34,0.903,0,0.0
2024-11-24,DEMO-01,DU-04,dumper,1.27,0.947,0,0.0
2024-11-25,DEMO-01,DU-04,dumper,8.6,0.641,1,8.95
2024-11-26,DEMO-01,DU-04,dumper,9.73,0.595,1,9.76
2024-11-27,DEMO-01,DU-04,dumper,0.95,0.96,0,0.0
2024-11-28,DEMO-01,DU-04,dumper,1.23,0.949,0,0.0
2024-11-29,DEMO-01,DU-04,dumper,2.0,0.917,0,0.0
2024-11-30,DEMO-01,DU-04,dumper,1.45,0.94,0,0.0
2024-12-01,DEMO-01,DU-04,dumper,3.44,0.857,0,0.0
2024-12-02,DEMO-01,DU-04,dumper,1.43,0.94,0,0.0
2024-12-03,DEMO-01,DU-04,dumper,1.41,0.941,0,0.0
2024-12-04,DEMO-01,DU-04,dumper,0.17,0.993,0,0.0
2024-12-05,DEMO-01,DU-04,dumper,1.08,0.955,0,0.0
2024-12-06,DEMO-01,DU-04,dumper,0.37,0.985,0,0.0
2024-12-07,DEMO-01,DU-04,dumper,0.67,0.972,0,0.0
2024-12-08,DEMO-01,DU-04,dumper,0.43,0.982,0,0.0
2024-12-09,DEMO-01,DU-04,dumper,1.59,0.934,0,0.0
2024-12-10,DEMO-01,DU-04,dumper,4.43,0.816,1,4.58
2024-12-11,DEMO-01,DU-04,dumper,1.17,0.951,0,0.0
2024-12-12,DEMO-01,DU-04,dumper,0.31,0.987,0,0.0
2024-12-13,DEMO-01,DU-04,dumper,3.15,0.869,0,0.0
2024-12-14,DEMO-01,DU-04,dumper,0.19,0.992,0,0.0
2024-12-15,DEMO-01,DU-04,dumper,1.09,0.954,0,0.0
2024-12-16,DEMO-01,DU-04,dumper,0.33,0.986,0,0.0
2024-12-17,DEMO-01,DU-04,dumper,1.59,0.934,0,0.0
2024-12-18,DEMO-01,DU-04,dumper,1.71,0.929,0,0.0
2024-12-19,DEMO-01,DU-04,dumper,5.96,0.752,1,6.18
2024-12-20,DEMO-01,DU-04,dumper,0.79,0.967,0,0.0
2024-12-21,DEMO-01,DU-04,dumper,0.57,0.976,0,0.0
2024-12-22,DEMO-01,DU-04,dumper,1.36,0.943,0,0.0
2024-12-23,DEMO-01,DU-04,dumper,0.22,0.991,0,0.0
2024-12-24,DEMO-01,DU-04,dumper,0.8,0.967,0,0.0
2024-12-25,DEMO-01,DU-04,dumper,1.89,0.921,0,0.0
2024-12-26,DEMO-01,DU-04,dumper,1.06,0.956,0,0.0
2024-12-27,DEMO-01,DU-04,dumper,1.26,0.947,0,0.0
2024-12-28,DEMO-01,DU-04,dumper,1.06,0.956,0,0.0
2024-12-29,DEMO-01,DU-04,dumper,0.76,0.968,0,0.0
2024-12-30,DEMO-01,DU-04,dumper,0.33,0.986,0,0.0
2024-12-31,DEMO-01,DU-04,dumper,1.57,0.935,0,0.0
2025-01-01,DEMO-01,DU-04,dumper,1.54,0.936,0,0.0
2025-01-02,DEMO-01,DU-04,dumper,3.49,0.854,0,0.0
2025-01-03,DEMO-01,DU-04,dumper,0.58,0.976,0,0.0
2025-01-04,DEMO-01,DU-04,dumper,1.04,0.957,0,0.0
2025-01-05,DEMO-01,DU-04,dumper,0.91,0.962,0,0.0
2025-01-06,DEMO-01,DU-04,dumper,4.88,0.796,1,4.28
2025-01-07,DEMO-01,DU-04,dumper,3.2,0.866,0,0.0
2025-01-08,DEMO-01,DU-04,dumper,2.38,0.901,0,0.0
2025-01-09,DEMO-01,DU-04,dumper,0.46,0.981,0,0.0
2025-01-10,DEMO-01,DU-04,dumper,0.04,0.998,0,0.0
2025-01-11,DEMO-01,DU-04,dumper,0.83,0.966,0,0.0
2025-01-12,DEMO-01,DU-04,dumper,0.91,0.962,0,0.0
2025-01-13,DEMO-01,DU-04,dumper,0.31,0.987,0,0.0
2025-01-14,DEMO-01,DU-04,dumper,1.59,0.934,0,0.0
2025-01-15,DEMO-01,DU-04,dumper,1.1,0.954,0,0.0
2025-01-16,DEMO-01,DU-04,dumper,0.41,0.983,0,0.0
2025-01-17,DEMO-01,DU-04,dumper,0.45,0.981,0,0.0
2025-01-18,DEMO-01,DU-04,dumper,0.67,0.972,0,0.0
2025-01-19,DEMO-01,DU-04,dumper,1.23,0.949,0,0.0
2025-01-20,DEMO-01,DU-04,dumper,7.61,0.683,1,7.65
2025-01-21,DEMO-01,DU-04,dumper,1.36,0.943,0,0.0
2025-01-22,DEMO-01,DU-04,dumper,0.88,0.963,0,0.0
2025-01-23,DEMO-01,DU-04,dumper,1.87,0.922,0,0.0
2025-01-24,DEMO-01,DU-04,dumper,4.2,0.825,1,3.38
2025-01-25,DEMO-01,DU-04,dumper,5.45,0.773,1,5.03
2025-01-26,DEMO-01,DU-04,dumper,1.13,0.953,0,0.0
2025-01-27,DEMO-01,DU-04,dumper,0.29,0.988,0,0.0
2025-01-28,DEMO-01,DU-04,dumper,0.67,0.972,0,0.0
2025-01-29,DEMO-01,DU-04,dumper,9.4,0.608,1,9.39
2025-01-30,DEMO-01,DU-04,dumper,0.75,0.969,0,0.0
2025-01-31,DEMO-01,DU-04,dumper,1.75,0.927,0,0.0
2025-02-01,DEMO-01,DU-04,dumper,0.59,0.975,0,0.0
2025-02-02,DEMO-01,DU-04,dumper,1.96,0.918,0,0.0
2025-02-03,DEMO-01,DU-04,dumper,0.19,0.992,0,0.0
2025-02-04,DEMO-01,DU-04,dumper,4.18,0.826,0,0.0
2025-02-05,DEMO-01,DU-04,dumper,0.91,0.962,0,0.0
2025-02-06,DEMO-01,DU-04,dumper,0.76,0.968,0,0.0
2025-02-07,DEMO-01,DU-04,dumper,0.31,0.987,0,0.0
2025-02-08,DEMO-01,DU-04,dumper,0.58,0.976,0,0.0
2025-02-09,DEMO-01,DU-04,dumper,1.29,0.946,0,0.0
2025-02-10,DEMO-01,DU-04,dumper,0.7,0.971,0,0.0
2025-02-11,DEMO-01,DU-04,dumper,0.44,0.982,0,0.0
2025-02-12,DEMO-01,DU-04,dumper,0.22,0.991,0,0.0
2025-02-13,DEMO-01,DU-04,dumper,4.76,0.802,1,3.23
2025-02-14,DEMO-01,DU-04,dumper,0.59,0.975,0,0.0
2025-02-15,DEMO-01,DU-04,dumper,2.69,0.888,1,2.25
2025-02-16,DEMO-01,DU-04,dumper,1.32,0.945,0,0.0
2025-02-17,DEMO-01,DU-04,dumper,0.22,0.991,0,0.0
2025-02-18,DEMO-01,DU-04,dumper,0.48,0.98,0,0.0
2025-02-19,DEMO-01,DU-04,dumper,1.19,0.95,0,0.0
2025-02-20,DEMO-01,DU-04,dumper,0.59,0.975,0,0.0
2025-02-21,DEMO-01,DU-04,dumper,7.84,0.673,1,8.76
2025-02-22,DEMO-01,DU-04,dumper,1.66,0.931,0,0.0
2025-02-23,DEMO-01,DU-04,dumper,1.56,0.935,0,0.0
2025-02-24,DEMO-01,DU-04,dumper,1.48,0.938,0,0.0
2025-02-25,DEMO-01,DU-04,dumper,0.6,0.975,0,0.0
2025-02-26,DEMO-01,DU-04,dumper,2.12,0.912,0,0.0
2025-02-27,DEMO-01,DU-04,dumper,0.26,0.989,0,0.0
2025-02-28,DEMO-01,DU-04,dumper,1.23,0.949,0,0.0
2025-03-01,DEMO-01,DU-04,dumper,4.23,0.824,0,0.0
2025-03-02,DEMO-01,DU-04,dumper,3.21,0.866,0,0.0
2025-03-03,DEMO-01,DU-04,dumper,1.63,0.932,0,0.0
2025-03-04,DEMO-01,DU-04,dumper,1.46,0.939,0,0.0
2025-03-05,DEMO-01,DU-04,dumper,0.51,0.979,0,0.0
2025-03-06,DEMO-01,DU-04,dumper,0.84,0.965,0,0.0
2025-03-07,DEMO-01,DU-04,dumper,0.75,0.969,0,0.0
2025-03-08,DEMO-01,DU-04,dumper,1.01,0.958,0,0.0
2025-03-09,DEMO-01,DU-04,dumper,0.23,0.99,0,0.0
2025-03-10,DEMO-01,DU-04,dumper,0.39,0.984,0,0.0
2025-03-11,DEMO-01,DU-04,dumper,0.58,0.976,0,0.0
2025-03-12,DEMO-01,DU-04,dumper,0.89,0.963,0,0.0
2025-03-13,DEMO-01,DU-04,dumper,0.77,0.968,0,0.0
2025-03-14,DEMO-01,DU-04,dumper,0.42,0.982,0,0.0
2025-03-15,DEMO-01,DU-04,dumper,0.29,0.988,0,0.0
2025-03-16,DEMO-01,DU-04,dumper,0.7,0.971,0,0.0
2025-03-17,DEMO-01,DU-04,dumper,0.76,0.968,0,0.0
2025-03-18,DEMO-01,DU-04,dumper,1.96,0.918,0,0.0
2025-03-19,DEMO-01,DU-04,dumper,1.85,0.923,0,0.0
2025-03-20,DEMO-01,DU-04,dumper,1.15,0.952,0,0.0
2025-03-21,DEMO-01,DU-04,dumper,0.92,0.962,0,0.0
2025-03-22,DEMO-01,DU-04,dumper,0.3,0.988,0,0.0
2025-03-23,DEMO-01,DU-04,dumper,0.19,0.992,0,0.0
2025-03-24,DEMO-01,DU-04,dumper,0.35,0.985,0,0.0
2025-03-25,DEMO-01,DU-04,dumper,10.3,0.571,1,9.25
2025-03-26,DEMO-01,DU-04,dumper,2.06,0.914,0,0.0
2025-03-27,DEMO-01,DU-04,dumper,1.35,0.944,0,0.0
2025-03-28,DEMO-01,DU-04,dumper,0.74,0.969,0,0.0
2025-03-29,DEMO-01,DU-04,dumper,1.51,0.937,0,0.0
2025-03-30,DEMO-01,DU-04,dumper,1.69,0.93,0,0.0
2025-03-31,DEMO-01,DU-04,dumper,3.56,0.852,1,2.62
2025-04-01,DEMO-01,DU-04,dumper,0.69,0.971,0,0.0
2025-04-02,DEMO-01,DU-04,dumper,1.43,0.94,0,0.0
2025-04-03,DEMO-01,DU-04,dumper,1.18,0.951,0,0.0
2025-04-04,DEMO-01,DU-04,dumper,1.82,0.924,0,0.0
2025-04-05,DEMO-01,DU-04,dumper,1.51,0.937,0,0.0
2025-04-06,DEMO-01,DU-04,dumper,0.53,0.978,0,0.0
2025-04-07,DEMO-01,DU-04,dumper,0.23,0.99,0,0.0
2025-04-08,DEMO-01,DU-04,dumper,0.82,0.966,0,0.0
2025-04-09,DEMO-01,DU-04,dumper,9.93,0.586,1,8.83
2025-04-10,DEMO-01,DU-04,dumper,0.67,0.972,0,0.0
2025-04-11,DEMO-01,DU-04,dumper,0.57,0.976,0,0.0
2025-04-12,DEMO-01,DU-04,dumper,1.11,0.954,0,0.0
2025-04-13,DEMO-01,DU-04,dumper,1.09,0.955,0,0.0
2025-04-14,DEMO-01,DU-04,dumper,1.03,0.957,0,0.0
2025-04-15,DEMO-01,DU-04,dumper,1.48,0.938,0,0.0
2025-04-16,DEMO-01,DU-04,dumper,0.79,0.967,0,0.0
2025-04-17,DEMO-01,DU-04,dumper,2.0,0.917,0,0.0
2025-04-18,DEMO-01,DU-04,dumper,0.81,0.966,0,0.0
2025-04-19,DEMO-01,DU-04,dumper,0.42,0.983,0,0.0
2025-04-20,DEMO-01,DU-04,dumper,0.8,0.967,0,0.0
2025-04-21,DEMO-01,DU-04,dumper,0.54,0.978,0,0.0
2025-04-22,DEMO-01,DU-04,dumper,1.23,0.949,0,0.0
2025-04-23,DEMO-01,DU-04,dumper,1.76,0.927,0,0.0
2025-04-24,DEMO-01,DU-04,dumper,0.27,0.989,0,0.0
2025-04-25,DEMO-01,DU-04,dumper,0.68,0.972,0,0.0
2025-04-26,DEMO-01,DU-04,dumper,0.67,0.972,0,0.0
2025-04-27,DEMO-01,DU-04,dumper,0.15,0.994,0,0.0
2025-04-28,DEMO-01,DU-04,dumper,0.17,0.993,0,0.0
2025-04-29,DEMO-01,DU-04,dumper,1.46,0.939,0,0.0
2025-04-30,DEMO-01,DU-04,dumper,0.75,0.969,0,0.0
2025-05-01,DEMO-01,DU-04,dumper,1.48,0.938,0,0.0
2025-05-02,DEMO-01,DU-04,dumper,1.68,0.93,0,0.0
2025-05-03,DEMO-01,DU-04,dumper,1.94,0.919,0,0.0
2025-05-04,DEMO-01,DU-04,dumper,0.32,0.987,0,0.0
2025-05-05,DEMO-01,DU-04,dumper,0.98,0.959,0,0.0
2025-05-06,DEMO-01,DU-04,dumper,0.52,0.978,0,0.0
2025-05-07,DEMO-01,DU-04,dumper,2.05,0.915,0,0.0
2025-05-08,DEMO-01,DU-04,dumper,1.48,0.938,0,0.0
2025-05-09,DEMO-01,DU-04,dumper,0.55,0.977,0,0.0
2025-05-10,DEMO-01,DU-04,dumper,0.37,0.985,0,0.0
2025-05-11,DEMO-01,DU-04,dumper,2.17,0.909,0,0.0
2025-05-12,DEMO-01,DU-04,dumper,1.33,0.945,0,0.0
2025-05-13,DEMO-01,DU-04,dumper,0.46,0.981,0,0.0
2025-05-14,DEMO-01,DU-04,dumper,1.26,0.947,0,0.0
2025-05-15,DEMO-01,DU-04,dumper,1.94,0.919,0,0.0
2025-05-16,DEMO-01,DU-04,dumper,2.2,0.908,0,0.0
2025-05-17,DEMO-01,DU-04,dumper,3.83,0.841,0,0.0
2025-05-18,DEMO-01,DU-04,dumper,1.41,0.941,0,0.0
2025-05-19,DEMO-01,DU-04,dumper,1.03,0.957,0,0.0
2025-05-20,DEMO-01,DU-04,dumper,1.6,0.933,0,0.0
2025-05-21,DEMO-01,DU-04,dumper,1.58,0.934,0,0.0
2025-05-22,DEMO-01,DU-04,dumper,1.17,0.951,0,0.0
2025-05-23,DEMO-01,DU-04,dumper,1.09,0.955,0,0.0
2025-05-24,DEMO-01,DU-04,dumper,1.22,0.949,0,0.0
2025-05-25,DEMO-01,DU-04,dumper,1.84,0.923,0,0.0
2025-05-26,DEMO-01,DU-04,dumper,1.98,0.918,0,0.0
2025-05-27,DEMO-01,DU-04,dumper,2.13,0.911,0,0.0
2025-05-28,DEMO-01,DU-04,dumper,2.07,0.914,0,0.0
2025-05-29,DEMO-01,DU-04,dumper,1.87,0.922,0,0.0
2025-05-30,DEMO-01,DU-04,dumper,0.84,0.965,0,0.0
2025-05-31,DEMO-01,DU-04,dumper,0.64,0.973,0,0.0
2025-06-01,DEMO-01,DU-04,dumper,0.28,0.988,0,0.0
2025-06-02,DEMO-01,DU-04,dumper,2.75,0.885,0,0.0
2025-06-03,DEMO-01,DU-04,dumper,4.69,0.805,0,0.0
2025-06-04,DEMO-01,DU-04,dumper,1.0,0.958,0,0.0
2025-06-05,DEMO-01,DU-04,dumper,3.19,0.867,0,0.0
2025-06-06,DEMO-01,DU-04,dumper,2.62,0.891,0,0.0
2025-06-07,DEMO-01,DU-04,dumper,4.1,0.829,0,0.0
2025-06-08,DEMO-01,DU-04,dumper,0.78,0.967,0,0.0
2025-06-09,DEMO-01,DU-04,dumper,1.23,0.949,0,0.0
2025-06-10,DEMO-01,DU-04,dumper,1.95,0.919,0,0.0
2025-06-11,DEMO-01,DU-04,dumper,2.22,0.907,0,0.0
2025-06-12,DEMO-01,DU-04,dumper,3.33,0.861,0,0.0
2025-06-13,DEMO-01,DU-04,dumper,1.13,0.953,0,0.0
2025-06-14,DEMO-01,DU-04,dumper,6.9,0.712,0,0.0
2025-06-15,DEMO-01,DU-04,dumper,2.66,0.889,0,0.0
2025-06-16,DEMO-01,DU-04,dumper,1.82,0.924,0,0.0
2025-06-17,DEMO-01,DU-04,dumper,0.42,0.982,0,0.0
2025-06-18,DEMO-01,DU-04,dumper,0.28,0.988,0,0.0
2025-06-19,DEMO-01,DU-04,dumper,0.97,0.96,0,0.0
2025-06-20,DEMO-01,DU-04,dumper,2.49,0.896,0,0.0
2025-06-21,DEMO-01,DU-04,dumper,0.32,0.987,0,0.0
2025-06-22,DEMO-01,DU-04,dumper,0.79,0.967,0,0.0
2025-06-23,DEMO-01,DU-04,dumper,0.53,0.978,0,0.0
2025-06-24,DEMO-01,DU-04,dumper,7.57,0.684,0,0.0
2025-06-25,DEMO-01,DU-04,dumper,2.3,0.904,0,0.0
2025-06-26,DEMO-01,DU-04,dumper,10.79,0.55,0,0.0
2025-06-27,DEMO-01,DU-04,dumper,1.95,0.919,0,0.0
2025-06-28,DEMO-01,DU-04,dumper,3.33,0.861,0,0.0
2025-06-29,DEMO-01,DU-04,dumper,0.89,0.963,0,0.0
2025-06-30,DEMO-01,DU-04,dumper,1.11,0.954,0,0.0
2025-07-01,DEMO-01,DU-04,dumper,0.2,0.992,0,0.0
2025-07-02,DEMO-01,DU-04,dumper,7.87,0.672,1,5.9
2025-07-03,DEMO-01,DU-04,dumper,2.02,0.916,0,0.0
2025-07-04,DEMO-01,DU-04,dumper,11.31,0.529,0,0.0
2025-07-05,DEMO-01,DU-04,dumper,7.72,0.678,0,0.0
2025-07-06,DEMO-01,DU-04,dumper,1.86,0.922,0,0.0
2025-07-07,DEMO-01,DU-04,dumper,2.39,0.9,0,0.0
2025-07-08,DEMO-01,DU-04,dumper,5.07,0.789,0,0.0
2025-07-09,DEMO-01,DU-04,dumper,0.65,0.973,0,0.0
2025-07-10,DEMO-01,DU-04,dumper,2.8,0.884,0,0.0
2025-07-11,DEMO-01,DU-04,dumper,4.33,0.82,0,0.0
2025-07-12,DEMO-01,DU-04,dumper,4.08,0.83,0,0.0
2025-07-13,DEMO-01,DU-04,dumper,4.56,0.81,0,0.0
2025-07-14,DEMO-01,DU-04,dumper,3.54,0.852,0,0.0
2025-07-15,DEMO-01,DU-04,dumper,3.34,0.861,0,0.0
2025-07-16,DEMO-01,DU-04,dumper,12.66,0.472,1,7.59
2025-07-17,DEMO-01,DU-04,dumper,4.64,0.807,0,0.0
2025-07-18,DEMO-01,DU-04,dumper,8.67,0.639,0,0.0
2025-07-19,DEMO-01,DU-04,dumper,1.42,0.941,0,0.0
2025-07-20,DEMO-01,DU-04,dumper,1.33,0.945,0,0.0
2025-07-21,DEMO-01,DU-04,dumper,2.46,0.897,0,0.0
2025-07-22,DEMO-01,DU-04,dumper,1.07,0.956,0,0.0
2025-07-23,DEMO-01,DU-04,dumper,0.19,0.992,0,0.0
2025-07-24,DEMO-01,DU-04,dumper,2.07,0.914,0,0.0
2025-07-25,DEMO-01,DU-04,dumper,0.6,0.975,0,0.0
2025-07-26,DEMO-01,DU-04,dumper,1.84,0.923,0,0.0
2025-07-27,DEMO-01,DU-04,dumper,4.35,0.819,0,0.0
2025-07-28,DEMO-01,DU-04,dumper,5.47,0.772,0,0.0
2025-07-29,DEMO-01,DU-04,dumper,5.05,0.79,0,0.0
2025-07-30,DEMO-01,DU-04,dumper,7.38,0.693,0,0.0
2025-07-31,DEMO-01,DU-04,dumper,0.59,0.976,0,0.0
2025-08-01,DEMO-01,DU-04,dumper,1.55,0.936,0,0.0
2025-08-02,DEMO-01,DU-04,dumper,6.22,0.741,0,0.0
2025-08-03,DEMO-01,DU-04,dumper,2.16,0.91,0,0.0
2025-08-04,DEMO-01,DU-04,dumper,2.59,0.892,0,0.0
2025-08-05,DEMO-01,DU-04,dumper,1.63,0.932,0,0.0
2025-08-06,DEMO-01,DU-04,dumper,2.19,0.909,0,0.0
2025-08-07,DEMO-01,DU-04,dumper,6.34,0.736,0,0.0
2025-08-08,DEMO-01,DU-04,dumper,4.95,0.794,0,0.0
2025-08-09,DEMO-01,DU-04,dumper,0.5,0.979,0,0.0
2025-08-10,DEMO-01,DU-04,dumper,11.72,0.511,1,2.97
2025-08-11,DEMO-01,DU-04,dumper,5.91,0.754,1,4.26
2025-08-12,DEMO-01,DU-04,dumper,2.47,0.897,0,0.0
2025-08-13,DEMO-01,DU-04,dumper,0.79,0.967,0,0.0
2025-08-14,DEMO-01,DU-04,dumper,1.35,0.944,0,0.0
2025-08-15,DEMO-01,DU-04,dumper,10.5,0.562,0,0.0
2025-08-16,DEMO-01,DU-04,dumper,1.83,0.924,0,0.0
2025-08-17,DEMO-01,DU-04,dumper,13.24,0.448,1,6.59
2025-08-18,DEMO-01,DU-04,dumper,9.24,0.615,1,7.86
2025-08-19,DEMO-01,DU-04,dumper,16.77,0.301,1,9.98
2025-08-20,DEMO-01,DU-04,dumper,2.46,0.898,0,0.0
2025-08-21,DEMO-01,DU-04,dumper,4.28,0.822,0,0.0
2025-08-22,DEMO-01,DU-04,dumper,0.35,0.985,0,0.0
2025-08-23,DEMO-01,DU-04,dumper,0.37,0.985,0,0.0
2025-08-24,DEMO-01,DU-04,dumper,4.54,0.811,0,0.0
2025-08-25,DEMO-01,DU-04,dumper,0.72,0.97,0,0.0
2025-08-26,DEMO-01,DU-04,dumper,0.76,0.968,0,0.0
2025-08-27,DEMO-01,DU-04,dumper,0.43,0.982,0,0.0
2025-08-28,DEMO-01,DU-04,dumper,0.84,0.965,0,0.0
2025-08-29,DEMO-01,DU-04,dumper,1.24,0.948,0,0.0
2025-08-30,DEMO-01,DU-04,dumper,6.63,0.724,1,5.12
2025-08-31,DEMO-01,DU-04,dumper,3.79,0.842,0,0.0
2025-09-01,DEMO-01,DU-04,dumper,2.1,0.913,0,0.0
2025-09-02,DEMO-01,DU-04,dumper,2.07,0.914,0,0.0
2025-09-03,DEMO-01,DU-04,dumper,2.11,0.912,0,0.0
2025-09-04,DEMO-01,DU-04,dumper,1.54,0.936,0,0.0
2025-09-05,DEMO-01,DU-04,dumper,4.06,0.831,0,0.0
2025-09-06,DEMO-01,DU-04,dumper,0.36,0.985,0,0.0
2025-09-07,DEMO-01,DU-04,dumper,1.32,0.945,0,0.0
2025-09-08,DEMO-01,DU-04,dumper,1.46,0.939,0,0.0
2025-09-09,DEMO-01,DU-04,dumper,3.56,0.851,0,0.0
2025-09-10,DEMO-01,DU-04,dumper,3.48,0.855,0,0.0
2025-09-11,DEMO-01,DU-04,dumper,0.52,0.978,0,0.0
2025-09-12,DEMO-01,DU-04,dumper,1.19,0.95,0,0.0
2025-09-13,DEMO-01,DU-04,dumper,3.12,0.87,0,0.0
2025-09-14,DEMO-01,DU-04,dumper,3.25,0.864,0,0.0
2025-09-15,DEMO-01,DU-04,dumper,1.33,0.945,0,0.0
2025-09-16,DEMO-01,DU-04,dumper,0.88,0.963,0,0.0
2025-09-17,DEMO-01,DU-04,dumper,0.59,0.975,0,0.0
2025-09-18,DEMO-01,DU-04,dumper,2.1,0.912,0,0.0
2025-09-19,DEMO-01,DU-04,dumper,0.81,0.966,0,0.0
2025-09-20,DEMO-01,DU-04,dumper,0.56,0.977,0,0.0
2025-09-21,DEMO-01,DU-04,dumper,1.2,0.95,0,0.0
2025-09-22,DEMO-01,DU-04,dumper,1.51,0.937,0,0.0
2025-09-23,DEMO-01,DU-04,dumper,1.91,0.92,0,0.0
2025-09-24,DEMO-01,DU-04,dumper,1.0,0.958,0,0.0
2025-09-25,DEMO-01,DU-04,dumper,1.26,0.948,0,0.0
2025-09-26,DEMO-01,DU-04,dumper,0.4,0.984,0,0.0
2025-09-27,DEMO-01,DU-04,dumper,1.84,0.923,0,0.0
2025-09-28,DEMO-01,DU-04,dumper,2.37,0.901,0,0.0
2025-09-29,DEMO-01,DU-04,dumper,1.27,0.947,0,0.0
2025-09-30,DEMO-01,DU-04,dumper,1.56,0.935,0,0.0
2025-10-01,DEMO-01,DU-04,dumper,0.4,0.983,0,0.0
2025-10-02,DEMO-01,DU-04,dumper,1.32,0.945,0,0.0
2025-10-03,DEMO-01,DU-04,dumper,1.4,0.942,0,0.0
2025-10-04,DEMO-01,DU-04,dumper,0.92,0.962,0,0.0
2025-10-05,DEMO-01,DU-04,dumper,2.79,0.884,0,0.0
2025-10-06,DEMO-01,DU-04,dumper,3.74,0.844,1,3.69
2025-10-07,DEMO-01,DU-04,dumper,2.58,0.892,0,0.0
2025-10-08,DEMO-01,DU-04,dumper,2.74,0.886,0,0.0
2025-10-09,DEMO-01,DU-04,dumper,2.01,0.916,0,0.0
2025-10-10,DEMO-01,DU-04,dumper,0.17,0.993,0,0.0
2025-10-11,DEMO-01,DU-04,dumper,0.76,0.968,0,0.0
2025-10-12,DEMO-01,DU-04,dumper,1.46,0.939,0,0.0
2025-10-13,DEMO-01,DU-04,dumper,1.01,0.958,0,0.0
2025-10-14,DEMO-01,DU-04,dumper,1.91,0.921,0,0.0
2025-10-15,DEMO-01,DU-04,dumper,2.28,0.905,0,0.0
2025-10-16,DEMO-01,DU-04,dumper,1.5,0.937,0,0.0
2025-10-17,DEMO-01,DU-04,dumper,1.64,0.932,0,0.0
2025-10-18,DEMO-01,DU-04,dumper,1.87,0.922,0,0.0
2025-10-19,DEMO-01,DU-04,dumper,1.98,0.917,0,0.0
2025-10-20,DEMO-01,DU-04,dumper,1.9,0.921,0,0.0
2025-10-21,DEMO-01,DU-04,dumper,0.36,0.985,0,0.0
2025-10-22,DEMO-01,DU-04,dumper,3.0,0.875,1,2.94
2025-10-23,DEMO-01,DU-04,dumper,8.18,0.659,1,9.06
2025-10-24,DEMO-01,DU-04,dumper,1.55,0.936,0,0.0
2025-10-25,DEMO-01,DU-04,dumper,1.88,0.922,0,0.0
2025-10-26,DEMO-01,DU-04,dumper,1.59,0.934,0,0.0
2025-10-27,DEMO-01,DU-04,dumper,0.12,0.995,0,0.0
2025-10-28,DEMO-01,DU-04,dumper,4.5,0.813,0,0.0
2025-10-29,DEMO-01,DU-04,dumper,1.65,0.931,0,0.0
2025-10-30,DEMO-01,DU-04,dumper,1.08,0.955,0,0.0
2025-10-31,DEMO-01,DU-04,dumper,3.7,0.846,0,0.0
2025-11-01,DEMO-01,DU-04,dumper,2.74,0.886,0,0.0
2025-11-02,DEMO-01,DU-04,dumper,0.63,0.974,0,0.0
2025-11-03,DEMO-01,DU-04,dumper,2.1,0.913,0,0.0
2025-11-04,DEMO-01,DU-04,dumper,0.95,0.96,0,0.0
2025-11-05,DEMO-01,DU-04,dumper,0.15,0.994,0,0.0
2025-11-06,DEMO-01,DU-04,dumper,1.37,0.943,0,0.0
2025-11-07,DEMO-01,DU-04,dumper,2.73,0.886,0,0.0
2025-11-08,DEMO-01,DU-04,dumper,0.33,0.986,0,0.0
2025-11-09,DEMO-01,DU-04,dumper,0.43,0.982,0,0.0
2025-11-10,DEMO-01,DU-04,dumper,2.3,0.904,0,0.0
2025-11-11,DEMO-01,DU-04,dumper,2.07,0.914,0,0.0
2025-11-12,DEMO-01,DU-04,dumper,0.88,0.963,0,0.0
2025-11-13,DEMO-01,DU-04,dumper,1.59,0.934,0,0.0
2025-11-14,DEMO-01,DU-04,dumper,1.71,0.929,0,0.0
2025-11-15,DEMO-01,DU-04,dumper,0.73,0.97,0,0.0
2025-11-16,DEMO-01,DU-04,dumper,1.43,0.94,0,0.0
2025-11-17,DEMO-01,DU-04,dumper,0.9,0.962,0,0.0
2025-11-18,DEMO-01,DU-04,dumper,1.33,0.945,0,0.0
2025-11-19,DEMO-01,DU-04,dumper,0.68,0.972,0,0.0
2025-11-20,DEMO-01,DU-04,dumper,1.4,0.942,0,0.0
2025-11-21,DEMO-01,DU-04,dumper,1.87,0.922,0,0.0
2025-11-22,DEMO-01,DU-04,dumper,0.56,0.976,0,0.0
2025-11-23,DEMO-01,DU-04,dumper,0.48,0.98,0,0.0
2025-11-24,DEMO-01,DU-04,dumper,0.12,0.995,0,0.0
2025-11-25,DEMO-01,DU-04,dumper,0.7,0.971,0,0.0
2025-11-26,DEMO-01,DU-04,dumper,0.82,0.966,0,0.0
2025-11-27,DEMO-01,DU-04,dumper,0.18,0.992,0,0.0
2025-11-28,DEMO-01,DU-04,dumper,0.88,0.963,0,0.0
2025-11-29,DEMO-01,DU-04,dumper,1.75,0.927,0,0.0
2025-11-30,DEMO-01,DU-04,dumper,2.46,0.897,0,0.0
2025-12-01,DEMO-01,DU-04,dumper,1.86,0.923,0,0.0
2025-12-02,DEMO-01,DU-04,dumper,2.77,0.884,0,0.0
2025-12-03,DEMO-01,DU-04,dumper,0.43,0.982,0,0.0
2025-12-04,DEMO-01,DU-04,dumper,1.09,0.954,0,0.0
2025-12-05,DEMO-01,DU-04,dumper,5.12,0.787,0,0.0
2025-12-06,DEMO-01,DU-04,dumper,1.34,0.944,0,0.0
2025-12-07,DEMO-01,DU-04,dumper,0.88,0.963,0,0.0
2025-12-08,DEMO-01,DU-04,dumper,3.65,0.848,0,0.0
2025-12-09,DEMO-01,DU-04,dumper,1.29,0.946,0,0.0
2025-12-10,DEMO-01,DU-04,dumper,2.58,0.893,0,0.0
2025-12-11,DEMO-01,DU-04,dumper,0.85,0.964,0,0.0
2025-12-12,DEMO-01,DU-04,dumper,1.64,0.932,0,0.0
2025-12-13,DEMO-01,DU-04,dumper,2.13,0.911,0,0.0
2025-12-14,DEMO-01,DU-04,dumper,0.75,0.969,0,0.0
2025-12-15,DEMO-01,DU-04,dumper,1.05,0.956,0,0.0
2025-12-16,DEMO-01,DU-04,dumper,0.41,0.983,0,0.0
2025-12-17,DEMO-01,DU-04,dumper,0.93,0.961,0,0.0
2025-12-18,DEMO-01,DU-04,dumper,0.7,0.971,0,0.0
2025-12-19,DEMO-01,DU-04,dumper,0.64,0.973,0,0.0
2025-12-20,DEMO-01,DU-04,dumper,0.55,0.977,0,0.0
2025-12-21,DEMO-01,DU-04,dumper,0.92,0.962,0,0.0
2025-12-22,DEMO-01,DU-04,dumper,2.06,0.914,1,1.54
2025-12-23,DEMO-01,DU-04,dumper,1.94,0.919,0,0.0
2025-12-24,DEMO-01,DU-04,dumper,2.05,0.915,0,0.0
2025-12-25,DEMO-01,DU-04,dumper,0.91,0.962,0,0.0
2025-12-26,DEMO-01,DU-04,dumper,0.56,0.977,0,0.0
2025-12-27,DEMO-01,DU-04,dumper,1.08,0.955,0,0.0
2025-12-28,DEMO-01,DU-04,dumper,2.67,0.889,0,0.0
2025-12-29,DEMO-01,DU-04,dumper,1.68,0.93,0,0.0
2025-12-30,DEMO-01,DU-04,dumper,0.55,0.977,0,0.0
2025-12-31,DEMO-01,DU-04,dumper,0.68,0.972,0,0.0
2023-01-01,DEMO-01,DR-01,drill,6.95,0.71,0,0.0
2023-01-02,DEMO-01,DR-01,drill,0.97,0.96,0,0.0
2023-01-03,DEMO-01,DR-01,drill,0.56,0.977,0,0.0
2023-01-04,DEMO-01,DR-01,drill,4.1,0.829,0,0.0
2023-01-05,DEMO-01,DR-01,drill,0.91,0.962,0,0.0
2023-01-06,DEMO-01,DR-01,drill,1.41,0.941,0,0.0
2023-01-07,DEMO-01,DR-01,drill,3.24,0.865,0,0.0
2023-01-08,DEMO-01,DR-01,drill,0.97,0.959,0,0.0
2023-01-09,DEMO-01,DR-01,drill,1.02,0.957,0,0.0
2023-01-10,DEMO-01,DR-01,drill,1.24,0.949,0,0.0
2023-01-11,DEMO-01,DR-01,drill,1.01,0.958,0,0.0
2023-01-12,DEMO-01,DR-01,drill,1.91,0.92,0,0.0
2023-01-13,DEMO-01,DR-01,drill,0.42,0.982,0,0.0
2023-01-14,DEMO-01,DR-01,drill,3.23,0.865,0,0.0
2023-01-15,DEMO-01,DR-01,drill,2.35,0.902,0,0.0
2023-01-16,DEMO-01,DR-01,drill,1.3,0.946,0,0.0
2023-01-17,DEMO-01,DR-01,drill,2.29,0.905,0,0.0
2023-01-18,DEMO-01,DR-01,drill,4.42,0.816,0,0.0
2023-01-19,DEMO-01,DR-01,drill,0.32,0.987,0,0.0
2023-01-20,DEMO-01,DR-01,drill,0.33,0.986,0,0.0
2023-01-21,DEMO-01,DR-01,drill,2.54,0.894,0,0.0
2023-01-22,DEMO-01,DR-01,drill,0.98,0.959,0,0.0
2023-01-23,DEMO-01,DR-01,drill,1.55,0.935,0,0.0
2023-01-24,DEMO-01,DR-01,drill,1.07,0.955,0,0.0
2023-01-25,DEMO-01,DR-01,drill,2.98,0.876,0,0.0
2023-01-26,DEMO-01,DR-01,drill,2.14,0.911,0,0.0
2023-01-27,DEMO-01,DR-01,drill,1.62,0.932,0,0.0
2023-01-28,DEMO-01,DR-01,drill,0.8,0.967,0,0.0
2023-01-29,DEMO-01,DR-01,drill,0.12,0.995,0,0.0
2023-01-30,DEMO-01,DR-01,drill,3.04,0.873,0,0.0
2023-01-31,DEMO-01,DR-01,drill,0.18,0.992,0,0.0
2023-02-01,DEMO-01,DR-01,drill,2.94,0.877,0,0.0
2023-02-02,DEMO-01,DR-01,drill,1.36,0.943,0,0.0
2023-02-03,DEMO-01,DR-01,drill,0.96,0.96,0,0.0
2023-02-04,DEMO-01,DR-01,drill,0.6,0.975,0,0.0
2023-02-05,DEMO-01,DR-01,drill,2.46,0.897,1,1.73
2023-02-06,DEMO-01,DR-01,drill,1.37,0.943,0,0.0
2023-02-07,DEMO-01,DR-01,drill,1.02,0.957,0,0.0
2023-02-08,DEMO-01,DR-01,drill,5.05,0.79,0,0.0
2023-02-09,DEMO-01,DR-01,drill,1.28,0.946,0,0.0
2023-02-10,DEMO-01,DR-01,drill,0.87,0.964,0,0.0
2023-02-11,DEMO-01,DR-01,drill,2.4,0.9,0,0.0
2023-02-12,DEMO-01,DR-01,drill,0.79,0.967,0,0.0
2023-02-13,DEMO-01,DR-01,drill,1.37,0.943,0,0.0
2023-02-14,DEMO-01,DR-01,drill,2.3,0.904,0,0.0
2023-02-15,DEMO-01,DR-01,drill,0.98,0.959,0,0.0
2023-02-16,DEMO-01,DR-01,drill,2.23,0.907,0,0.0
2023-02-17,DEMO-01,DR-01,drill,1.25,0.948,0,0.0
2023-02-18,DEMO-01,DR-01,drill,0.07,0.997,0,0.0
2023-02-19,DEMO-01,DR-01,drill,0.57,0.976,0,0.0
2023-02-20,DEMO-01,DR-01,drill,3.7,0.846,1,3.77
2023-02-21,DEMO-01,DR-01,drill,1.25,0.948,0,0.0
2023-02-22,DEMO-01,DR-01,drill,1.15,0.952,0,0.0
2023-02-23,DEMO-01,DR-01,drill,1.72,0.928,0,0.0
2023-02-24,DEMO-01,DR-01,drill,1.28,0.947,0,0.0
2023-02-25,DEMO-01,DR-01,drill,0.8,0.967,0,0.0
2023-02-26,DEMO-01,DR-01,drill,1.24,0.949,0,0.0
2023-02-27,DEMO-01,DR-01,drill,1.62,0.932,0,0.0
2023-02-28,DEMO-01,DR-01,drill,0.63,0.974,0,0.0
2023-03-01,DEMO-01,DR-01,drill,9.8,0.592,1,7.87
2023-03-02,DEMO-01,DR-01,drill,0.85,0.964,0,0.0
2023-03-03,DEMO-01,DR-01,drill,2.75,0.885,0,0.0
2023-03-04,DEMO-01,DR-01,drill,1.21,0.949,0,0.0
2023-03-05,DEMO-01,DR-01,drill,2.5,0.896,0,0.0
2023-03-06,DEMO-01,DR-01,drill,0.24,0.99,0,0.0
2023-03-07,DEMO-01,DR-01,drill,2.91,0.879,0,0.0
2023-03-08,DEMO-01,DR-01,drill,1.75,0.927,0,0.0
2023-03-09,DEMO-01,DR-01,drill,3.02,0.874,0,0.0
2023-03-10,DEMO-01,DR-01,drill,0.21,0.991,0,0.0
2023-03-11,DEMO-01,DR-01,drill,1.59,0.934,0,0.0
2023-03-12,DEMO-01,DR-01,drill,0.27,0.989,0,0.0
2023-03-13,DEMO-01,DR-01,drill,2.21,0.908,0,0.0
2023-03-14,DEMO-01,DR-01,drill,2.92,0.878,0,0.0
2023-03-15,DEMO-01,DR-01,drill,0.96,0.96,0,0.0
2023-03-16,DEMO-01,DR-01,drill,4.0,0.833,0,0.0
2023-03-17,DEMO-01,DR-01,drill,0.65,0.973,0,0.0
2023-03-18,DEMO-01,DR-01,drill,0.47,0.98,0,0.0
2023-03-19,DEMO-01,DR-01,drill,2.59,0.892,0,0.0
2023-03-20,DEMO-01,DR-01,drill,3.35,0.861,0,0.0
2023-03-21,DEMO-01,DR-01,drill,1.1,0.954,0,0.0
2023-03-22,DEMO-01,DR-01,drill,2.2,0.908,0,0.0
2023-03-23,DEMO-01,DR-01,drill,0.99,0.959,0,0.0
2023-03-24,DEMO-01,DR-01,drill,7.44,0.69,1,6.52
2023-03-25,DEMO-01,DR-01,drill,2.09,0.913,0,0.0
2023-03-26,DEMO-01,DR-01,drill,3.36,0.86,0,0.0
2023-03-27,DEMO-01,DR-01,drill,1.87,0.922,0,0.0
2023-03-28,DEMO-01,DR-01,drill,1.59,0.934,0,0.0
2023-03-29,DEMO-01,DR-01,drill,1.44,0.94,0,0.0
2023-03-30,DEMO-01,DR-01,drill,1.01,0.958,0,0.0
2023-03-31,DEMO-01,DR-01,drill,1.4,0.942,0,0.0
2023-04-01,DEMO-01,DR-01,drill,0.81,0.966,0,0.0
2023-04-02,DEMO-01,DR-01,drill,0.4,0.983,0,0.0
2023-04-03,DEMO-01,DR-01,drill,0.64,0.973,0,0.0
2023-04-04,DEMO-01,DR-01,drill,1.83,0.924,0,0.0
2023-04-05,DEMO-01,DR-01,drill,1.05,0.956,0,0.0
2023-04-06,DEMO-01,DR-01,drill,1.51,0.937,0,0.0
2023-04-07,DEMO-01,DR-01,drill,1.42,0.941,0,0.0
2023-04-08,DEMO-01,DR-01,drill,0.63,0.974,0,0.0
2023-04-09,DEMO-01,DR-01,drill,0.78,0.968,0,0.0
2023-04-10,DEMO-01,DR-01,drill,2.07,0.914,0,0.0
2023-04-11,DEMO-01,DR-01,drill,2.95,0.877,0,0.0
2023-04-12,DEMO-01,DR-01,drill,0.41,0.983,0,0.0
2023-04-13,DEMO-01,DR-01,drill,0.66,0.972,0,0.0
2023-04-14,DEMO-01,DR-01,drill,1.77,0.926,0,0.0
2023-04-15,DEMO-01,DR-01,drill,1.87,0.922,0,0.0
2023-04-16,DEMO-01,DR-01,drill,3.34,0.861,0,0.0
2023-04-17,DEMO-01,DR-01,drill,0.79,0.967,0,0.0
2023-04-18,DEMO-01,DR-01,drill,0.61,0.975,0,0.0
2023-04-19,DEMO-01,DR-01,drill,2.14,0.911,0,0.0
2023-04-20,DEMO-01,DR-01,drill,2.35,0.902,0,0.0
2023-04-21,DEMO-01,DR-01,drill,1.8,0.925,0,0.0
2023-04-22,DEMO-01,DR-01,drill,1.57,0.935,0,0.0
2023-04-23,DEMO-01,DR-01,drill,3.3,0.863,0,0.0
2023-04-24,DEMO-01,DR-01,drill,2.46,0.898,0,0.0
2023-04-25,DEMO-01,DR-01,drill,3.29,0.863,0,0.0
2023-04-26,DEMO-01,DR-01,drill,2.39,0.9,0,0.0
2023-04-27,DEMO-01,DR-01,drill,2.38,0.901,0,0.0
2023-04-28,DEMO-01,DR-01,drill,2.11,0.912,0,0.0
2023-04-29,DEMO-01,DR-01,drill,2.41,0.899,0,0.0
2023-04-30,DEMO-01,DR-01,drill,1.18,0.951,0,0.0
2023-05-01,DEMO-01,DR-01,drill,2.9,0.879,0,0.0
2023-05-02,DEMO-01,DR-01,drill,1.22,0.949,0,0.0
2023-05-03,DEMO-01,DR-01,drill,0.59,0.975,0,0.0
2023-05-04,DEMO-01,DR-01,drill,1.25,0.948,0,0.0
2023-05-05,DEMO-01,DR-01,drill,1.14,0.952,0,0.0
2023-05-06,DEMO-01,DR-01,drill,2.09,0.913,0,0.0
2023-05-07,DEMO-01,DR-01,drill,6.78,0.718,1,6.61
2023-05-08,DEMO-01,DR-01,drill,5.02,0.791,1,2.27
2023-05-09,DEMO-01,DR-01,drill,2.16,0.91,0,0.0
2023-05-10,DEMO-01,DR-01,drill,0.13,0.995,0,0.0
2023-05-11,DEMO-01,DR-01,drill,5.42,0.774,0,0.0
2023-05-12,DEMO-01,DR-01,drill,0.82,0.966,0,0.0
2023-05-13,DEMO-01,DR-01,drill,1.18,0.951,0,0.0
2023-05-14,DEMO-01,DR-01,drill,2.63,0.89,1,2.34
2023-05-15,DEMO-01,DR-01,drill,3.31,0.862,0,0.0
2023-05-16,DEMO-01,DR-01,drill,4.06,0.831,0,0.0
2023-05-17,DEMO-01,DR-01,drill,0.91,0.962,0,0.0
2023-05-18,DEMO-01,DR-01,drill,1.6,0.934,0,0.0
2023-05-19,DEMO-01,DR-01,drill,10.96,0.543,1,6.25
2023-05-20,DEMO-01,DR-01,drill,4.87,0.797,1,4.34
2023-05-21,DEMO-01,DR-01,drill,0.94,0.961,0,0.0
2023-05-22,DEMO-01,DR-01,drill,1.87,0.922,0,0.0
2023-05-23,DEMO-01,DR-01,drill,2.0,0.917,0,0.0
2023-05-24,DEMO-01,DR-01,drill,2.33,0.903,0,0.0
2023-05-25,DEMO-01,DR-01,drill,0.99,0.959,0,0.0
2023-05-26,DEMO-01,DR-01,drill,2.79,0.884,0,0.0
2023-05-27,DEMO-01,DR-01,drill,4.08,0.83,0,0.0
2023-05-28,DEMO-01,DR-01,drill,3.23,0.865,0,0.0
2023-05-29,DEMO-01,DR-01,drill,0.81,0.966,0,0.0
2023-05-30,DEMO-01,DR-01,drill,1.5,0.937,0,0.0
2023-05-31,DEMO-01,DR-01,drill,2.94,0.878,0,0.0
2023-06-01,DEMO-01,DR-01,drill,1.51,0.937,0,0.0
2023-06-02,DEMO-01,DR-01,drill,2.19,0.909,0,0.0
2023-06-03,DEMO-01,DR-01,drill,2.08,0.914,0,0.0
2023-06-04,DEMO-01,DR-01,drill,4.34,0.819,0,0.0
2023-06-05,DEMO-01,DR-01,drill,4.93,0.795,1,2.82
2023-06-06,DEMO-01,DR-01,drill,2.78,0.884,0,0.0
2023-06-07,DEMO-01,DR-01,drill,2.6,0.892,0,0.0
2023-06-08,DEMO-01,DR-01,drill,4.2,0.825,0,0.0
2023-06-09,DEMO-01,DR-01,drill,2.75,0.886,0,0.0
2023-06-10,DEMO-01,DR-01,drill,1.01,0.958,0,0.0
2023-06-11,DEMO-01,DR-01,drill,1.35,0.944,0,0.0
2023-06-12,DEMO-01,DR-01,drill,0.81,0.966,0,0.0
2023-06-13,DEMO-01,DR-01,drill,1.92,0.92,0,0.0
2023-06-14,DEMO-01,DR-01,drill,1.74,0.927,0,0.0
2023-06-15,DEMO-01,DR-01,drill,4.5,0.812,0,0.0
2023-06-16,DEMO-01,DR-01,drill,1.22,0.949,0,0.0
2023-06-17,DEMO-01,DR-01,drill,3.85,0.84,0,0.0
2023-06-18,DEMO-01,DR-01,drill,5.12,0.787,0,0.0
2023-06-19,DEMO-01,DR-01,drill,1.79,0.926,0,0.0
2023-06-20,DEMO-01,DR-01,drill,1.38,0.943,0,0.0
2023-06-21,DEMO-01,DR-01,drill,1.38,0.943,0,0.0
2023-06-22,DEMO-01,DR-01,drill,1.77,0.926,0,0.0
2023-06-23,DEMO-01,DR-01,drill,6.67,0.722,0,0.0
2023-06-24,DEMO-01,DR-01,drill,2.43,0.899,0,0.0
2023-06-25,DEMO-01,DR-01,drill,2.46,0.897,0,0.0
2023-06-26,DEMO-01,DR-01,drill,5.85,0.756,0,0.0
2023-06-27,DEMO-01,DR-01,drill,1.61,0.933,0,0.0
2023-06-28,DEMO-01,DR-01,drill,10.14,0.578,0,0.0
2023-06-29,DEMO-01,DR-01,drill,7.38,0.692,1,6.87
2023-06-30,DEMO-01,DR-01,drill,7.08,0.705,0,0.0
2023-07-01,DEMO-01,DR-01,drill,7.38,0.692,0,0.0
2023-07-02,DEMO-01,DR-01,drill,3.42,0.857,0,0.0
2023-07-03,DEMO-01,DR-01,drill,1.3,0.946,0,0.0
2023-07-04,DEMO-01,DR-01,drill,8.18,0.659,0,0.0
2023-07-05,DEMO-01,DR-01,drill,3.27,0.864,0,0.0
2023-07-06,DEMO-01,DR-01,drill,2.72,0.887,0,0.0
2023-07-07,DEMO-01,DR-01,drill,7.65,0.681,1,4.51
2023-07-08,DEMO-01,DR-01,drill,4.28,0.822,0,0.0
2023-07-09,DEMO-01,DR-01,drill,5.05,0.79,0,0.0
2023-07-10,DEMO-01,DR-01,drill,7.36,0.693,0,0.0
2023-07-11,DEMO-01,DR-01,drill,6.91,0.712,0,0.0
2023-07-12,DEMO-01,DR-01,drill,5.72,0.762,0,0.0
2023-07-13,DEMO-01,DR-01,drill,9.91,0.587,0,0.0
2023-07-14,DEMO-01,DR-01,drill,2.63,0.891,0,0.0
2023-07-15,DEMO-01,DR-01,drill,3.62,0.849,0,0.0
2023-07-16,DEMO-01,DR-01,drill,12.02,0.499,0,0.0
2023-07-17,DEMO-01,DR-01,drill,4.62,0.808,0,0.0
2023-07-18,DEMO-01,DR-01,drill,11.26,0.531,0,0.0
2023-07-19,DEMO-01,DR-01,drill,5.44,0.773,0,0.0
2023-07-20,DEMO-01,DR-01,drill,13.96,0.418,0,0.0
2023-07-21,DEMO-01,DR-01,drill,5.22,0.782,0,0.0
2023-07-22,DEMO-01,DR-01,drill,4.66,0.806,0,0.0
2023-07-23,DEMO-01,DR-01,drill,1.83,0.924,0,0.0
2023-07-24,DEMO-01,DR-01,drill,7.23,0.699,0,0.0
2023-07-25,DEMO-01,DR-01,drill,1.64,0.932,0,0.0
2023-07-26,DEMO-01,DR-01,drill,16.64,0.307,0,0.0
2023-07-27,DEMO-01,DR-01,drill,11.01,0.541,0,0.0
2023-07-28,DEMO-01,DR-01,drill,3.46,0.856,0,0.0
2023-07-29,DEMO-01,DR-01,drill,6.77,0.718,0,0.0
2023-07-30,DEMO-01,DR-01,drill,5.73,0.761,0,0.0
2023-07-31,DEMO-01,DR-01,drill,1.51,0.937,0,0.0
2023-08-01,DEMO-01,DR-01,drill,1.18,0.951,0,0.0
2023-08-02,DEMO-01,DR-01,drill,2.69,0.888,0,0.0
2023-08-03,DEMO-01,DR-01,drill,6.97,0.709,0,0.0
2023-08-04,DEMO-01,DR-01,drill,9.11,0.62,0,0.0
2023-08-05,DEMO-01,DR-01,drill,5.43,0.774,0,0.0
2023-08-06,DEMO-01,DR-01,drill,3.57,0.851,0,0.0
2023-08-07,DEMO-01,DR-01,drill,1.59,0.934,0,0.0
2023-08-08,DEMO-01,DR-01,drill,4.24,0.823,0,0.0
2023-08-09,DEMO-01,DR-01,drill,1.61,0.933,0,0.0
2023-08-10,DEMO-01,DR-01,drill,2.06,0.914,0,0.0
2023-08-11,DEMO-01,DR-01,drill,4.3,0.821,0,0.0
2023-08-12,DEMO-01,DR-01,drill,1.22,0.949,0,0.0
2023-08-13,DEMO-01,DR-01,drill,7.38,0.692,0,0.0
2023-08-14,DEMO-01,DR-01,drill,0.7,0.971,0,0.0
2023-08-15,DEMO-01,DR-01,drill,0.29,0.988,0,0.0
2023-08-16,DEMO-01,DR-01,drill,1.61,0.933,0,0.0
2023-08-17,DEMO-01,DR-01,drill,0.74,0.969,0,0.0
2023-08-18,DEMO-01,DR-01,drill,3.64,0.849,0,0.0
2023-08-19,DEMO-01,DR-01,drill,3.13,0.87,0,0.0
2023-08-20,DEMO-01,DR-01,drill,4.47,0.814,0,0.0
2023-08-21,DEMO-01,DR-01,drill,1.04,0.957,0,0.0
2023-08-22,DEMO-01,DR-01,drill,1.71,0.929,0,0.0
2023-08-23,DEMO-01,DR-01,drill,3.52,0.853,0,0.0
2023-08-24,DEMO-01,DR-01,drill,0.79,0.967,0,0.0
2023-08-25,DEMO-01,DR-01,drill,6.35,0.736,0,0.0
2023-08-26,DEMO-01,DR-01,drill,4.62,0.808,0,0.0
2023-08-27,DEMO-01,DR-01,drill,1.84,0.923,0,0.0
2023-08-28,DEMO-01,DR-01,drill,0.29,0.988,0,0.0
2023-08-29,DEMO-01,DR-01,drill,4.03,0.832,0,0.0
2023-08-30,DEMO-01,DR-01,drill,4.43,0.815,0,0.0
2023-08-31,DEMO-01,DR-01,drill,3.66,0.848,0,0.0
2023-09-01,DEMO-01,DR-01,drill,4.24,0.823,0,0.0
2023-09-02,DEMO-01,DR-01,drill,2.34,0.902,1,1.66
2023-09-03,DEMO-01,DR-01,drill,3.23,0.866,0,0.0
2023-09-04,DEMO-01,DR-01,drill,0.76,0.968,0,0.0
2023-09-05,DEMO-01,DR-01,drill,0.54,0.977,0,0.0
2023-09-06,DEMO-01,DR-01,drill,1.14,0.953,0,0.0
2023-09-07,DEMO-01,DR-01,drill,1.58,0.934,0,0.0
2023-09-08,DEMO-01,DR-01,drill,0.45,0.981,0,0.0
2023-09-09,DEMO-01,DR-01,drill,3.9,0.837,0,0.0
2023-09-10,DEMO-01,DR-01,drill,0.81,0.966,0,0.0
2023-09-11,DEMO-01,DR-01,drill,3.69,0.846,0,0.0
2023-09-12,DEMO-01,DR-01,drill,2.56,0.893,0,0.0
2023-09-13,DEMO-01,DR-01,drill,3.23,0.865,0,0.0
2023-09-14,DEMO-01,DR-01,drill,2.15,0.91,0,0.0
2023-09-15,DEMO-01,DR-01,drill,3.48,0.855,0,0.0
2023-09-16,DEMO-01,DR-01,drill,1.41,0.941,0,0.0
2023-09-17,DEMO-01,DR-01,drill,1.94,0.919,0,0.0
2023-09-18,DEMO-01,DR-01,drill,0.7,0.971,0,0.0
2023-09-19,DEMO-01,DR-01,drill,1.67,0.93,0,0.0
2023-09-20,DEMO-01,DR-01,drill,4.5,0.813,0,0.0
2023-09-21,DEMO-01,DR-01,drill,1.62,0.933,0,0.0
2023-09-22,DEMO-01,DR-01,drill,1.23,0.949,0,0.0
2023-09-23,DEMO-01,DR-01,drill,0.87,0.964,0,0.0
2023-09-24,DEMO-01,DR-01,drill,0.66,0.973,0,0.0
2023-09-25,DEMO-01,DR-01,drill,1.93,0.92,0,0.0
2023-09-26,DEMO-01,DR-01,drill,1.64,0.932,0,0.0
2023-09-27,DEMO-01,DR-01,drill,1.04,0.957,0,0.0
2023-09-28,DEMO-01,DR-01,drill,1.08,0.955,0,0.0
2023-09-29,DEMO-01,DR-01,drill,0.67,0.972,0,0.0
2023-09-30,DEMO-01,DR-01,drill,2.25,0.906,0,0.0
2023-10-01,DEMO-01,DR-01,drill,2.52,0.895,0,0.0
2023-10-02,DEMO-01,DR-01,drill,0.71,0.971,0,0.0
2023-10-03,DEMO-01,DR-01,drill,3.0,0.875,0,0.0
2023-10-04,DEMO-01,DR-01,drill,1.2,0.95,0,0.0
2023-10-05,DEMO-01,DR-01,drill,0.81,0.966,0,0.0
2023-10-06,DEMO-01,DR-01,drill,1.33,0.944,0,0.0
2023-10-07,DEMO-01,DR-01,drill,0.8,0.967,0,0.0
2023-10-08,DEMO-01,DR-01,drill,2.4,0.9,0,0.0
2023-10-09,DEMO-01,DR-01,drill,5.46,0.773,0,0.0
2023-10-10,DEMO-01,DR-01,drill,4.06,0.831,0,0.0
2023-10-11,DEMO-01,DR-01,drill,6.52,0.728,1,6.96
2023-10-12,DEMO-01,DR-01,drill,2.63,0.89,0,0.0
2023-10-13,DEMO-01,DR-01,drill,0.67,0.972,0,0.0
2023-10-14,DEMO-01,DR-01,drill,3.06,0.873,0,0.0
2023-10-15,DEMO-01,DR-01,drill,2.58,0.893,0,0.0
2023-10-16,DEMO-01,DR-01,drill,2.53,0.895,0,0.0
2023-10-17,DEMO-01,DR-01,drill,5.79,0.759,1,4.36
2023-10-18,DEMO-01,DR-01,drill,0.77,0.968,0,0.0
2023-10-19,DEMO-01,DR-01,drill,2.57,0.893,0,0.0
2023-10-20,DEMO-01,DR-01,drill,0.37,0.985,0,0.0
2023-10-21,DEMO-01,DR-01,drill,2.18,0.909,0,0.0
2023-10-22,DEMO-01,DR-01,drill,0.64,0.973,0,0.0
2023-10-23,DEMO-01,DR-01,drill,1.2,0.95,0,0.0
2023-10-24,DEMO-01,DR-01,drill,4.16,0.827,0,0.0
2023-10-25,DEMO-01,DR-01,drill,4.96,0.793,0,0.0
2023-10-26,DEMO-01,DR-01,drill,2.09,0.913,0,0.0
2023-10-27,DEMO-01,DR-01,drill,2.71,0.887,0,0.0
2023-10-28,DEMO-01,DR-01,drill,1.82,0.924,0,0.0
2023-10-29,DEMO-01,DR-01,drill,1.43,0.94,0,0.0
2023-10-30,DEMO-01,DR-01,drill,1.05,0.956,0,0.0
2023-10-31,DEMO-01,DR-01,drill,1.42,0.941,0,0.0
2023-11-01,DEMO-01,DR-01,drill,1.91,0.92,0,0.0
2023-11-02,DEMO-01,DR-01,drill,2.02,0.916,0,0.0
2023-11-03,DEMO-01,DR-01,drill,1.08,0.955,0,0.0
2023-11-04,DEMO-01,DR-01,drill,1.11,0.954,0,0.0
2023-11-05,DEMO-01,DR-01,drill,3.36,0.86,0,0.0
2023-11-06,DEMO-01,DR-01,drill,1.13,0.953,0,0.0
2023-11-07,DEMO-01,DR-01,drill,1.99,0.917,0,0.0
2023-11-08,DEMO-01,DR-01,drill,2.61,0.891,0,0.0
2023-11-09,DEMO-01,DR-01,drill,1.17,0.951,0,0.0
2023-11-10,DEMO-01,DR-01,drill,3.22,0.866,0,0.0
2023-11-11,DEMO-01,DR-01,drill,0.56,0.977,0,0.0
2023-11-12,DEMO-01,DR-01,drill,1.16,0.952,0,0.0
2023-11-13,DEMO-01,DR-01,drill,7.13,0.703,1,4.38
2023-11-14,DEMO-01,DR-01,drill,0.45,0.981,0,0.0
2023-11-15,DEMO-01,DR-01,drill,0.92,0.962,0,0.0
2023-11-16,DEMO-01,DR-01,drill,2.79,0.884,0,0.0
2023-11-17,DEMO-01,DR-01,drill,1.38,0.943,0,0.0
2023-11-18,DEMO-01,DR-01,drill,0.73,0.97,0,0.0
2023-11-19,DEMO-01,DR-01,drill,2.15,0.91,0,0.0
2023-11-20,DEMO-01,DR-01,drill,0.97,0.959,0,0.0
2023-11-21,DEMO-01,DR-01,drill,4.03,0.832,0,0.0
2023-11-22,DEMO-01,DR-01,drill,0.54,0.977,0,0.0
2023-11-23,DEMO-01,DR-01,drill,5.55,0.769,1,4.62
2023-11-24,DEMO-01,DR-01,drill,2.71,0.887,0,0.0
2023-11-25,DEMO-01,DR-01,drill,0.91,0.962,0,0.0
2023-11-26,DEMO-01,DR-01,drill,3.0,0.875,0,0.0
2023-11-27,DEMO-01,DR-01,drill,2.76,0.885,0,0.0
2023-11-28,DEMO-01,DR-01,drill,2.82,0.882,0,0.0
2023-11-29,DEMO-01,DR-01,drill,1.34,0.944,0,0.0
2023-11-30,DEMO-01,DR-01,drill,3.83,0.841,0,0.0
2023-12-01,DEMO-01,DR-01,drill,0.94,0.961,0,0.0
2023-12-02,DEMO-01,DR-01,drill,1.77,0.926,0,0.0
2023-12-03,DEMO-01,DR-01,drill,1.08,0.955,0,0.0
2023-12-04,DEMO-01,DR-01,drill,5.3,0.779,0,0.0
2023-12-05,DEMO-01,DR-01,drill,0.93,0.961,0,0.0
2023-12-06,DEMO-01,DR-01,drill,0.79,0.967,0,0.0
2023-12-07,DEMO-01,DR-01,drill,2.39,0.901,0,0.0
2023-12-08,DEMO-01,DR-01,drill,2.58,0.892,0,0.0
2023-12-09,DEMO-01,DR-01,drill,2.08,0.913,0,0.0
2023-12-10,DEMO-01,DR-01,drill,0.66,0.972,0,0.0
2023-12-11,DEMO-01,DR-01,drill,2.0,0.917,0,0.0
2023-12-12,DEMO-01,DR-01,drill,2.39,0.901,0,0.0
2023-12-13,DEMO-01,DR-01,drill,2.93,0.878,0,0.0
2023-12-14,DEMO-01,DR-01,drill,1.31,0.945,0,0.0
2023-12-15,DEMO-01,DR-01,drill,0.53,0.978,0,0.0
2023-12-16,DEMO-01,DR-01,drill,0.56,0.977,0,0.0
2023-12-17,DEMO-01,DR-01,drill,0.65,0.973,0,0.0
2023-12-18,DEMO-01,DR-01,drill,1.01,0.958,0,0.0
2023-12-19,DEMO-01,DR-01,drill,2.82,0.883,0,0.0
2023-12-20,DEMO-01,DR-01,drill,1.39,0.942,0,0.0
2023-12-21,DEMO-01,DR-01,drill,1.57,0.935,0,0.0
2023-12-22,DEMO-01,DR-01,drill,0.9,0.962,0,0.0
2023-12-23,DEMO-01,DR-01,drill,1.57,0.935,0,0.0
2023-12-24,DEMO-01,DR-01,drill,3.32,0.862,0,0.0
2023-12-25,DEMO-01,DR-01,drill,1.61,0.933,0,0.0
2023-12-26,DEMO-01,DR-01,drill,0.49,0.98,0,0.0
2023-12-27,DEMO-01,DR-01,drill,1.89,0.921,0,0.0
2023-12-28,DEMO-01,DR-01,drill,8.95,0.627,1,7.93
2023-12-29,DEMO-01,DR-01,drill,2.84,0.882,0,0.0
2023-12-30,DEMO-01,DR-01,drill,1.17,0.951,0,0.0
2023-12-31,DEMO-01,DR-01,drill,2.91,0.879,0,0.0
2024-01-01,DEMO-01,DR-01,drill,8.98,0.626,1,3.48
2024-01-02,DEMO-01,DR-01,drill,2.16,0.91,0,0.0
2024-01-03,DEMO-01,DR-01,drill,1.63,0.932,0,0.0
2024-01-04,DEMO-01,DR-01,drill,11.98,0.501,0,0.0
2024-01-05,DEMO-01,DR-01,drill,0.64,0.973,0,0.0
2024-01-06,DEMO-01,DR-01,drill,7.85,0.673,1,5.7
2024-01-07,DEMO-01,DR-01,drill,0.55,0.977,0,0.0
2024-01-08,DEMO-01,DR-01,drill,0.88,0.963,0,0.0
2024-01-09,DEMO-01,DR-01,drill,2.05,0.915,0,0.0
2024-01-10,DEMO-01,DR-01,drill,3.31,0.862,0,0.0
2024-01-11,DEMO-01,DR-01,drill,0.66,0.972,0,0.0
2024-01-12,DEMO-01,DR-01,drill,2.99,0.876,0,0.0
2024-01-13,DEMO-01,DR-01,drill,2.9,0.879,0,0.0
2024-01-14,DEMO-01,DR-01,drill,1.49,0.938,0,0.0
2024-01-15,DEMO-01,DR-01,drill,1.56,0.935,0,0.0
2024-01-16,DEMO-01,DR-01,drill,0.91,0.962,0,0.0
2024-01-17,DEMO-01,DR-01,drill,0.3,0.987,0,0.0
2024-01-18,DEMO-01,DR-01,drill,1.49,0.938,0,0.0
2024-01-19,DEMO-01,DR-01,drill,5.97,0.751,1,6.26
2024-01-20,DEMO-01,DR-01,drill,0.32,0.986,0,0.0
2024-01-21,DEMO-01,DR-01,drill,1.28,0.947,0,0.0
2024-01-22,DEMO-01,DR-01,drill,1.11,0.954,0,0.0
2024-01-23,DEMO-01,DR-01,drill,1.64,0.932,0,0.0
2024-01-24,DEMO-01,DR-01,drill,1.72,0.928,0,0.0
2024-01-25,DEMO-01,DR-01,drill,3.92,0.836,0,0.0
2024-01-26,DEMO-01,DR-01,drill,1.07,0.956,0,0.0
2024-01-27,DEMO-01,DR-01,drill,0.95,0.961,0,0.0
2024-01-28,DEMO-01,DR-01,drill,1.46,0.939,0,0.0
2024-01-29,DEMO-01,DR-01,drill,1.88,0.922,0,0.0
2024-01-30,DEMO-01,DR-01,drill,1.75,0.927,0,0.0
2024-01-31,DEMO-01,DR-01,drill,1.5,0.937,0,0.0
2024-02-01,DEMO-01,DR-01,drill,1.12,0.953,0,0.0
2024-02-02,DEMO-01,DR-01,drill,0.93,0.961,0,0.0
2024-02-03,DEMO-01,DR-01,drill,1.58,0.934,0,0.0
2024-02-04,DEMO-01,DR-01,drill,3.41,0.858,0,0.0
2024-02-05,DEMO-01,DR-01,drill,10.75,0.552,1,9.61
2024-02-06,DEMO-01,DR-01,drill,6.3,0.737,1,6.27
2024-02-07,DEMO-01,DR-01,drill,1.98,0.917,0,0.0
2024-02-08,DEMO-01,DR-01,drill,2.35,0.902,0,0.0
2024-02-09,DEMO-01,DR-01,drill,2.02,0.916,0,0.0
2024-02-10,DEMO-01,DR-01,drill,1.78,0.926,0,0.0
2024-02-11,DEMO-01,DR-01,drill,1.57,0.935,0,0.0
2024-02-12,DEMO-01,DR-01,drill,2.56,0.893,0,0.0
2024-02-13,DEMO-01,DR-01,drill,1.01,0.958,0,0.0
2024-02-14,DEMO-01,DR-01,drill,3.26,0.864,0,0.0
2024-02-15,DEMO-01,DR-01,drill,0.44,0.982,0,0.0
2024-02-16,DEMO-01,DR-01,drill,0.77,0.968,0,0.0
2024-02-17,DEMO-01,DR-01,drill,4.11,0.829,1,1.58
2024-02-18,DEMO-01,DR-01,drill,0.4,0.983,0,0.0
2024-02-19,DEMO-01,DR-01,drill,0.8,0.967,0,0.0
2024-02-20,DEMO-01,DR-01,drill,3.39,0.859,0,0.0
2024-02-21,DEMO-01,DR-01,drill,0.8,0.967,0,0.0
2024-02-22,DEMO-01,DR-01,drill,1.17,0.951,0,0.0
2024-02-23,DEMO-01,DR-01,drill,6.49,0.73,1,4.62
2024-02-24,DEMO-01,DR-01,drill,3.19,0.867,0,0.0
2024-02-25,DEMO-01,DR-01,drill,3.7,0.846,0,0.0
2024-02-26,DEMO-01,DR-01,drill,0.68,0.972,0,0.0
2024-02-27,DEMO-01,DR-01,drill,8.14,0.661,1,7.83
2024-02-28,DEMO-01,DR-01,drill,8.77,0.635,1,9.01
2024-02-29,DEMO-01,DR-01,drill,1.0,0.958,0,0.0
2024-03-01,DEMO-01,DR-01,drill,3.94,0.836,0,0.0
2024-03-02,DEMO-01,DR-01,drill,1.74,0.927,0,0.0
2024-03-03,DEMO-01,DR-01,drill,1.74,0.927,0,0.0
2024-03-04,DEMO-01,DR-01,drill,2.54,0.894,0,0.0
2024-03-05,DEMO-01,DR-01,drill,4.13,0.828,0,0.0
2024-03-06,DEMO-01,DR-01,drill,1.11,0.954,0,0.0
2024-03-07,DEMO-01,DR-01,drill,0.8,0.967,0,0.0
2024-03-08,DEMO-01,DR-01,drill,0.98,0.959,0,0.0
2024-03-09,DEMO-01,DR-01,drill,1.9,0.921,0,0.0
2024-03-10,DEMO-01,DR-01,drill,0.72,0.97,0,0.0
2024-03-11,DEMO-01,DR-01,drill,3.38,0.859,0,0.0
2024-03-12,DEMO-01,DR-01,drill,2.28,0.905,0,0.0
2024-03-13,DEMO-01,DR-01,drill,1.79,0.925,0,0.0
2024-03-14,DEMO-01,DR-01,drill,1.17,0.951,0,0.0
2024-03-15,DEMO-01,DR-01,drill,2.15,0.91,0,0.0
2024-03-16,DEMO-01,DR-01,drill,3.52,0.853,0,0.0
2024-03-17,DEMO-01,DR-01,drill,2.16,0.91,0,0.0
2024-03-18,DEMO-01,DR-01,drill,1.21,0.949,0,0.0
2024-03-19,DEMO-01,DR-01,drill,2.91,0.879,0,0.0
2024-03-20,DEMO-01,DR-01,drill,1.41,0.941,0,0.0
2024-03-21,DEMO-01,DR-01,drill,0.58,0.976,0,0.0
2024-03-22,DEMO-01,DR-01,drill,5.49,0.771,0,0.0
2024-03-23,DEMO-01,DR-01,drill,0.79,0.967,0,0.0
2024-03-24,DEMO-01,DR-01,drill,1.64,0.932,0,0.0
2024-03-25,DEMO-01,DR-01,drill,2.96,0.877,0,0.0
2024-03-26,DEMO-01,DR-01,drill,0.77,0.968,0,0.0
2024-03-27,DEMO-01,DR-01,drill,3.39,0.859,0,0.0
2024-03-28,DEMO-01,DR-01,drill,0.81,0.966,0,0.0
2024-03-29,DEMO-01,DR-01,drill,0.63,0.974,0,0.0
2024-03-30,DEMO-01,DR-01,drill,0.96,0.96,0,0.0
2024-03-31,DEMO-01,DR-01,drill,2.05,0.914,0,0.0
2024-04-01,DEMO-01,DR-01,drill,0.54,0.978,0,0.0
2024-04-02,DEMO-01,DR-01,drill,2.02,0.916,0,0.0
2024-04-03,DEMO-01,DR-01,drill,1.55,0.935,0,0.0
2024-04-04,DEMO-01,DR-01,drill,1.48,0.939,0,0.0
2024-04-05,DEMO-01,DR-01,drill,1.22,0.949,0,0.0
2024-04-06,DEMO-01,DR-01,drill,8.78,0.634,1,8.61
2024-04-07,DEMO-01,DR-01,drill,2.03,0.916,0,0.0
2024-04-08,DEMO-01,DR-01,drill,2.22,0.907,0,0.0
2024-04-09,DEMO-01,DR-01,drill,3.19,0.867,0,0.0
2024-04-10,DEMO-01,DR-01,drill,1.72,0.928,1,1.73
2024-04-11,DEMO-01,DR-01,drill,3.65,0.848,0,0.0
2024-04-12,DEMO-01,DR-01,drill,3.9,0.837,0,0.0
2024-04-13,DEMO-01,DR-01,drill,1.34,0.944,0,0.0
2024-04-14,DEMO-01,DR-01,drill,0.09,0.996,0,0.0
2024-04-15,DEMO-01,DR-01,drill,2.27,0.906,0,0.0
2024-04-16,DEMO-01,DR-01,drill,1.98,0.917,0,0.0
2024-04-17,DEMO-01,DR-01,drill,1.65,0.931,0,0.0
2024-04-18,DEMO-01,DR-01,drill,0.9,0.963,0,0.0
2024-04-19,DEMO-01,DR-01,drill,0.79,0.967,0,0.0
2024-04-20,DEMO-01,DR-01,drill,1.48,0.938,0,0.0
2024-04-21,DEMO-01,DR-01,drill,1.73,0.928,0,0.0
2024-04-22,DEMO-01,DR-01,drill,3.07,0.872,0,0.0
2024-04-23,DEMO-01,DR-01,drill,1.89,0.921,0,0.0
2024-04-24,DEMO-01,DR-01,drill,0.91,0.962,0,0.0
2024-04-25,DEMO-01,DR-01,drill,1.34,0.944,0,0.0
2024-04-26,DEMO-01,DR-01,drill,2.36,0.901,0,0.0
2024-04-27,DEMO-01,DR-01,drill,0.71,0.971,0,0.0
2024-04-28,DEMO-01,DR-01,drill,0.65,0.973,0,0.0
2024-04-29,DEMO-01,DR-01,drill,3.26,0.864,0,0.0
2024-04-30,DEMO-01,DR-01,drill,1.67,0.931,0,0.0
2024-05-01,DEMO-01,DR-01,drill,1.98,0.918,0,0.0
2024-05-02,DEMO-01,DR-01,drill,0.36,0.985,0,0.0
2024-05-03,DEMO-01,DR-01,drill,1.26,0.947,0,0.0
2024-05-04,DEMO-01,DR-01,drill,1.18,0.951,0,0.0
2024-05-05,DEMO-01,DR-01,drill,1.23,0.949,0,0.0
2024-05-06,DEMO-01,DR-01,drill,0.88,0.963,0,0.0
2024-05-07,DEMO-01,DR-01,drill,1.73,0.928,0,0.0
2024-05-08,DEMO-01,DR-01,drill,1.29,0.946,0,0.0
2024-05-09,DEMO-01,DR-01,drill,2.08,0.913,0,0.0
2024-05-10,DEMO-01,DR-01,drill,3.69,0.846,0,0.0
2024-05-11,DEMO-01,DR-01,drill,0.97,0.96,0,0.0
2024-05-12,DEMO-01,DR-01,drill,5.3,0.779,0,0.0
2024-05-13,DEMO-01,DR-01,drill,2.11,0.912,0,0.0
2024-05-14,DEMO-01,DR-01,drill,1.85,0.923,0,0.0
2024-05-15,DEMO-01,DR-01,drill,2.28,0.905,0,0.0
2024-05-16,DEMO-01,DR-01,drill,2.05,0.915,0,0.0
2024-05-17,DEMO-01,DR-01,drill,0.58,0.976,0,0.0
2024-05-18,DEMO-01,DR-01,drill,1.97,0.918,0,0.0
2024-05-19,DEMO-01,DR-01,drill,0.69,0.971,0,0.0
2024-05-20,DEMO-01,DR-01,drill,4.38,0.818,0,0.0
2024-05-21,DEMO-01,DR-01,drill,1.0,0.958,0,0.0
2024-05-22,DEMO-01,DR-01,drill,1.36,0.943,0,0.0
2024-05-23,DEMO-01,DR-01,drill,1.74,0.928,0,0.0
2024-05-24,DEMO-01,DR-01,drill,1.43,0.94,0,0.0
2024-05-25,DEMO-01,DR-01,drill,3.65,0.848,0,0.0
2024-05-26,DEMO-01,DR-01,drill,1.14,0.953,0,0.0
2024-05-27,DEMO-01,DR-01,drill,5.55,0.769,0,0.0
2024-05-28,DEMO-01,DR-01,drill,1.94,0.919,0,0.0
2024-05-29,DEMO-01,DR-01,drill,3.48,0.855,0,0.0
2024-05-30,DEMO-01,DR-01,drill,2.28,0.905,0,0.0
2024-05-31,DEMO-01,DR-01,drill,1.75,0.927,0,0.0
2024-06-01,DEMO-01,DR-01,drill,1.85,0.923,0,0.0
2024-06-02,DEMO-01,DR-01,drill,0.33,0.986,0,0.0
2024-06-03,DEMO-01,DR-01,drill,1.75,0.927,0,0.0
2024-06-04,DEMO-01,DR-01,drill,3.93,0.836,1,1.92
2024-06-05,DEMO-01,DR-01,drill,1.75,0.927,0,0.0
2024-06-06,DEMO-01,DR-01,drill,0.82,0.966,0,0.0
2024-06-07,DEMO-01,DR-01,drill,2.21,0.908,0,0.0
2024-06-08,DEMO-01,DR-01,drill,2.43,0.899,0,0.0
2024-06-09,DEMO-01,DR-01,drill,1.61,0.933,0,0.0
2024-06-10,DEMO-01,DR-01,drill,6.78,0.717,0,0.0
2024-06-11,DEMO-01,DR-01,drill,1.04,0.957,0,0.0
2024-06-12,DEMO-01,DR-01,drill,2.87,0.88,0,0.0
2024-06-13,DEMO-01,DR-01,drill,3.24,0.865,0,0.0
2024-06-14,DEMO-01,DR-01,drill,1.31,0.945,0,0.0
2024-06-15,DEMO-01,DR-01,drill,5.36,0.777,0,0.0
2024-06-16,DEMO-01,DR-01,drill,1.46,0.939,0,0.0
2024-06-17,DEMO-01,DR-01,drill,1.81,0.925,0,0.0
2024-06-18,DEMO-01,DR-01,drill,3.89,0.838,0,0.0
2024-06-19,DEMO-01,DR-01,drill,3.07,0.872,0,0.0
2024-06-20,DEMO-01,DR-01,drill,7.33,0.695,0,0.0
2024-06-21,DEMO-01,DR-01,drill,8.93,0.628,1,5.38
2024-06-22,DEMO-01,DR-01,drill,10.76,0.552,1,9.35
2024-06-23,DEMO-01,DR-01,drill,5.05,0.789,0,0.0
2024-06-24,DEMO-01,DR-01,drill,3.78,0.842,0,0.0
2024-06-25,DEMO-01,DR-01,drill,2.34,0.902,0,0.0
2024-06-26,DEMO-01,DR-01,drill,3.71,0.845,0,0.0
2024-06-27,DEMO-01,DR-01,drill,9.36,0.61,0,0.0
2024-06-28,DEMO-01,DR-01,drill,5.26,0.781,0,0.0
2024-06-29,DEMO-01,DR-01,drill,0.62,0.974,0,0.0
2024-06-30,DEMO-01,DR-01,drill,2.27,0.905,0,0.0
2024-07-01,DEMO-01,DR-01,drill,3.89,0.838,0,0.0
2024-07-02,DEMO-01,DR-01,drill,3.51,0.854,0,0.0
2024-07-03,DEMO-01,DR-01,drill,14.19,0.409,1,8.66
2024-07-04,DEMO-01,DR-01,drill,1.84,0.923,0,0.0
2024-07-05,DEMO-01,DR-01,drill,2.63,0.89,0,0.0
2024-07-06,DEMO-01,DR-01,drill,8.07,0.664,0,0.0
2024-07-07,DEMO-01,DR-01,drill,0.33,0.986,0,0.0
2024-07-08,DEMO-01,DR-01,drill,9.96,0.585,1,2.3
2024-07-09,DEMO-01,DR-01,drill,1.57,0.934,0,0.0
2024-07-10,DEMO-01,DR-01,drill,7.47,0.689,0,0.0
2024-07-11,DEMO-01,DR-01,drill,3.92,0.836,0,0.0
2024-07-12,DEMO-01,DR-01,drill,1.94,0.919,0,0.0
2024-07-13,DEMO-01,DR-01,drill,0.47,0.981,0,0.0
2024-07-14,DEMO-01,DR-01,drill,7.36,0.693,1,4.45
2024-07-15,DEMO-01,DR-01,drill,3.11,0.87,0,0.0
2024-07-16,DEMO-01,DR-01,drill,0.78,0.968,0,0.0
2024-07-17,DEMO-01,DR-01,drill,1.77,0.926,0,0.0
2024-07-18,DEMO-01,DR-01,drill,2.69,0.888,0,0.0
2024-07-19,DEMO-01,DR-01,drill,14.66,0.389,0,0.0
2024-07-20,DEMO-01,DR-01,drill,1.94,0.919,0,0.0
2024-07-21,DEMO-01,DR-01,drill,3.59,0.851,0,0.0
2024-07-22,DEMO-01,DR-01,drill,0.21,0.991,0,0.0
2024-07-23,DEMO-01,DR-01,drill,6.99,0.709,0,0.0
2024-07-24,DEMO-01,DR-01,drill,4.74,0.803,0,0.0
2024-07-25,DEMO-01,DR-01,drill,2.63,0.89,0,0.0
2024-07-26,DEMO-01,DR-01,drill,0.82,0.966,0,0.0
2024-07-27,DEMO-01,DR-01,drill,11.53,0.519,0,0.0
2024-07-28,DEMO-01,DR-01,drill,2.54,0.894,0,0.0
2024-07-29,DEMO-01,DR-01,drill,3.64,0.848,0,0.0
2024-07-30,DEMO-01,DR-01,drill,9.72,0.595,0,0.0
2024-07-31,DEMO-01,DR-01,drill,1.59,0.934,0,0.0
2024-08-01,DEMO-01,DR-01,drill,0.37,0.985,0,0.0
2024-08-02,DEMO-01,DR-01,drill,2.3,0.904,0,0.0
2024-08-03,DEMO-01,DR-01,drill,4.91,0.795,0,0.0
2024-08-04,DEMO-01,DR-01,drill,5.48,0.772,0,0.0
2024-08-05,DEMO-01,DR-01,drill,4.25,0.823,0,0.0
2024-08-06,DEMO-01,DR-01,drill,2.92,0.878,0,0.0
2024-08-07,DEMO-01,DR-01,drill,3.35,0.86,0,0.0
2024-08-08,DEMO-01,DR-01,drill,3.33,0.861,0,0.0
2024-08-09,DEMO-01,DR-01,drill,10.83,0.549,0,0.0
2024-08-10,DEMO-01,DR-01,drill,0.66,0.973,0,0.0
2024-08-11,DEMO-01,DR-01,drill,2.81,0.883,0,0.0
2024-08-12,DEMO-01,DR-01,drill,2.88,0.88,0,0.0
2024-08-13,DEMO-01,DR-01,drill,2.07,0.914,0,0.0
2024-08-14,DEMO-01,DR-01,drill,3.91,0.837,0,0.0
2024-08-15,DEMO-01,DR-01,drill,1.17,0.951,0,0.0
2024-08-16,DEMO-01,DR-01,drill,3.01,0.875,0,0.0
2024-08-17,DEMO-01,DR-01,drill,1.44,0.94,0,0.0
2024-08-18,DEMO-01,DR-01,drill,1.07,0.955,0,0.0
2024-08-19,DEMO-01,DR-01,drill,0.71,0.97,0,0.0
2024-08-20,DEMO-01,DR-01,drill,5.87,0.756,0,0.0
2024-08-21,DEMO-01,DR-01,drill,2.3,0.904,0,0.0
2024-08-22,DEMO-01,DR-01,drill,5.37,0.776,0,0.0
2024-08-23,DEMO-01,DR-01,drill,3.89,0.838,0,0.0
2024-08-24,DEMO-01,DR-01,drill,5.89,0.755,0,0.0
2024-08-25,DEMO-01,DR-01,drill,5.98,0.751,0,0.0
2024-08-26,DEMO-01,DR-01,drill,4.77,0.801,0,0.0
2024-08-27,DEMO-01,DR-01,drill,3.26,0.864,0,0.0
2024-08-28,DEMO-01,DR-01,drill,1.0,0.958,0,0.0
2024-08-29,DEMO-01,DR-01,drill,3.88,0.839,0,0.0
2024-08-30,DEMO-01,DR-01,drill,3.47,0.855,0,0.0
2024-08-31,DEMO-01,DR-01,drill,7.79,0.675,1,3.49
2024-09-01,DEMO-01,DR-01,drill,1.21,0.95,0,0.0
2024-09-02,DEMO-01,DR-01,drill,7.29,0.696,0,0.0
2024-09-03,DEMO-01,DR-01,drill,2.69,0.888,0,0.0
2024-09-04,DEMO-01,DR-01,drill,2.7,0.888,0,0.0
2024-09-05,DEMO-01,DR-01,drill,3.49,0.855,0,0.0
2024-09-06,DEMO-01,DR-01,drill,2.48,0.897,0,0.0
2024-09-07,DEMO-01,DR-01,drill,2.14,0.911,0,0.0
2024-09-08,DEMO-01,DR-01,drill,5.47,0.772,1,4.26
2024-09-09,DEMO-01,DR-01,drill,3.99,0.834,0,0.0
2024-09-10,DEMO-01,DR-01,drill,2.96,0.877,0,0.0
2024-09-11,DEMO-01,DR-01,drill,0.69,0.971,0,0.0
2024-09-12,DEMO-01,DR-01,drill,6.83,0.715,0,0.0
2024-09-13,DEMO-01,DR-01,drill,1.44,0.94,0,0.0
2024-09-14,DEMO-01,DR-01,drill,4.11,0.829,0,0.0
2024-09-15,DEMO-01,DR-01,drill,0.58,0.976,0,0.0
2024-09-16,DEMO-01,DR-01,drill,3.21,0.866,0,0.0
2024-09-17,DEMO-01,DR-01,drill,2.01,0.916,0,0.0
2024-09-18,DEMO-01,DR-01,drill,0.93,0.961,0,0.0
2024-09-19,DEMO-01,DR-01,drill,0.53,0.978,0,0.0
2024-09-20,DEMO-01,DR-01,drill,1.6,0.933,0,0.0
2024-09-21,DEMO-01,DR-01,drill,2.3,0.904,0,0.0
2024-09-22,DEMO-01,DR-01,drill,1.77,0.926,0,0.0
2024-09-23,DEMO-01,DR-01,drill,0.31,0.987,0,0.0
2024-09-24,DEMO-01,DR-01,drill,3.62,0.849,0,0.0
2024-09-25,DEMO-01,DR-01,drill,3.47,0.855,0,0.0
2024-09-26,DEMO-01,DR-01,drill,5.61,0.766,0,0.0
2024-09-27,DEMO-01,DR-01,drill,2.71,0.887,0,0.0
2024-09-28,DEMO-01,DR-01,drill,1.86,0.922,0,0.0
2024-09-29,DEMO-01,DR-01,drill,1.46,0.939,0,0.0
2024-09-30,DEMO-01,DR-01,drill,3.88,0.838,0,0.0
2024-10-01,DEMO-01,DR-01,drill,0.96,0.96,0,0.0
2024-10-02,DEMO-01,DR-01,drill,2.56,0.893,0,0.0
2024-10-03,DEMO-01,DR-01,drill,2.82,0.883,0,0.0
2024-10-04,DEMO-01,DR-01,drill,0.81,0.966,0,0.0
2024-10-05,DEMO-01,DR-01,drill,1.65,0.931,0,0.0
2024-10-06,DEMO-01,DR-01,drill,2.47,0.897,0,0.0
2024-10-07,DEMO-01,DR-01,drill,2.18,0.909,0,0.0
2024-10-08,DEMO-01,DR-01,drill,1.94,0.919,0,0.0
2024-10-09,DEMO-01,DR-01,drill,1.56,0.935,0,0.0
2024-10-10,DEMO-01,DR-01,drill,2.77,0.885,0,0.0
2024-10-11,DEMO-01,DR-01,drill,1.38,0.943,0,0.0
2024-10-12,DEMO-01,DR-01,drill,1.28,0.947,0,0.0
2024-10-13,DEMO-01,DR-01,drill,2.06,0.914,0,0.0
2024-10-14,DEMO-01,DR-01,drill,0.95,0.961,0,0.0
2024-10-15,DEMO-01,DR-01,drill,2.23,0.907,0,0.0
2024-10-16,DEMO-01,DR-01,drill,0.47,0.98,0,0.0
2024-10-17,DEMO-01,DR-01,drill,0.26,0.989,0,0.0
2024-10-18,DEMO-01,DR-01,drill,1.73,0.928,0,0.0
2024-10-19,DEMO-01,DR-01,drill,1.39,0.942,0,0.0
2024-10-20,DEMO-01,DR-01,drill,1.91,0.92,0,0.0
2024-10-21,DEMO-01,DR-01,drill,8.44,0.648,1,7.19
2024-10-22,DEMO-01,DR-01,drill,0.95,0.96,0,0.0
2024-10-23,DEMO-01,DR-01,drill,0.45,0.981,0,0.0
2024-10-24,DEMO-01,DR-01,drill,2.39,0.901,0,0.0
2024-10-25,DEMO-01,DR-01,drill,0.11,0.995,0,0.0
2024-10-26,DEMO-01,DR-01,drill,5.99,0.75,1,4.89
2024-10-27,DEMO-01,DR-01,drill,2.24,0.907,0,0.0
2024-10-28,DEMO-01,DR-01,drill,1.99,0.917,0,0.0
2024-10-29,DEMO-01,DR-01,drill,3.98,0.834,0,0.0
2024-10-30,DEMO-01,DR-01,drill,2.52,0.895,0,0.0
2024-10-31,DEMO-01,DR-01,drill,10.85,0.548,1,9.77
2024-11-01,DEMO-01,DR-01,drill,3.17,0.868,0,0.0
2024-11-02,DEMO-01,DR-01,drill,1.74,0.927,0,0.0
2024-11-03,DEMO-01,DR-01,drill,1.97,0.918,0,0.0
2024-11-04,DEMO-01,DR-01,drill,0.32,0.987,0,0.0
2024-11-05,DEMO-01,DR-01,drill,2.83,0.882,0,0.0
2024-11-06,DEMO-01,DR-01,drill,1.42,0.941,0,0.0
2024-11-07,DEMO-01,DR-01,drill,0.77,0.968,0,0.0
2024-11-08,DEMO-01,DR-01,drill,1.51,0.937,0,0.0
2024-11-09,DEMO-01,DR-01,drill,0.46,0.981,0,0.0
2024-11-10,DEMO-01,DR-01,drill,5.16,0.785,0,0.0
2024-11-11,DEMO-01,DR-01,drill,1.29,0.946,0,0.0
2024-11-12,DEMO-01,DR-01,drill,1.04,0.957,0,0.0
2024-11-13,DEMO-01,DR-01,drill,2.57,0.893,0,0.0
2024-11-14,DEMO-01,DR-01,drill,2.5,0.896,0,0.0
2024-11-15,DEMO-01,DR-01,drill,0.87,0.964,0,0.0
2024-11-16,DEMO-01,DR-01,drill,0.32,0.987,0,0.0
2024-11-17,DEMO-01,DR-01,drill,0.88,0.963,0,0.0
2024-11-18,DEMO-01,DR-01,drill,3.52,0.853,0,0.0
2024-11-19,DEMO-01,DR-01,drill,2.28,0.905,0,0.0
2024-11-20,DEMO-01,DR-01,drill,2.31,0.904,0,0.0
2024-11-21,DEMO-01,DR-01,drill,2.34,0.902,0,0.0
2024-11-22,DEMO-01,DR-01,drill,1.24,0.948,0,0.0
2024-11-23,DEMO-01,DR-01,drill,5.45,0.773,0,0.0
2024-11-24,DEMO-01,DR-01,drill,2.17,0.909,0,0.0
2024-11-25,DEMO-01,DR-01,drill,5.89,0.755,1,5.46
2024-11-26,DEMO-01,DR-01,drill,2.38,0.901,0,0.0
2024-11-27,DEMO-01,DR-01,drill,1.24,0.948,0,0.0
2024-11-28,DEMO-01,DR-01,drill,0.45,0.981,0,0.0
2024-11-29,DEMO-01,DR-01,drill,0.79,0.967,0,0.0
2024-11-30,DEMO-01,DR-01,drill,1.7,0.929,0,0.0
2024-12-01,DEMO-01,DR-01,drill,1.64,0.932,0,0.0
2024-12-02,DEMO-01,DR-01,drill,2.81,0.883,0,0.0
2024-12-03,DEMO-01,DR-01,drill,1.36,0.943,0,0.0
2024-12-04,DEMO-01,DR-01,drill,1.17,0.951,0,0.0
2024-12-05,DEMO-01,DR-01,drill,1.7,0.929,0,0.0
2024-12-06,DEMO-01,DR-01,drill,1.83,0.924,0,0.0
2024-12-07,DEMO-01,DR-01,drill,1.74,0.928,0,0.0
2024-12-08,DEMO-01,DR-01,drill,0.14,0.994,0,0.0
2024-12-09,DEMO-01,DR-01,drill,1.63,0.932,0,0.0
2024-12-10,DEMO-01,DR-01,drill,2.23,0.907,0,0.0
2024-12-11,DEMO-01,DR-01,drill,3.13,0.869,0,0.0
2024-12-12,DEMO-01,DR-01,drill,0.09,0.996,0,0.0
2024-12-13,DEMO-01,DR-01,drill,0.2,0.992,0,0.0
2024-12-14,DEMO-01,DR-01,drill,1.56,0.935,0,0.0
2024-12-15,DEMO-01,DR-01,drill,0.68,0.971,0,0.0
2024-12-16,DEMO-01,DR-01,drill,3.34,0.861,0,0.0
2024-12-17,DEMO-01,DR-01,drill,1.4,0.942,0,0.0
2024-12-18,DEMO-01,DR-01,drill,1.08,0.955,0,0.0
2024-12-19,DEMO-01,DR-01,drill,0.98,0.959,0,0.0
2024-12-20,DEMO-01,DR-01,drill,0.45,0.981,0,0.0
2024-12-21,DEMO-01,DR-01,drill,3.19,0.867,0,0.0
2024-12-22,DEMO-01,DR-01,drill,0.64,0.973,0,0.0
2024-12-23,DEMO-01,DR-01,drill,1.11,0.954,0,0.0
2024-12-24,DEMO-01,DR-01,drill,6.74,0.719,1,3.48
2024-12-25,DEMO-01,DR-01,drill,0.41,0.983,0,0.0
2024-12-26,DEMO-01,DR-01,drill,1.78,0.926,0,0.0
2024-12-27,DEMO-01,DR-01,drill,1.67,0.93,0,0.0
2024-12-28,DEMO-01,DR-01,drill,0.61,0.975,0,0.0
2024-12-29,DEMO-01,DR-01,drill,6.75,0.719,0,0.0
2024-12-30,DEMO-01,DR-01,drill,0.1,0.996,0,0.0
2024-12-31,DEMO-01,DR-01,drill,1.19,0.95,0,0.0
2025-01-01,DEMO-01,DR-01,drill,3.65,0.848,0,0.0
2025-01-02,DEMO-01,DR-01,drill,1.47,0.939,0,0.0
2025-01-03,DEMO-01,DR-01,drill,1.49,0.938,0,0.0
2025-01-04,DEMO-01,DR-01,drill,0.76,0.969,0,0.0
2025-01-05,DEMO-01,DR-01,drill,0.65,0.973,0,0.0
2025-01-06,DEMO-01,DR-01,drill,2.77,0.885,0,0.0
2025-01-07,DEMO-01,DR-01,drill,7.22,0.699,1,6.75
2025-01-08,DEMO-01,DR-01,drill,0.62,0.974,0,0.0
2025-01-09,DEMO-01,DR-01,drill,0.55,0.977,0,0.0
2025-01-10,DEMO-01,DR-01,drill,0.89,0.963,0,0.0
2025-01-11,DEMO-01,DR-01,drill,2.4,0.9,0,0.0
2025-01-12,DEMO-01,DR-01,drill,0.11,0.995,0,0.0
2025-01-13,DEMO-01,DR-01,drill,1.04,0.957,0,0.0
2025-01-14,DEMO-01,DR-01,drill,3.11,0.87,0,0.0
2025-01-15,DEMO-01,DR-01,drill,2.08,0.913,0,0.0
2025-01-16,DEMO-01,DR-01,drill,1.92,0.92,0,0.0
2025-01-17,DEMO-01,DR-01,drill,0.55,0.977,0,0.0
2025-01-18,DEMO-01,DR-01,drill,1.79,0.926,0,0.0
2025-01-19,DEMO-01,DR-01,drill,3.32,0.862,0,0.0
2025-01-20,DEMO-01,DR-01,drill,0.16,0.993,0,0.0
2025-01-21,DEMO-01,DR-01,drill,8.93,0.628,1,9.41
2025-01-22,DEMO-01,DR-01,drill,4.16,0.827,0,0.0
2025-01-23,DEMO-01,DR-01,drill,2.49,0.896,0,0.0
2025-01-24,DEMO-01,DR-01,drill,6.11,0.745,1,6.41
2025-01-25,DEMO-01,DR-01,drill,2.26,0.906,0,0.0
2025-01-26,DEMO-01,DR-01,drill,1.82,0.924,0,0.0
2025-01-27,DEMO-01,DR-01,drill,2.03,0.915,0,0.0
2025-01-28,DEMO-01,DR-01,drill,2.83,0.882,0,0.0
2025-01-29,DEMO-01,DR-01,drill,1.95,0.919,0,0.0
2025-01-30,DEMO-01,DR-01,drill,2.37,0.901,0,0.0
2025-01-31,DEMO-01,DR-01,drill,4.36,0.818,0,0.0
2025-02-01,DEMO-01,DR-01,drill,1.52,0.937,0,0.0
2025-02-02,DEMO-01,DR-01,drill,5.62,0.766,0,0.0
2025-02-03,DEMO-01,DR-01,drill,1.25,0.948,0,0.0
2025-02-04,DEMO-01,DR-01,drill,0.49,0.979,0,0.0
2025-02-05,DEMO-01,DR-01,drill,1.93,0.92,0,0.0
2025-02-06,DEMO-01,DR-01,drill,2.12,0.912,0,0.0
2025-02-07,DEMO-01,DR-01,drill,0.61,0.974,0,0.0
2025-02-08,DEMO-01,DR-01,drill,0.27,0.989,0,0.0
2025-02-09,DEMO-01,DR-01,drill,0.74,0.969,0,0.0
2025-02-10,DEMO-01,DR-01,drill,2.95,0.877,0,0.0
2025-02-11,DEMO-01,DR-01,drill,1.03,0.957,0,0.0
2025-02-12,DEMO-01,DR-01,drill,1.36,0.943,0,0.0
2025-02-13,DEMO-01,DR-01,drill,0.74,0.969,0,0.0
2025-02-14,DEMO-01,DR-01,drill,7.24,0.698,1,4.89
2025-02-15,DEMO-01,DR-01,drill,0.29,0.988,0,0.0
2025-02-16,DEMO-01,DR-01,drill,1.18,0.951,0,0.0
2025-02-17,DEMO-01,DR-01,drill,2.33,0.903,0,0.0
2025-02-18,DEMO-01,DR-01,drill,3.13,0.87,0,0.0
2025-02-19,DEMO-01,DR-01,drill,4.74,0.802,1,5.11
2025-02-20,DEMO-01,DR-01,drill,0.82,0.966,0,0.0
2025-02-21,DEMO-01,DR-01,drill,0.67,0.972,0,0.0
2025-02-22,DEMO-01,DR-01,drill,0.93,0.961,0,0.0
2025-02-23,DEMO-01,DR-01,drill,0.78,0.968,0,0.0
2025-02-24,DEMO-01,DR-01,drill,2.67,0.889,0,0.0
2025-02-25,DEMO-01,DR-01,drill,1.56,0.935,0,0.0
2025-02-26,DEMO-01,DR-01,drill,0.7,0.971,0,0.0
2025-02-27,DEMO-01,DR-01,drill,2.26,0.906,0,0.0
2025-02-28,DEMO-01,DR-01,drill,4.18,0.826,0,0.0
2025-03-01,DEMO-01,DR-01,drill,1.11,0.954,0,0.0
2025-03-02,DEMO-01,DR-01,drill,1.6,0.933,0,0.0
2025-03-03,DEMO-01,DR-01,drill,1.8,0.925,0,0.0
2025-03-04,DEMO-01,DR-01,drill,2.67,0.889,0,0.0
2025-03-05,DEMO-01,DR-01,drill,4.42,0.816,1,3.61
2025-03-06,DEMO-01,DR-01,drill,1.38,0.942,0,0.0
2025-03-07,DEMO-01,DR-01,drill,1.28,0.947,0,0.0
2025-03-08,DEMO-01,DR-01,drill,0.54,0.977,0,0.0
2025-03-09,DEMO-01,DR-01,drill,0.73,0.97,0,0.0
2025-03-10,DEMO-01,DR-01,drill,0.63,0.974,0,0.0
2025-03-11,DEMO-01,DR-01,drill,1.86,0.923,0,0.0
2025-03-12,DEMO-01,DR-01,drill,6.76,0.718,1,6.46
2025-03-13,DEMO-01,DR-01,drill,5.78,0.759,0,0.0
2025-03-14,DEMO-01,DR-01,drill,1.64,0.932,0,0.0
2025-03-15,DEMO-01,DR-01,drill,2.37,0.901,0,0.0
2025-03-16,DEMO-01,DR-01,drill,0.67,0.972,0,0.0
2025-03-17,DEMO-01,DR-01,drill,1.2,0.95,0,0.0
2025-03-18,DEMO-01,DR-01,drill,0.79,0.967,0,0.0
2025-03-19,DEMO-01,DR-01,drill,0.58,0.976,0,0.0
2025-03-20,DEMO-01,DR-01,drill,7.64,0.682,1,6.89
2025-03-21,DEMO-01,DR-01,drill,2.58,0.892,0,0.0
2025-03-22,DEMO-01,DR-01,drill,2.01,0.916,0,0.0
2025-03-23,DEMO-01,DR-01,drill,3.16,0.868,0,0.0
2025-03-24,DEMO-01,DR-01,drill,3.58,0.851,0,0.0
2025-03-25,DEMO-01,DR-01,drill,0.84,0.965,0,0.0
2025-03-26,DEMO-01,DR-01,drill,0.93,0.961,0,0.0
2025-03-27,DEMO-01,DR-01,drill,0.92,0.962,0,0.0
2025-03-28,DEMO-01,DR-01,drill,2.26,0.906,0,0.0
2025-03-29,DEMO-01,DR-01,drill,2.06,0.914,1,1.52
2025-03-30,DEMO-01,DR-01,drill,0.66,0.973,0,0.0
2025-03-31,DEMO-01,DR-01,drill,2.93,0.878,0,0.0
2025-04-01,DEMO-01,DR-01,drill,1.07,0.955,0,0.0
2025-04-02,DEMO-01,DR-01,drill,4.02,0.832,0,0.0
2025-04-03,DEMO-01,DR-01,drill,0.36,0.985,0,0.0
2025-04-04,DEMO-01,DR-01,drill,8.85,0.631,1,6.35
2025-04-05,DEMO-01,DR-01,drill,3.18,0.867,0,0.0
2025-04-06,DEMO-01,DR-01,drill,1.81,0.925,0,0.0
2025-04-07,DEMO-01,DR-01,drill,3.01,0.875,0,0.0
2025-04-08,DEMO-01,DR-01,drill,1.62,0.933,0,0.0
2025-04-09,DEMO-01,DR-01,drill,1.07,0.955,0,0.0
2025-04-10,DEMO-01,DR-01,drill,3.01,0.875,0,0.0
2025-04-11,DEMO-01,DR-01,drill,1.84,0.923,0,0.0
2025-04-12,DEMO-01,DR-01,drill,5.41,0.774,0,0.0
2025-04-13,DEMO-01,DR-01,drill,3.17,0.868,0,0.0
2025-04-14,DEMO-01,DR-01,drill,2.59,0.892,0,0.0
2025-04-15,DEMO-01,DR-01,drill,1.94,0.919,0,0.0
2025-04-16,DEMO-01,DR-01,drill,0.85,0.965,0,0.0
2025-04-17,DEMO-01,DR-01,drill,0.93,0.961,0,0.0
2025-04-18,DEMO-01,DR-01,drill,1.15,0.952,0,0.0
2025-04-19,DEMO-01,DR-01,drill,3.96,0.835,0,0.0
2025-04-20,DEMO-01,DR-01,drill,3.7,0.846,0,0.0
2025-04-21,DEMO-01,DR-01,drill,1.16,0.952,0,0.0
2025-04-22,DEMO-01,DR-01,drill,0.92,0.962,0,0.0
2025-04-23,DEMO-01,DR-01,drill,7.3,0.696,0,0.0
2025-04-24,DEMO-01,DR-01,drill,1.0,0.958,0,0.0
2025-04-25,DEMO-01,DR-01,drill,1.95,0.919,0,0.0
2025-04-26,DEMO-01,DR-01,drill,0.56,0.977,0,0.0
2025-04-27,DEMO-01,DR-01,drill,0.78,0.967,0,0.0
2025-04-28,DEMO-01,DR-01,drill,0.3,0.987,0,0.0
2025-04-29,DEMO-01,DR-01,drill,4.34,0.819,0,0.0
2025-04-30,DEMO-01,DR-01,drill,2.77,0.885,0,0.0
2025-05-01,DEMO-01,DR-01,drill,2.85,0.881,0,0.0
2025-05-02,DEMO-01,DR-01,drill,1.7,0.929,0,0.0
2025-05-03,DEMO-01,DR-01,drill,2.33,0.903,0,0.0
2025-05-04,DEMO-01,DR-01,drill,1.18,0.951,0,0.0
2025-05-05,DEMO-01,DR-01,drill,0.73,0.969,0,0.0
2025-05-06,DEMO-01,DR-01,drill,2.69,0.888,0,0.0
2025-05-07,DEMO-01,DR-01,drill,8.66,0.639,1,4.71
2025-05-08,DEMO-01,DR-01,drill,1.18,0.951,0,0.0
2025-05-09,DEMO-01,DR-01,drill,0.87,0.964,0,0.0
2025-05-10,DEMO-01,DR-01,drill,1.79,0.925,0,0.0
2025-05-11,DEMO-01,DR-01,drill,1.6,0.933,0,0.0
2025-05-12,DEMO-01,DR-01,drill,0.85,0.965,0,0.0
2025-05-13,DEMO-01,DR-01,drill,0.43,0.982,0,0.0
2025-05-14,DEMO-01,DR-01,drill,1.75,0.927,0,0.0
2025-05-15,DEMO-01,DR-01,drill,2.2,0.908,0,0.0
2025-05-16,DEMO-01,DR-01,drill,1.45,0.94,0,0.0
2025-05-17,DEMO-01,DR-01,drill,2.28,0.905,0,0.0
2025-05-18,DEMO-01,DR-01,drill,2.05,0.914,0,0.0
2025-05-19,DEMO-01,DR-01,drill,0.18,0.992,0,0.0
2025-05-20,DEMO-01,DR-01,drill,3.23,0.866,0,0.0
2025-05-21,DEMO-01,DR-01,drill,1.3,0.946,0,0.0
2025-05-22,DEMO-01,DR-01,drill,0.78,0.968,0,0.0
2025-05-23,DEMO-01,DR-01,drill,5.64,0.765,1,2.87
2025-05-24,DEMO-01,DR-01,drill,4.09,0.83,1,4.0
2025-05-25,DEMO-01,DR-01,drill,2.64,0.89,0,0.0
2025-05-26,DEMO-01,DR-01,drill,3.0,0.875,0,0.0
2025-05-27,DEMO-01,DR-01,drill,0.53,0.978,0,0.0
2025-05-28,DEMO-01,DR-01,drill,3.34,0.861,0,0.0
2025-05-29,DEMO-01,DR-01,drill,1.44,0.94,0,0.0
2025-05-30,DEMO-01,DR-01,drill,3.42,0.858,1,1.99
2025-05-31,DEMO-01,DR-01,drill,1.25,0.948,0,0.0
2025-06-01,DEMO-01,DR-01,drill,1.88,0.922,0,0.0
2025-06-02,DEMO-01,DR-01,drill,1.07,0.955,0,0.0
2025-06-03,DEMO-01,DR-01,drill,3.84,0.84,0,0.0
2025-06-04,DEMO-01,DR-01,drill,2.02,0.916,0,0.0
2025-06-05,DEMO-01,DR-01,drill,8.47,0.647,1,8.22
2025-06-06,DEMO-01,DR-01,drill,2.74,0.886,0,0.0
2025-06-07,DEMO-01,DR-01,drill,15.06,0.373,1,8.49
2025-06-08,DEMO-01,DR-01,drill,2.62,0.891,0,0.0
2025-06-09,DEMO-01,DR-01,drill,0.19,0.992,0,0.0
2025-06-10,DEMO-01,DR-01,drill,2.47,0.897,0,0.0
2025-06-11,DEMO-01,DR-01,drill,1.84,0.923,0,0.0
2025-06-12,DEMO-01,DR-01,drill,4.13,0.828,0,0.0
2025-06-13,DEMO-01,DR-01,drill,1.49,0.938,0,0.0
2025-06-14,DEMO-01,DR-01,drill,7.36,0.693,0,0.0
2025-06-15,DEMO-01,DR-01,drill,0.5,0.979,0,0.0
2025-06-16,DEMO-01,DR-01,drill,3.0,0.875,0,0.0
2025-06-17,DEMO-01,DR-01,drill,2.26,0.906,0,0.0
2025-06-18,DEMO-01,DR-01,drill,4.26,0.823,0,0.0
2025-06-19,DEMO-01,DR-01,drill,0.88,0.963,0,0.0
2025-06-20,DEMO-01,DR-01,drill,3.42,0.857,0,0.0
2025-06-21,DEMO-01,DR-01,drill,2.86,0.881,0,0.0
2025-06-22,DEMO-01,DR-01,drill,0.3,0.988,0,0.0
2025-06-23,DEMO-01,DR-01,drill,2.4,0.9,0,0.0
2025-06-24,DEMO-01,DR-01,drill,11.18,0.534,1,5.68
2025-06-25,DEMO-01,DR-01,drill,4.74,0.803,0,0.0
2025-06-26,DEMO-01,DR-01,drill,12.62,0.474,0,0.0
2025-06-27,DEMO-01,DR-01,drill,4.03,0.832,0,0.0
2025-06-28,DEMO-01,DR-01,drill,3.09,0.871,0,0.0
2025-06-29,DEMO-01,DR-01,drill,0.9,0.962,0,0.0
2025-06-30,DEMO-01,DR-01,drill,5.5,0.771,1,2.94
2025-07-01,DEMO-01,DR-01,drill,0.38,0.984,0,0.0
2025-07-02,DEMO-01,DR-01,drill,2.15,0.911,0,0.0
2025-07-03,DEMO-01,DR-01,drill,4.39,0.817,0,0.0
2025-07-04,DEMO-01,DR-01,drill,11.41,0.525,0,0.0
2025-07-05,DEMO-01,DR-01,drill,8.73,0.636,0,0.0
2025-07-06,DEMO-01,DR-01,drill,2.78,0.884,0,0.0
2025-07-07,DEMO-01,DR-01,drill,3.63,0.849,0,0.0
2025-07-08,DEMO-01,DR-01,drill,4.56,0.81,0,0.0
2025-07-09,DEMO-01,DR-01,drill,2.16,0.91,0,0.0
2025-07-10,DEMO-01,DR-01,drill,2.2,0.908,0,0.0
2025-07-11,DEMO-01,DR-01,drill,4.85,0.798,0,0.0
2025-07-12,DEMO-01,DR-01,drill,4.63,0.807,0,0.0
2025-07-13,DEMO-01,DR-01,drill,4.33,0.82,0,0.0
2025-07-14,DEMO-01,DR-01,drill,5.27,0.781,0,0.0
2025-07-15,DEMO-01,DR-01,drill,3.61,0.85,0,0.0
2025-07-16,DEMO-01,DR-01,drill,7.9,0.671,0,0.0
2025-07-17,DEMO-01,DR-01,drill,11.38,0.526,1,7.84
2025-07-18,DEMO-01,DR-01,drill,7.29,0.696,0,0.0
2025-07-19,DEMO-01,DR-01,drill,1.04,0.957,0,0.0
2025-07-20,DEMO-01,DR-01,drill,3.91,0.837,0,0.0
2025-07-21,DEMO-01,DR-01,drill,2.76,0.885,0,0.0
2025-07-22,DEMO-01,DR-01,drill,5.29,0.78,0,0.0
2025-07-23,DEMO-01,DR-01,drill,0.92,0.962,0,0.0
2025-07-24,DEMO-01,DR-01,drill,3.82,0.841,0,0.0
2025-07-25,DEMO-01,DR-01,drill,1.2,0.95,0,0.0
2025-07-26,DEMO-01,DR-01,drill,1.93,0.92,0,0.0
2025-07-27,DEMO-01,DR-01,drill,7.47,0.689,1,3.08
2025-07-28,DEMO-01,DR-01,drill,8.21,0.658,0,0.0
2025-07-29,DEMO-01,DR-01,drill,6.04,0.748,0,0.0
2025-07-30,DEMO-01,DR-01,drill,7.07,0.705,0,0.0
2025-07-31,DEMO-01,DR-01,drill,1.46,0.939,0,0.0
2025-08-01,DEMO-01,DR-01,drill,1.28,0.947,0,0.0
2025-08-02,DEMO-01,DR-01,drill,9.56,0.602,0,0.0
2025-08-03,DEMO-01,DR-01,drill,3.75,0.844,0,0.0
2025-08-04,DEMO-01,DR-01,drill,2.53,0.895,0,0.0
2025-08-05,DEMO-01,DR-01,drill,2.17,0.91,0,0.0
2025-08-06,DEMO-01,DR-01,drill,1.05,0.956,0,0.0
2025-08-07,DEMO-01,DR-01,drill,8.07,0.664,0,0.0
2025-08-08,DEMO-01,DR-01,drill,2.01,0.916,0,0.0
2025-08-09,DEMO-01,DR-01,drill,0.99,0.959,0,0.0
2025-08-10,DEMO-01,DR-01,drill,7.64,0.682,0,0.0
2025-08-11,DEMO-01,DR-01,drill,1.22,0.949,0,0.0
2025-08-12,DEMO-01,DR-01,drill,2.7,0.888,0,0.0
2025-08-13,DEMO-01,DR-01,drill,3.29,0.863,0,0.0
2025-08-14,DEMO-01,DR-01,drill,1.49,0.938,0,0.0
2025-08-15,DEMO-01,DR-01,drill,10.98,0.542,0,0.0
2025-08-16,DEMO-01,DR-01,drill,3.18,0.867,0,0.0
2025-08-17,DEMO-01,DR-01,drill,12.43,0.482,1,4.9
2025-08-18,DEMO-01,DR-01,drill,4.47,0.814,0,0.0
2025-08-19,DEMO-01,DR-01,drill,8.66,0.639,0,0.0
2025-08-20,DEMO-01,DR-01,drill,2.68,0.888,1,1.79
2025-08-21,DEMO-01,DR-01,drill,6.17,0.743,0,0.0
2025-08-22,DEMO-01,DR-01,drill,1.55,0.935,0,0.0
2025-08-23,DEMO-01,DR-01,drill,1.24,0.948,0,0.0
2025-08-24,DEMO-01,DR-01,drill,6.32,0.736,0,0.0
2025-08-25,DEMO-01,DR-01,drill,0.87,0.964,0,0.0
2025-08-26,DEMO-01,DR-01,drill,1.46,0.939,0,0.0
2025-08-27,DEMO-01,DR-01,drill,2.85,0.881,0,0.0
2025-08-28,DEMO-01,DR-01,drill,1.24,0.948,0,0.0
2025-08-29,DEMO-01,DR-01,drill,1.15,0.952,0,0.0
2025-08-30,DEMO-01,DR-01,drill,2.25,0.906,0,0.0
2025-08-31,DEMO-01,DR-01,drill,3.6,0.85,0,0.0
2025-09-01,DEMO-01,DR-01,drill,6.91,0.712,1,4.08
2025-09-02,DEMO-01,DR-01,drill,1.56,0.935,0,0.0
2025-09-03,DEMO-01,DR-01,drill,0.84,0.965,0,0.0
2025-09-04,DEMO-01,DR-01,drill,0.88,0.963,0,0.0
2025-09-05,DEMO-01,DR-01,drill,7.27,0.697,0,0.0
2025-09-06,DEMO-01,DR-01,drill,1.21,0.95,0,0.0
2025-09-07,DEMO-01,DR-01,drill,2.15,0.91,0,0.0
2025-09-08,DEMO-01,DR-01,drill,1.45,0.94,0,0.0
2025-09-09,DEMO-01,DR-01,drill,0.78,0.967,0,0.0
2025-09-10,DEMO-01,DR-01,drill,1.82,0.924,0,0.0
2025-09-11,DEMO-01,DR-01,drill,0.74,0.969,0,0.0
2025-09-12,DEMO-01,DR-01,drill,1.51,0.937,0,0.0
2025-09-13,DEMO-01,DR-01,drill,0.62,0.974,0,0.0
2025-09-14,DEMO-01,DR-01,drill,5.12,0.787,0,0.0
2025-09-15,DEMO-01,DR-01,drill,1.64,0.932,0,0.0
2025-09-16,DEMO-01,DR-01,drill,4.52,0.812,0,0.0
2025-09-17,DEMO-01,DR-01,drill,3.5,0.854,1,3.46
2025-09-18,DEMO-01,DR-01,drill,7.75,0.677,0,0.0
2025-09-19,DEMO-01,DR-01,drill,1.4,0.942,0,0.0
2025-09-20,DEMO-01,DR-01,drill,0.73,0.97,0,0.0
2025-09-21,DEMO-01,DR-01,drill,1.78,0.926,0,0.0
2025-09-22,DEMO-01,DR-01,drill,5.93,0.753,0,0.0
2025-09-23,DEMO-01,DR-01,drill,6.79,0.717,0,0.0
2025-09-24,DEMO-01,DR-01,drill,0.52,0.978,0,0.0
2025-09-25,DEMO-01,DR-01,drill,0.37,0.984,0,0.0
2025-09-26,DEMO-01,DR-01,drill,2.23,0.907,0,0.0
2025-09-27,DEMO-01,DR-01,drill,1.68,0.93,0,0.0
2025-09-28,DEMO-01,DR-01,drill,3.58,0.851,0,0.0
2025-09-29,DEMO-01,DR-01,drill,0.21,0.991,0,0.0
2025-09-30,DEMO-01,DR-01,drill,1.37,0.943,0,0.0
2025-10-01,DEMO-01,DR-01,drill,0.66,0.972,0,0.0
2025-10-02,DEMO-01,DR-01,drill,1.05,0.956,0,0.0
2025-10-03,DEMO-01,DR-01,drill,1.53,0.936,0,0.0
2025-10-04,DEMO-01,DR-01,drill,1.68,0.93,0,0.0
2025-10-05,DEMO-01,DR-01,drill,2.25,0.906,0,0.0
2025-10-06,DEMO-01,DR-01,drill,0.34,0.986,0,0.0
2025-10-07,DEMO-01,DR-01,drill,0.85,0.965,0,0.0
2025-10-08,DEMO-01,DR-01,drill,0.51,0.979,0,0.0
2025-10-09,DEMO-01,DR-01,drill,3.53,0.853,0,0.0
2025-10-10,DEMO-01,DR-01,drill,3.85,0.84,0,0.0
2025-10-11,DEMO-01,DR-01,drill,7.93,0.669,1,8.73
2025-10-12,DEMO-01,DR-01,drill,2.38,0.901,0,0.0
2025-10-13,DEMO-01,DR-01,drill,4.56,0.81,0,0.0
2025-10-14,DEMO-01,DR-01,drill,2.55,0.894,0,0.0
2025-10-15,DEMO-01,DR-01,drill,0.83,0.965,0,0.0
2025-10-16,DEMO-01,DR-01,drill,3.05,0.873,0,0.0
2025-10-17,DEMO-01,DR-01,drill,1.37,0.943,0,0.0
2025-10-18,DEMO-01,DR-01,drill,0.72,0.97,0,0.0
2025-10-19,DEMO-01,DR-01,drill,0.81,0.966,0,0.0
2025-10-20,DEMO-01,DR-01,drill,1.69,0.93,0,0.0
2025-10-21,DEMO-01,DR-01,drill,3.6,0.85,1,2.14
2025-10-22,DEMO-01,DR-01,drill,2.06,0.914,0,0.0
2025-10-23,DEMO-01,DR-01,drill,4.0,0.833,0,0.0
2025-10-24,DEMO-01,DR-01,drill,0.23,0.99,0,0.0
2025-10-25,DEMO-01,DR-01,drill,0.71,0.97,0,0.0
2025-10-26,DEMO-01,DR-01,drill,2.79,0.884,0,0.0
2025-10-27,DEMO-01,DR-01,drill,1.19,0.95,0,0.0
2025-10-28,DEMO-01,DR-01,drill,0.65,0.973,0,0.0
2025-10-29,DEMO-01,DR-01,drill,3.13,0.869,0,0.0
2025-10-30,DEMO-01,DR-01,drill,4.1,0.829,1,4.15
2025-10-31,DEMO-01,DR-01,drill,1.9,0.921,0,0.0
2025-11-01,DEMO-01,DR-01,drill,1.18,0.951,0,0.0
2025-11-02,DEMO-01,DR-01,drill,4.64,0.807,0,0.0
2025-11-03,DEMO-01,DR-01,drill,0.73,0.969,0,0.0
2025-11-04,DEMO-01,DR-01,drill,2.01,0.916,0,0.0
2025-11-05,DEMO-01,DR-01,drill,1.62,0.932,0,0.0
2025-11-06,DEMO-01,DR-01,drill,1.86,0.923,0,0.0
2025-11-07,DEMO-01,DR-01,drill,4.79,0.801,0,0.0
2025-11-08,DEMO-01,DR-01,drill,1.28,0.947,0,0.0
2025-11-09,DEMO-01,DR-01,drill,0.98,0.959,0,0.0
2025-11-10,DEMO-01,DR-01,drill,3.89,0.838,0,0.0
2025-11-11,DEMO-01,DR-01,drill,3.71,0.845,0,0.0
2025-11-12,DEMO-01,DR-01,drill,1.44,0.94,0,0.0
2025-11-13,DEMO-01,DR-01,drill,0.94,0.961,0,0.0
2025-11-14,DEMO-01,DR-01,drill,2.45,0.898,0,0.0
2025-11-15,DEMO-01,DR-01,drill,0.6,0.975,0,0.0
2025-11-16,DEMO-01,DR-01,drill,1.15,0.952,0,0.0
2025-11-17,DEMO-01,DR-01,drill,1.75,0.927,0,0.0
2025-11-18,DEMO-01,DR-01,drill,1.01,0.958,0,0.0
2025-11-19,DEMO-01,DR-01,drill,0.76,0.968,0,0.0
2025-11-20,DEMO-01,DR-01,drill,5.25,0.781,0,0.0
2025-11-21,DEMO-01,DR-01,drill,1.02,0.958,0,0.0
2025-11-22,DEMO-01,DR-01,drill,0.82,0.966,0,0.0
2025-11-23,DEMO-01,DR-01,drill,2.29,0.905,0,0.0
2025-11-24,DEMO-01,DR-01,drill,0.81,0.966,0,0.0
2025-11-25,DEMO-01,DR-01,drill,1.05,0.956,0,0.0
2025-11-26,DEMO-01,DR-01,drill,2.36,0.902,0,0.0
2025-11-27,DEMO-01,DR-01,drill,0.73,0.969,0,0.0
2025-11-28,DEMO-01,DR-01,drill,0.51,0.979,0,0.0
2025-11-29,DEMO-01,DR-01,drill,0.11,0.995,0,0.0
2025-11-30,DEMO-01,DR-01,drill,1.43,0.941,0,0.0
2025-12-01,DEMO-01,DR-01,drill,0.73,0.97,0,0.0
2025-12-02,DEMO-01,DR-01,drill,2.74,0.886,0,0.0
2025-12-03,DEMO-01,DR-01,drill,2.02,0.916,0,0.0
2025-12-04,DEMO-01,DR-01,drill,1.13,0.953,0,0.0
2025-12-05,DEMO-01,DR-01,drill,3.41,0.858,1,3.26
2025-12-06,DEMO-01,DR-01,drill,1.94,0.919,0,0.0
2025-12-07,DEMO-01,DR-01,drill,1.53,0.936,0,0.0
2025-12-08,DEMO-01,DR-01,drill,0.48,0.98,0,0.0
2025-12-09,DEMO-01,DR-01,drill,1.74,0.928,0,0.0
2025-12-10,DEMO-01,DR-01,drill,1.33,0.944,0,0.0
2025-12-11,DEMO-01,DR-01,drill,0.59,0.975,0,0.0
2025-12-12,DEMO-01,DR-01,drill,1.48,0.938,0,0.0
2025-12-13,DEMO-01,DR-01,drill,2.61,0.891,0,0.0
2025-12-14,DEMO-01,DR-01,drill,5.04,0.79,0,0.0
2025-12-15,DEMO-01,DR-01,drill,0.96,0.96,0,0.0
2025-12-16,DEMO-01,DR-01,drill,1.55,0.935,0,0.0
2025-12-17,DEMO-01,DR-01,drill,0.36,0.985,0,0.0
2025-12-18,DEMO-01,DR-01,drill,0.34,0.986,0,0.0
2025-12-19,DEMO-01,DR-01,drill,2.43,0.899,0,0.0
2025-12-20,DEMO-01,DR-01,drill,0.77,0.968,0,0.0
2025-12-21,DEMO-01,DR-01,drill,0.5,0.979,0,0.0
2025-12-22,DEMO-01,DR-01,drill,1.5,0.937,0,0.0
2025-12-23,DEMO-01,DR-01,drill,3.84,0.84,0,0.0
2025-12-24,DEMO-01,DR-01,drill,3.69,0.846,0,0.0
2025-12-25,DEMO-01,DR-01,drill,3.2,0.867,0,0.0
2025-12-26,DEMO-01,DR-01,drill,1.59,0.934,0,0.0
2025-12-27,DEMO-01,DR-01,drill,2.96,0.877,0,0.0
2025-12-28,DEMO-01,DR-01,drill,4.08,0.83,0,0.0
2025-12-29,DEMO-01,DR-01,drill,0.62,0.974,0,0.0
2025-12-30,DEMO-01,DR-01,drill,1.69,0.93,0,0.0
2025-12-31,DEMO-01,DR-01,drill,1.44,0.94,0,0.0
2023-01-01,DEMO-01,LD-01,loader,2.11,0.912,0,0.0
2023-01-02,DEMO-01,LD-01,loader,0.91,0.962,0,0.0
2023-01-03,DEMO-01,LD-01,loader,3.2,0.867,0,0.0
2023-01-04,DEMO-01,LD-01,loader,2.22,0.907,0,0.0
2023-01-05,DEMO-01,LD-01,loader,3.23,0.865,0,0.0
2023-01-06,DEMO-01,LD-01,loader,1.59,0.934,0,0.0
2023-01-07,DEMO-01,LD-01,loader,1.59,0.934,0,0.0
2023-01-08,DEMO-01,LD-01,loader,1.3,0.946,0,0.0
2023-01-09,DEMO-01,LD-01,loader,0.57,0.976,0,0.0
2023-01-10,DEMO-01,LD-01,loader,1.51,0.937,0,0.0
2023-01-11,DEMO-01,LD-01,loader,1.47,0.939,0,0.0
2023-01-12,DEMO-01,LD-01,loader,1.55,0.936,0,0.0
2023-01-13,DEMO-01,LD-01,loader,2.62,0.891,0,0.0
2023-01-14,DEMO-01,LD-01,loader,0.66,0.972,0,0.0
2023-01-15,DEMO-01,LD-01,loader,1.51,0.937,0,0.0
2023-01-16,DEMO-01,LD-01,loader,1.91,0.921,0,0.0
2023-01-17,DEMO-01,LD-01,loader,0.5,0.979,0,0.0
2023-01-18,DEMO-01,LD-01,loader,3.16,0.868,0,0.0
2023-01-19,DEMO-01,LD-01,loader,2.79,0.884,0,0.0
2023-01-20,DEMO-01,LD-01,loader,1.87,0.922,0,0.0
2023-01-21,DEMO-01,LD-01,loader,0.76,0.968,0,0.0
2023-01-22,DEMO-01,LD-01,loader,1.39,0.942,0,0.0
2023-01-23,DEMO-01,LD-01,loader,0.77,0.968,0,0.0
2023-01-24,DEMO-01,LD-01,loader,0.06,0.997,0,0.0
2023-01-25,DEMO-01,LD-01,loader,1.0,0.958,0,0.0
2023-01-26,DEMO-01,LD-01,loader,0.48,0.98,0,0.0
2023-01-27,DEMO-01,LD-01,loader,1.66,0.931,0,0.0
2023-01-28,DEMO-01,LD-01,loader,1.54,0.936,0,0.0
2023-01-29,DEMO-01,LD-01,loader,2.24,0.907,0,0.0
2023-01-30,DEMO-01,LD-01,loader,2.49,0.896,0,0.0
2023-01-31,DEMO-01,LD-01,loader,1.74,0.927,0,0.0
2023-02-01,DEMO-01,LD-01,loader,1.06,0.956,0,0.0
2023-02-02,DEMO-01,LD-01,loader,1.34,0.944,0,0.0
2023-02-03,DEMO-01,LD-01,loader,0.93,0.961,0,0.0
2023-02-04,DEMO-01,LD-01,loader,0.44,0.982,0,0.0
2023-02-05,DEMO-01,LD-01,loader,0.61,0.975,0,0.0
2023-02-06,DEMO-01,LD-01,loader,2.96,0.877,0,0.0
2023-02-07,DEMO-01,LD-01,loader,0.69,0.971,0,0.0
2023-02-08,DEMO-01,LD-01,loader,1.98,0.917,0,0.0
2023-02-09,DEMO-01,LD-01,loader,1.04,0.957,0,0.0
2023-02-10,DEMO-01,LD-01,loader,0.29,0.988,0,0.0
2023-02-11,DEMO-01,LD-01,loader,3.45,0.856,0,0.0
2023-02-12,DEMO-01,LD-01,loader,1.33,0.945,0,0.0
2023-02-13,DEMO-01,LD-01,loader,4.12,0.828,0,0.0
2023-02-14,DEMO-01,LD-01,loader,3.31,0.862,0,0.0
2023-02-15,DEMO-01,LD-01,loader,1.02,0.957,0,0.0
2023-02-16,DEMO-01,LD-01,loader,0.42,0.982,0,0.0
2023-02-17,DEMO-01,LD-01,loader,0.83,0.965,0,0.0
2023-02-18,DEMO-01,LD-01,loader,2.31,0.904,0,0.0
2023-02-19,DEMO-01,LD-01,loader,0.2,0.992,0,0.0
2023-02-20,DEMO-01,LD-01,loader,1.91,0.92,0,0.0
2023-02-21,DEMO-01,LD-01,loader,1.39,0.942,0,0.0
2023-02-22,DEMO-01,LD-01,loader,1.68,0.93,0,0.0
2023-02-23,DEMO-01,LD-01,loader,0.82,0.966,0,0.0
2023-02-24,DEMO-01,LD-01,loader,1.01,0.958,0,0.0
2023-02-25,DEMO-01,LD-01,loader,1.3,0.946,0,0.0
2023-02-26,DEMO-01,LD-01,loader,1.08,0.955,0,0.0
2023-02-27,DEMO-01,LD-01,loader,0.1,0.996,0,0.0
2023-02-28,DEMO-01,LD-01,loader,1.88,0.921,0,0.0
2023-03-01,DEMO-01,LD-01,loader,0.69,0.971,0,0.0
2023-03-02,DEMO-01,LD-01,loader,7.11,0.704,1,5.89
2023-03-03,DEMO-01,LD-01,loader,2.8,0.883,0,0.0
2023-03-04,DEMO-01,LD-01,loader,6.98,0.709,1,7.5
2023-03-05,DEMO-01,LD-01,loader,1.75,0.927,0,0.0
2023-03-06,DEMO-01,LD-01,loader,1.36,0.943,0,0.0
2023-03-07,DEMO-01,LD-01,loader,1.57,0.934,0,0.0
2023-03-08,DEMO-01,LD-01,loader,3.5,0.854,0,0.0
2023-03-09,DEMO-01,LD-01,loader,1.07,0.956,0,0.0
2023-03-10,DEMO-01,LD-01,loader,1.16,0.952,0,0.0
2023-03-11,DEMO-01,LD-01,loader,1.29,0.946,0,0.0
2023-03-12,DEMO-01,LD-01,loader,0.73,0.97,0,0.0
2023-03-13,DEMO-01,LD-01,loader,0.63,0.974,0,0.0
2023-03-14,DEMO-01,LD-01,loader,1.32,0.945,0,0.0
2023-03-15,DEMO-01,LD-01,loader,2.36,0.902,0,0.0
2023-03-16,DEMO-01,LD-01,loader,0.46,0.981,0,0.0
2023-03-17,DEMO-01,LD-01,loader,0.98,0.959,0,0.0
2023-03-18,DEMO-01,LD-01,loader,0.78,0.968,0,0.0
2023-03-19,DEMO-01,LD-01,loader,0.83,0.965,0,0.0
2023-03-20,DEMO-01,LD-01,loader,1.91,0.92,0,0.0
2023-03-21,DEMO-01,LD-01,loader,2.58,0.893,0,0.0
2023-03-22,DEMO-01,LD-01,loader,1.14,0.953,0,0.0
2023-03-23,DEMO-01,LD-01,loader,0.69,0.971,0,0.0
2023-03-24,DEMO-01,LD-01,loader,0.4,0.983,0,0.0
2023-03-25,DEMO-01,LD-01,loader,2.88,0.88,0,0.0
2023-03-26,DEMO-01,LD-01,loader,0.61,0.974,0,0.0
2023-03-27,DEMO-01,LD-01,loader,2.89,0.88,0,0.0
2023-03-28,DEMO-01,LD-01,loader,1.01,0.958,0,0.0
2023-03-29,DEMO-01,LD-01,loader,0.57,0.976,0,0.0
2023-03-30,DEMO-01,LD-01,loader,1.27,0.947,0,0.0
2023-03-31,DEMO-01,LD-01,loader,1.33,0.945,0,0.0
2023-04-01,DEMO-01,LD-01,loader,0.73,0.97,0,0.0
2023-04-02,DEMO-01,LD-01,loader,0.24,0.99,0,0.0
2023-04-03,DEMO-01,LD-01,loader,1.65,0.931,0,0.0
2023-04-04,DEMO-01,LD-01,loader,1.0,0.958,0,0.0
2023-04-05,DEMO-01,LD-01,loader,2.65,0.89,0,0.0
2023-04-06,DEMO-01,LD-01,loader,3.58,0.851,0,0.0
2023-04-07,DEMO-01,LD-01,loader,2.57,0.893,0,0.0
2023-04-08,DEMO-01,LD-01,loader,1.47,0.939,0,0.0
2023-04-09,DEMO-01,LD-01,loader,0.73,0.969,0,0.0
2023-04-10,DEMO-01,LD-01,loader,0.34,0.986,0,0.0
2023-04-11,DEMO-01,LD-01,loader,2.05,0.914,0,0.0
2023-04-12,DEMO-01,LD-01,loader,1.99,0.917,0,0.0
2023-04-13,DEMO-01,LD-01,loader,1.47,0.939,0,0.0
2023-04-14,DEMO-01,LD-01,loader,1.74,0.928,0,0.0
2023-04-15,DEMO-01,LD-01,loader,2.75,0.885,0,0.0
2023-04-16,DEMO-01,LD-01,loader,3.04,0.873,0,0.0
2023-04-17,DEMO-01,LD-01,loader,1.05,0.956,0,0.0
2023-04-18,DEMO-01,LD-01,loader,2.76,0.885,0,0.0
2023-04-19,DEMO-01,LD-01,loader,0.5,0.979,0,0.0
2023-04-20,DEMO-01,LD-01,loader,8.44,0.649,1,8.91
2023-04-21,DEMO-01,LD-01,loader,9.11,0.62,1,8.17
2023-04-22,DEMO-01,LD-01,loader,2.14,0.911,0,0.0
2023-04-23,DEMO-01,LD-01,loader,1.12,0.953,0,0.0
2023-04-24,DEMO-01,LD-01,loader,2.94,0.877,0,0.0
2023-04-25,DEMO-01,LD-01,loader,1.7,0.929,0,0.0
2023-04-26,DEMO-01,LD-01,loader,1.53,0.936,0,0.0
2023-04-27,DEMO-01,LD-01,loader,1.45,0.94,0,0.0
2023-04-28,DEMO-01,LD-01,loader,0.51,0.979,0,0.0
2023-04-29,DEMO-01,LD-01,loader,1.07,0.955,0,0.0
2023-04-30,DEMO-01,LD-01,loader,0.97,0.96,0,0.0
2023-05-01,DEMO-01,LD-01,loader,1.96,0.919,0,0.0
2023-05-02,DEMO-01,LD-01,loader,0.19,0.992,0,0.0
2023-05-03,DEMO-01,LD-01,loader,2.5,0.896,0,0.0
2023-05-04,DEMO-01,LD-01,loader,2.19,0.909,0,0.0
2023-05-05,DEMO-01,LD-01,loader,0.6,0.975,0,0.0
2023-05-06,DEMO-01,LD-01,loader,1.05,0.956,0,0.0
2023-05-07,DEMO-01,LD-01,loader,0.31,0.987,0,0.0
2023-05-08,DEMO-01,LD-01,loader,0.85,0.965,0,0.0
2023-05-09,DEMO-01,LD-01,loader,0.78,0.967,0,0.0
2023-05-10,DEMO-01,LD-01,loader,0.48,0.98,0,0.0
2023-05-11,DEMO-01,LD-01,loader,1.27,0.947,0,0.0
2023-05-12,DEMO-01,LD-01,loader,1.42,0.941,0,0.0
2023-05-13,DEMO-01,LD-01,loader,0.98,0.959,0,0.0
2023-05-14,DEMO-01,LD-01,loader,0.45,0.981,0,0.0
2023-05-15,DEMO-01,LD-01,loader,1.92,0.92,0,0.0
2023-05-16,DEMO-01,LD-01,loader,2.93,0.878,0,0.0
2023-05-17,DEMO-01,LD-01,loader,2.08,0.914,0,0.0
2023-05-18,DEMO-01,LD-01,loader,1.68,0.93,0,0.0
2023-05-19,DEMO-01,LD-01,loader,2.43,0.899,0,0.0
2023-05-20,DEMO-01,LD-01,loader,1.34,0.944,0,0.0
2023-05-21,DEMO-01,LD-01,loader,2.19,0.909,0,0.0
2023-05-22,DEMO-01,LD-01,loader,1.99,0.917,0,0.0
2023-05-23,DEMO-01,LD-01,loader,0.76,0.969,0,0.0
2023-05-24,DEMO-01,LD-01,loader,0.44,0.982,0,0.0
2023-05-25,DEMO-01,LD-01,loader,2.52,0.895,0,0.0
2023-05-26,DEMO-01,LD-01,loader,3.76,0.843,0,0.0
2023-05-27,DEMO-01,LD-01,loader,1.57,0.935,0,0.0
2023-05-28,DEMO-01,LD-01,loader,0.73,0.969,0,0.0
2023-05-29,DEMO-01,LD-01,loader,0.93,0.961,0,0.0
2023-05-30,DEMO-01,LD-01,loader,1.62,0.932,0,0.0
2023-05-31,DEMO-01,LD-01,loader,2.77,0.884,0,0.0
2023-06-01,DEMO-01,LD-01,loader,1.1,0.954,0,0.0
2023-06-02,DEMO-01,LD-01,loader,1.86,0.922,0,0.0
2023-06-03,DEMO-01,LD-01,loader,2.3,0.904,0,0.0
2023-06-04,DEMO-01,LD-01,loader,3.34,0.861,0,0.0
2023-06-05,DEMO-01,LD-01,loader,2.32,0.903,0,0.0
2023-06-06,DEMO-01,LD-01,loader,2.34,0.902,0,0.0
2023-06-07,DEMO-01,LD-01,loader,1.11,0.954,0,0.0
2023-06-08,DEMO-01,LD-01,loader,1.66,0.931,0,0.0
2023-06-09,DEMO-01,LD-01,loader,3.25,0.865,0,0.0
2023-06-10,DEMO-01,LD-01,loader,5.62,0.766,1,4.65
2023-06-11,DEMO-01,LD-01,loader,7.36,0.693,1,6.49
2023-06-12,DEMO-01,LD-01,loader,1.52,0.937,0,0.0
2023-06-13,DEMO-01,LD-01,loader,1.92,0.92,0,0.0
2023-06-14,DEMO-01,LD-01,loader,2.38,0.901,0,0.0
2023-06-15,DEMO-01,LD-01,loader,2.19,0.909,0,0.0
2023-06-16,DEMO-01,LD-01,loader,3.58,0.851,1,3.74
2023-06-17,DEMO-01,LD-01,loader,3.19,0.867,0,0.0
2023-06-18,DEMO-01,LD-01,loader,6.3,0.737,0,0.0
2023-06-19,DEMO-01,LD-01,loader,3.22,0.866,0,0.0
2023-06-20,DEMO-01,LD-01,loader,1.03,0.957,0,0.0
2023-06-21,DEMO-01,LD-01,loader,0.74,0.969,0,0.0
2023-06-22,DEMO-01,LD-01,loader,1.92,0.92,0,0.0
2023-06-23,DEMO-01,LD-01,loader,9.06,0.622,0,0.0
2023-06-24,DEMO-01,LD-01,loader,0.73,0.97,0,0.0
2023-06-25,DEMO-01,LD-01,loader,2.24,0.907,0,0.0
2023-06-26,DEMO-01,LD-01,loader,7.06,0.706,1,4.37
2023-06-27,DEMO-01,LD-01,loader,0.64,0.973,0,0.0
2023-06-28,DEMO-01,LD-01,loader,10.29,0.571,0,0.0
2023-06-29,DEMO-01,LD-01,loader,1.32,0.945,0,0.0
2023-06-30,DEMO-01,LD-01,loader,7.26,0.698,0,0.0
2023-07-01,DEMO-01,LD-01,loader,6.43,0.732,0,0.0
2023-07-02,DEMO-01,LD-01,loader,1.88,0.922,0,0.0
2023-07-03,DEMO-01,LD-01,loader,0.81,0.966,0,0.0
2023-07-04,DEMO-01,LD-01,loader,3.56,0.852,0,0.0
2023-07-05,DEMO-01,LD-01,loader,1.15,0.952,0,0.0
2023-07-06,DEMO-01,LD-01,loader,0.52,0.978,0,0.0
2023-07-07,DEMO-01,LD-01,loader,2.43,0.899,0,0.0
2023-07-08,DEMO-01,LD-01,loader,4.83,0.799,0,0.0
2023-07-09,DEMO-01,LD-01,loader,3.02,0.874,0,0.0
2023-07-10,DEMO-01,LD-01,loader,5.16,0.785,0,0.0
2023-07-11,DEMO-01,LD-01,loader,1.73,0.928,0,0.0
2023-07-12,DEMO-01,LD-01,loader,4.1,0.829,0,0.0
2023-07-13,DEMO-01,LD-01,loader,10.02,0.583,0,0.0
2023-07-14,DEMO-01,LD-01,loader,0.78,0.968,0,0.0
2023-07-15,DEMO-01,LD-01,loader,3.38,0.859,0,0.0
2023-07-16,DEMO-01,LD-01,loader,14.63,0.39,0,0.0
2023-07-17,DEMO-01,LD-01,loader,4.17,0.826,0,0.0
2023-07-18,DEMO-01,LD-01,loader,12.73,0.469,0,0.0
2023-07-19,DEMO-01,LD-01,loader,4.37,0.818,0,0.0
2023-07-20,DEMO-01,LD-01,loader,12.12,0.495,0,0.0
2023-07-21,DEMO-01,LD-01,loader,6.31,0.737,0,0.0
2023-07-22,DEMO-01,LD-01,loader,3.97,0.835,0,0.0
2023-07-23,DEMO-01,LD-01,loader,2.82,0.883,0,0.0
2023-07-24,DEMO-01,LD-01,loader,6.91,0.712,0,0.0
2023-07-25,DEMO-01,LD-01,loader,0.55,0.977,0,0.0
2023-07-26,DEMO-01,LD-01,loader,14.27,0.405,0,0.0
2023-07-27,DEMO-01,LD-01,loader,14.2,0.408,1,1.52
2023-07-28,DEMO-01,LD-01,loader,4.03,0.832,0,0.0
2023-07-29,DEMO-01,LD-01,loader,3.3,0.863,0,0.0
2023-07-30,DEMO-01,LD-01,loader,3.98,0.834,0,0.0
2023-07-31,DEMO-01,LD-01,loader,1.5,0.938,0,0.0
2023-08-01,DEMO-01,LD-01,loader,0.89,0.963,0,0.0
2023-08-02,DEMO-01,LD-01,loader,2.09,0.913,0,0.0
2023-08-03,DEMO-01,LD-01,loader,7.29,0.696,0,0.0
2023-08-04,DEMO-01,LD-01,loader,8.32,0.653,0,0.0
2023-08-05,DEMO-01,LD-01,loader,5.27,0.78,0,0.0
2023-08-06,DEMO-01,LD-01,loader,2.7,0.887,0,0.0
2023-08-07,DEMO-01,LD-01,loader,0.59,0.975,0,0.0
2023-08-08,DEMO-01,LD-01,loader,2.27,0.905,0,0.0
2023-08-09,DEMO-01,LD-01,loader,2.99,0.875,0,0.0
2023-08-10,DEMO-01,LD-01,loader,1.75,0.927,0,0.0
2023-08-11,DEMO-01,LD-01,loader,0.58,0.976,0,0.0
2023-08-12,DEMO-01,LD-01,loader,2.68,0.888,0,0.0
2023-08-13,DEMO-01,LD-01,loader,6.55,0.727,0,0.0
2023-08-14,DEMO-01,LD-01,loader,0.88,0.963,0,0.0
2023-08-15,DEMO-01,LD-01,loader,1.78,0.926,0,0.0
2023-08-16,DEMO-01,LD-01,loader,1.58,0.934,0,0.0
2023-08-17,DEMO-01,LD-01,loader,0.69,0.971,0,0.0
2023-08-18,DEMO-01,LD-01,loader,1.93,0.919,0,0.0
2023-08-19,DEMO-01,LD-01,loader,1.07,0.955,0,0.0
2023-08-20,DEMO-01,LD-01,loader,2.68,0.888,0,0.0
2023-08-21,DEMO-01,LD-01,loader,0.31,0.987,0,0.0
2023-08-22,DEMO-01,LD-01,loader,0.51,0.979,0,0.0
2023-08-23,DEMO-01,LD-01,loader,2.75,0.886,0,0.0
2023-08-24,DEMO-01,LD-01,loader,1.16,0.952,0,0.0
2023-08-25,DEMO-01,LD-01,loader,2.89,0.879,0,0.0
2023-08-26,DEMO-01,LD-01,loader,3.61,0.849,0,0.0
2023-08-27,DEMO-01,LD-01,loader,0.63,0.974,0,0.0
2023-08-28,DEMO-01,LD-01,loader,0.55,0.977,0,0.0
2023-08-29,DEMO-01,LD-01,loader,1.64,0.932,0,0.0
2023-08-30,DEMO-01,LD-01,loader,5.23,0.782,0,0.0
2023-08-31,DEMO-01,LD-01,loader,3.5,0.854,0,0.0
2023-09-01,DEMO-01,LD-01,loader,3.36,0.86,0,0.0
2023-09-02,DEMO-01,LD-01,loader,2.23,0.907,0,0.0
2023-09-03,DEMO-01,LD-01,loader,0.91,0.962,0,0.0
2023-09-04,DEMO-01,LD-01,loader,1.11,0.954,0,0.0
2023-09-05,DEMO-01,LD-01,loader,1.85,0.923,0,0.0
2023-09-06,DEMO-01,LD-01,loader,1.1,0.954,0,0.0
2023-09-07,DEMO-01,LD-01,loader,0.61,0.975,0,0.0
2023-09-08,DEMO-01,LD-01,loader,0.26,0.989,0,0.0
2023-09-09,DEMO-01,LD-01,loader,4.38,0.818,0,0.0
2023-09-10,DEMO-01,LD-01,loader,0.11,0.995,0,0.0
2023-09-11,DEMO-01,LD-01,loader,4.69,0.805,0,0.0
2023-09-12,DEMO-01,LD-01,loader,0.53,0.978,0,0.0
2023-09-13,DEMO-01,LD-01,loader,1.97,0.918,0,0.0
2023-09-14,DEMO-01,LD-01,loader,4.93,0.795,0,0.0
2023-09-15,DEMO-01,LD-01,loader,2.36,0.902,0,0.0
2023-09-16,DEMO-01,LD-01,loader,0.59,0.976,0,0.0
2023-09-17,DEMO-01,LD-01,loader,2.16,0.91,0,0.0
2023-09-18,DEMO-01,LD-01,loader,4.44,0.815,0,0.0
2023-09-19,DEMO-01,LD-01,loader,1.05,0.956,0,0.0
2023-09-20,DEMO-01,LD-01,loader,3.89,0.838,0,0.0
2023-09-21,DEMO-01,LD-01,loader,1.25,0.948,0,0.0
2023-09-22,DEMO-01,LD-01,loader,2.74,0.886,0,0.0
2023-09-23,DEMO-01,LD-01,loader,0.99,0.959,0,0.0
2023-09-24,DEMO-01,LD-01,loader,0.69,0.971,0,0.0
2023-09-25,DEMO-01,LD-01,loader,0.22,0.991,0,0.0
2023-09-26,DEMO-01,LD-01,loader,0.85,0.964,0,0.0
2023-09-27,DEMO-01,LD-01,loader,0.92,0.962,0,0.0
2023-09-28,DEMO-01,LD-01,loader,0.31,0.987,0,0.0
2023-09-29,DEMO-01,LD-01,loader,3.48,0.855,0,0.0
2023-09-30,DEMO-01,LD-01,loader,0.46,0.981,0,0.0
2023-10-01,DEMO-01,LD-01,loader,0.92,0.962,0,0.0
2023-10-02,DEMO-01,LD-01,loader,1.22,0.949,0,0.0
2023-10-03,DEMO-01,LD-01,loader,1.5,0.938,0,0.0
2023-10-04,DEMO-01,LD-01,loader,0.63,0.974,0,0.0
2023-10-05,DEMO-01,LD-01,loader,5.97,0.751,1,4.23
2023-10-06,DEMO-01,LD-01,loader,1.7,0.929,0,0.0
2023-10-07,DEMO-01,LD-01,loader,0.99,0.959,0,0.0
2023-10-08,DEMO-01,LD-01,loader,1.09,0.955,0,0.0
2023-10-09,DEMO-01,LD-01,loader,1.59,0.934,0,0.0
2023-10-10,DEMO-01,LD-01,loader,1.34,0.944,0,0.0
2023-10-11,DEMO-01,LD-01,loader,2.95,0.877,0,0.0
2023-10-12,DEMO-01,LD-01,loader,1.78,0.926,0,0.0
2023-10-13,DEMO-01,LD-01,loader,1.07,0.955,0,0.0
2023-10-14,DEMO-01,LD-01,loader,4.81,0.799,0,0.0
2023-10-15,DEMO-01,LD-01,loader,0.14,0.994,0,0.0
2023-10-16,DEMO-01,LD-01,loader,6.78,0.717,1,7.14
2023-10-17,DEMO-01,LD-01,loader,0.44,0.982,0,0.0
2023-10-18,DEMO-01,LD-01,loader,0.77,0.968,0,0.0
2023-10-19,DEMO-01,LD-01,loader,6.49,0.729,1,5.59
2023-10-20,DEMO-01,LD-01,loader,1.42,0.941,0,0.0
2023-10-21,DEMO-01,LD-01,loader,3.13,0.87,0,0.0
2023-10-22,DEMO-01,LD-01,loader,2.52,0.895,0,0.0
2023-10-23,DEMO-01,LD-01,loader,1.75,0.927,0,0.0
2023-10-24,DEMO-01,LD-01,loader,2.37,0.901,0,0.0
2023-10-25,DEMO-01,LD-01,loader,2.92,0.878,0,0.0
2023-10-26,DEMO-01,LD-01,loader,3.23,0.866,1,3.6
2023-10-27,DEMO-01,LD-01,loader,3.05,0.873,0,0.0
2023-10-28,DEMO-01,LD-01,loader,0.92,0.962,0,0.0
2023-10-29,DEMO-01,LD-01,loader,1.62,0.932,0,0.0
2023-10-30,DEMO-01,LD-01,loader,1.09,0.955,0,0.0
2023-10-31,DEMO-01,LD-01,loader,2.3,0.904,0,0.0
2023-11-01,DEMO-01,LD-01,loader,0.55,0.977,0,0.0
2023-11-02,DEMO-01,LD-01,loader,11.59,0.517,1,8.48
2023-11-03,DEMO-01,LD-01,loader,1.04,0.957,0,0.0
2023-11-04,DEMO-01,LD-01,loader,3.64,0.848,0,0.0
2023-11-05,DEMO-01,LD-01,loader,2.74,0.886,0,0.0
2023-11-06,DEMO-01,LD-01,loader,0.64,0.973,0,0.0
2023-11-07,DEMO-01,LD-01,loader,3.11,0.87,0,0.0
2023-11-08,DEMO-01,LD-01,loader,2.23,0.907,0,0.0
2023-11-09,DEMO-01,LD-01,loader,10.28,0.571,1,8.38
2023-11-10,DEMO-01,LD-01,loader,1.81,0.925,0,0.0
2023-11-11,DEMO-01,LD-01,loader,1.21,0.95,0,0.0
2023-11-12,DEMO-01,LD-01,loader,1.32,0.945,0,0.0
2023-11-13,DEMO-01,LD-01,loader,2.32,0.903,0,0.0
2023-11-14,DEMO-01,LD-01,loader,1.72,0.928,0,0.0
2023-11-15,DEMO-01,LD-01,loader,1.17,0.951,0,0.0
2023-11-16,DEMO-01,LD-01,loader,0.58,0.976,0,0.0
2023-11-17,DEMO-01,LD-01,loader,7.1,0.704,1,7.67
2023-11-18,DEMO-01,LD-01,loader,0.35,0.985,0,0.0
2023-11-19,DEMO-01,LD-01,loader,1.21,0.95,0,0.0
2023-11-20,DEMO-01,LD-01,loader,2.52,0.895,0,0.0
2023-11-21,DEMO-01,LD-01,loader,0.14,0.994,0,0.0
2023-11-22,DEMO-01,LD-01,loader,1.27,0.947,0,0.0
2023-11-23,DEMO-01,LD-01,loader,3.2,0.867,0,0.0
2023-11-24,DEMO-01,LD-01,loader,1.41,0.941,0,0.0
2023-11-25,DEMO-01,LD-01,loader,0.36,0.985,0,0.0
2023-11-26,DEMO-01,LD-01,loader,1.44,0.94,0,0.0
2023-11-27,DEMO-01,LD-01,loader,0.4,0.983,0,0.0
2023-11-28,DEMO-01,LD-01,loader,2.41,0.9,0,0.0
2023-11-29,DEMO-01,LD-01,loader,0.13,0.995,0,0.0
2023-11-30,DEMO-01,LD-01,loader,0.8,0.967,0,0.0
2023-12-01,DEMO-01,LD-01,loader,6.13,0.745,1,5.96
2023-12-02,DEMO-01,LD-01,loader,2.99,0.875,0,0.0
2023-12-03,DEMO-01,LD-01,loader,1.19,0.95,0,0.0
2023-12-04,DEMO-01,LD-01,loader,0.27,0.989,0,0.0
2023-12-05,DEMO-01,LD-01,loader,5.98,0.751,1,6.68
2023-12-06,DEMO-01,LD-01,loader,0.62,0.974,0,0.0
2023-12-07,DEMO-01,LD-01,loader,0.67,0.972,0,0.0
2023-12-08,DEMO-01,LD-01,loader,1.34,0.944,0,0.0
2023-12-09,DEMO-01,LD-01,loader,1.15,0.952,0,0.0
2023-12-10,DEMO-01,LD-01,loader,0.4,0.983,0,0.0
2023-12-11,DEMO-01,LD-01,loader,0.46,0.981,0,0.0
2023-12-12,DEMO-01,LD-01,loader,1.54,0.936,0,0.0
2023-12-13,DEMO-01,LD-01,loader,1.48,0.939,0,0.0
2023-12-14,DEMO-01,LD-01,loader,0.77,0.968,0,0.0
2023-12-15,DEMO-01,LD-01,loader,4.75,0.802,0,0.0
2023-12-16,DEMO-01,LD-01,loader,0.29,0.988,0,0.0
2023-12-17,DEMO-01,LD-01,loader,1.49,0.938,0,0.0
2023-12-18,DEMO-01,LD-01,loader,2.85,0.881,0,0.0
2023-12-19,DEMO-01,LD-01,loader,0.83,0.965,0,0.0
2023-12-20,DEMO-01,LD-01,loader,0.78,0.968,0,0.0
2023-12-21,DEMO-01,LD-01,loader,0.4,0.983,0,0.0
2023-12-22,DEMO-01,LD-01,loader,3.95,0.835,0,0.0
2023-12-23,DEMO-01,LD-01,loader,1.03,0.957,0,0.0
2023-12-24,DEMO-01,LD-01,loader,2.78,0.884,0,0.0
2023-12-25,DEMO-01,LD-01,loader,1.06,0.956,0,0.0
2023-12-26,DEMO-01,LD-01,loader,2.42,0.899,0,0.0
2023-12-27,DEMO-01,LD-01,loader,1.88,0.922,0,0.0
2023-12-28,DEMO-01,LD-01,loader,3.88,0.838,0,0.0
2023-12-29,DEMO-01,LD-01,loader,1.06,0.956,0,0.0
2023-12-30,DEMO-01,LD-01,loader,5.73,0.761,1,5.91
2023-12-31,DEMO-01,LD-01,loader,1.09,0.955,0,0.0
2024-01-01,DEMO-01,LD-01,loader,0.4,0.983,0,0.0
2024-01-02,DEMO-01,LD-01,loader,3.52,0.853,0,0.0
2024-01-03,DEMO-01,LD-01,loader,0.3,0.987,0,0.0
2024-01-04,DEMO-01,LD-01,loader,1.01,0.958,0,0.0
2024-01-05,DEMO-01,LD-01,loader,10.26,0.573,1,7.15
2024-01-06,DEMO-01,LD-01,loader,1.55,0.935,0,0.0
2024-01-07,DEMO-01,LD-01,loader,1.63,0.932,0,0.0
2024-01-08,DEMO-01,LD-01,loader,1.42,0.941,0,0.0
2024-01-09,DEMO-01,LD-01,loader,1.25,0.948,0,0.0
2024-01-10,DEMO-01,LD-01,loader,1.16,0.952,0,0.0
2024-01-11,DEMO-01,LD-01,loader,3.72,0.845,0,0.0
2024-01-12,DEMO-01,LD-01,loader,2.12,0.911,0,0.0
2024-01-13,DEMO-01,LD-01,loader,1.61,0.933,0,0.0
2024-01-14,DEMO-01,LD-01,loader,2.05,0.915,0,0.0
2024-01-15,DEMO-01,LD-01,loader,0.65,0.973,0,0.0
2024-01-16,DEMO-01,LD-01,loader,1.33,0.945,0,0.0
2024-01-17,DEMO-01,LD-01,loader,0.45,0.981,0,0.0
2024-01-18,DEMO-01,LD-01,loader,1.32,0.945,0,0.0
2024-01-19,DEMO-01,LD-01,loader,0.98,0.959,0,0.0
2024-01-20,DEMO-01,LD-01,loader,0.83,0.965,0,0.0
2024-01-21,DEMO-01,LD-01,loader,1.9,0.921,0,0.0
2024-01-22,DEMO-01,LD-01,loader,0.19,0.992,0,0.0
2024-01-23,DEMO-01,LD-01,loader,1.19,0.951,0,0.0
2024-01-24,DEMO-01,LD-01,loader,1.06,0.956,0,0.0
2024-01-25,DEMO-01,LD-01,loader,2.02,0.916,0,0.0
2024-01-26,DEMO-01,LD-01,loader,0.83,0.965,0,0.0
2024-01-27,DEMO-01,LD-01,loader,3.1,0.871,0,0.0
2024-01-28,DEMO-01,LD-01,loader,1.03,0.957,0,0.0
2024-01-29,DEMO-01,LD-01,loader,0.82,0.966,0,0.0
2024-01-30,DEMO-01,LD-01,loader,0.53,0.978,0,0.0
2024-01-31,DEMO-01,LD-01,loader,2.98,0.876,0,0.0
2024-02-01,DEMO-01,LD-01,loader,0.53,0.978,0,0.0
2024-02-02,DEMO-01,LD-01,loader,3.73,0.844,1,2.55
2024-02-03,DEMO-01,LD-01,loader,2.19,0.909,0,0.0
2024-02-04,DEMO-01,LD-01,loader,0.58,0.976,0,0.0
2024-02-05,DEMO-01,LD-01,loader,1.7,0.929,0,0.0
2024-02-06,DEMO-01,LD-01,loader,2.76,0.885,0,0.0
2024-02-07,DEMO-01,LD-01,loader,6.85,0.715,1,6.93
2024-02-08,DEMO-01,LD-01,loader,11.11,0.537,1,9.83
2024-02-09,DEMO-01,LD-01,loader,0.75,0.969,0,0.0
2024-02-10,DEMO-01,LD-01,loader,1.41,0.941,0,0.0
2024-02-11,DEMO-01,LD-01,loader,5.61,0.766,1,4.71
2024-02-12,DEMO-01,LD-01,loader,2.93,0.878,0,0.0
2024-02-13,DEMO-01,LD-01,loader,2.27,0.905,0,0.0
2024-02-14,DEMO-01,LD-01,loader,0.9,0.962,0,0.0
2024-02-15,DEMO-01,LD-01,loader,0.93,0.961,0,0.0
2024-02-16,DEMO-01,LD-01,loader,0.59,0.975,0,0.0
2024-02-17,DEMO-01,LD-01,loader,2.4,0.9,0,0.0
2024-02-18,DEMO-01,LD-01,loader,1.42,0.941,0,0.0
2024-02-19,DEMO-01,LD-01,loader,1.68,0.93,0,0.0
2024-02-20,DEMO-01,LD-01,loader,0.18,0.993,0,0.0
2024-02-21,DEMO-01,LD-01,loader,1.45,0.94,0,0.0
2024-02-22,DEMO-01,LD-01,loader,0.59,0.976,0,0.0
2024-02-23,DEMO-01,LD-01,loader,1.39,0.942,0,0.0
2024-02-24,DEMO-01,LD-01,loader,1.1,0.954,0,0.0
2024-02-25,DEMO-01,LD-01,loader,2.16,0.91,0,0.0
2024-02-26,DEMO-01,LD-01,loader,0.28,0.988,0,0.0
2024-02-27,DEMO-01,LD-01,loader,0.28,0.988,0,0.0
2024-02-28,DEMO-01,LD-01,loader,4.07,0.831,0,0.0
2024-02-29,DEMO-01,LD-01,loader,1.17,0.951,0,0.0
2024-03-01,DEMO-01,LD-01,loader,0.91,0.962,0,0.0
2024-03-02,DEMO-01,LD-01,loader,1.46,0.939,0,0.0
2024-03-03,DEMO-01,LD-01,loader,1.17,0.951,0,0.0
2024-03-04,DEMO-01,LD-01,loader,0.31,0.987,0,0.0
2024-03-05,DEMO-01,LD-01,loader,0.79,0.967,0,0.0
2024-03-06,DEMO-01,LD-01,loader,1.84,0.923,0,0.0
2024-03-07,DEMO-01,LD-01,loader,1.35,0.944,0,0.0
2024-03-08,DEMO-01,LD-01,loader,0.61,0.975,0,0.0
2024-03-09,DEMO-01,LD-01,loader,1.06,0.956,0,0.0
2024-03-10,DEMO-01,LD-01,loader,1.29,0.946,0,0.0
2024-03-11,DEMO-01,LD-01,loader,0.84,0.965,0,0.0
2024-03-12,DEMO-01,LD-01,loader,2.14,0.911,0,0.0
2024-03-13,DEMO-01,LD-01,loader,1.29,0.946,0,0.0
2024-03-14,DEMO-01,LD-01,loader,0.74,0.969,0,0.0
2024-03-15,DEMO-01,LD-01,loader,3.32,0.862,0,0.0
2024-03-16,DEMO-01,LD-01,loader,1.49,0.938,0,0.0
2024-03-17,DEMO-01,LD-01,loader,0.31,0.987,0,0.0
2024-03-18,DEMO-01,LD-01,loader,1.18,0.951,0,0.0
2024-03-19,DEMO-01,LD-01,loader,0.69,0.971,0,0.0
2024-03-20,DEMO-01,LD-01,loader,2.62,0.891,0,0.0
2024-03-21,DEMO-01,LD-01,loader,1.15,0.952,0,0.0
2024-03-22,DEMO-01,LD-01,loader,3.16,0.868,0,0.0
2024-03-23,DEMO-01,LD-01,loader,0.24,0.99,0,0.0
2024-03-24,DEMO-01,LD-01,loader,0.69,0.971,0,0.0
2024-03-25,DEMO-01,LD-01,loader,2.86,0.881,0,0.0
2024-03-26,DEMO-01,LD-01,loader,0.72,0.97,0,0.0
2024-03-27,DEMO-01,LD-01,loader,0.3,0.987,0,0.0
2024-03-28,DEMO-01,LD-01,loader,2.32,0.904,0,0.0
2024-03-29,DEMO-01,LD-01,loader,0.63,0.974,0,0.0
2024-03-30,DEMO-01,LD-01,loader,1.44,0.94,0,0.0
2024-03-31,DEMO-01,LD-01,loader,7.25,0.698,1,6.08
2024-04-01,DEMO-01,LD-01,loader,1.31,0.946,0,0.0
2024-04-02,DEMO-01,LD-01,loader,1.7,0.929,0,0.0
2024-04-03,DEMO-01,LD-01,loader,0.74,0.969,0,0.0
2024-04-04,DEMO-01,LD-01,loader,0.56,0.977,0,0.0
2024-04-05,DEMO-01,LD-01,loader,1.89,0.921,0,0.0
2024-04-06,DEMO-01,LD-01,loader,0.77,0.968,0,0.0
2024-04-07,DEMO-01,LD-01,loader,1.17,0.951,0,0.0
2024-04-08,DEMO-01,LD-01,loader,0.52,0.978,0,0.0
2024-04-09,DEMO-01,LD-01,loader,0.74,0.969,0,0.0
2024-04-10,DEMO-01,LD-01,loader,1.43,0.941,0,0.0
2024-04-11,DEMO-01,LD-01,loader,0.43,0.982,0,0.0
2024-04-12,DEMO-01,LD-01,loader,0.28,0.988,0,0.0
2024-04-13,DEMO-01,LD-01,loader,1.44,0.94,0,0.0
2024-04-14,DEMO-01,LD-01,loader,1.14,0.952,0,0.0
2024-04-15,DEMO-01,LD-01,loader,0.87,0.964,0,0.0
2024-04-16,DEMO-01,LD-01,loader,0.49,0.98,0,0.0
2024-04-17,DEMO-01,LD-01,loader,0.6,0.975,0,0.0
2024-04-18,DEMO-01,LD-01,loader,1.0,0.959,0,0.0
2024-04-19,DEMO-01,LD-01,loader,0.22,0.991,0,0.0
2024-04-20,DEMO-01,LD-01,loader,2.22,0.908,0,0.0
2024-04-21,DEMO-01,LD-01,loader,1.65,0.931,0,0.0
2024-04-22,DEMO-01,LD-01,loader,2.08,0.914,0,0.0
2024-04-23,DEMO-01,LD-01,loader,2.71,0.887,0,0.0
2024-04-24,DEMO-01,LD-01,loader,0.5,0.979,0,0.0
2024-04-25,DEMO-01,LD-01,loader,0.83,0.965,0,0.0
2024-04-26,DEMO-01,LD-01,loader,0.87,0.964,0,0.0
2024-04-27,DEMO-01,LD-01,loader,0.48,0.98,0,0.0
2024-04-28,DEMO-01,LD-01,loader,1.24,0.948,0,0.0
2024-04-29,DEMO-01,LD-01,loader,1.0,0.958,0,0.0
2024-04-30,DEMO-01,LD-01,loader,0.51,0.979,0,0.0
2024-05-01,DEMO-01,LD-01,loader,2.59,0.892,0,0.0
2024-05-02,DEMO-01,LD-01,loader,0.2,0.992,0,0.0
2024-05-03,DEMO-01,LD-01,loader,2.09,0.913,0,0.0
2024-05-04,DEMO-01,LD-01,loader,0.57,0.976,0,0.0
2024-05-05,DEMO-01,LD-01,loader,0.6,0.975,0,0.0
2024-05-06,DEMO-01,LD-01,loader,0.61,0.975,0,0.0
2024-05-07,DEMO-01,LD-01,loader,1.85,0.923,0,0.0
2024-05-08,DEMO-01,LD-01,loader,2.28,0.905,0,0.0
2024-05-09,DEMO-01,LD-01,loader,0.95,0.961,0,0.0
2024-05-10,DEMO-01,LD-01,loader,0.74,0.969,0,0.0
2024-05-11,DEMO-01,LD-01,loader,0.09,0.996,0,0.0
2024-05-12,DEMO-01,LD-01,loader,4.21,0.824,0,0.0
2024-05-13,DEMO-01,LD-01,loader,2.19,0.909,0,0.0
2024-05-14,DEMO-01,LD-01,loader,1.17,0.951,0,0.0
2024-05-15,DEMO-01,LD-01,loader,1.0,0.958,0,0.0
2024-05-16,DEMO-01,LD-01,loader,8.59,0.642,1,9.75
2024-05-17,DEMO-01,LD-01,loader,6.83,0.715,1,6.77
2024-05-18,DEMO-01,LD-01,loader,0.86,0.964,0,0.0
2024-05-19,DEMO-01,LD-01,loader,1.08,0.955,0,0.0
2024-05-20,DEMO-01,LD-01,loader,4.63,0.807,0,0.0
2024-05-21,DEMO-01,LD-01,loader,0.16,0.993,0,0.0
2024-05-22,DEMO-01,LD-01,loader,1.8,0.925,0,0.0
2024-05-23,DEMO-01,LD-01,loader,0.75,0.969,0,0.0
2024-05-24,DEMO-01,LD-01,loader,1.73,0.928,0,0.0
2024-05-25,DEMO-01,LD-01,loader,0.4,0.983,0,0.0
2024-05-26,DEMO-01,LD-01,loader,2.78,0.884,0,0.0
2024-05-27,DEMO-01,LD-01,loader,0.9,0.962,0,0.0
2024-05-28,DEMO-01,LD-01,loader,3.16,0.868,0,0.0
2024-05-29,DEMO-01,LD-01,loader,1.31,0.946,0,0.0
2024-05-30,DEMO-01,LD-01,loader,1.58,0.934,0,0.0
2024-05-31,DEMO-01,LD-01,loader,2.46,0.898,0,0.0
2024-06-01,DEMO-01,LD-01,loader,2.71,0.887,0,0.0
2024-06-02,DEMO-01,LD-01,loader,1.62,0.933,0,0.0
2024-06-03,DEMO-01,LD-01,loader,1.22,0.949,0,0.0
2024-06-04,DEMO-01,LD-01,loader,1.25,0.948,0,0.0
2024-06-05,DEMO-01,LD-01,loader,0.31,0.987,0,0.0
2024-06-06,DEMO-01,LD-01,loader,0.71,0.97,0,0.0
2024-06-07,DEMO-01,LD-01,loader,0.45,0.981,0,0.0
2024-06-08,DEMO-01,LD-01,loader,0.99,0.959,0,0.0
2024-06-09,DEMO-01,LD-01,loader,1.59,0.934,0,0.0
2024-06-10,DEMO-01,LD-01,loader,6.34,0.736,0,0.0
2024-06-11,DEMO-01,LD-01,loader,1.57,0.934,0,0.0
2024-06-12,DEMO-01,LD-01,loader,1.23,0.949,0,0.0
2024-06-13,DEMO-01,LD-01,loader,0.98,0.959,0,0.0
2024-06-14,DEMO-01,LD-01,loader,2.25,0.906,0,0.0
2024-06-15,DEMO-01,LD-01,loader,9.2,0.617,0,0.0
2024-06-16,DEMO-01,LD-01,loader,0.48,0.98,0,0.0
2024-06-17,DEMO-01,LD-01,loader,0.29,0.988,0,0.0
2024-06-18,DEMO-01,LD-01,loader,4.64,0.807,0,0.0
2024-06-19,DEMO-01,LD-01,loader,3.6,0.85,0,0.0
2024-06-20,DEMO-01,LD-01,loader,6.0,0.75,0,0.0
2024-06-21,DEMO-01,LD-01,loader,5.12,0.787,0,0.0
2024-06-22,DEMO-01,LD-01,loader,3.63,0.849,0,0.0
2024-06-23,DEMO-01,LD-01,loader,2.35,0.902,0,0.0
2024-06-24,DEMO-01,LD-01,loader,3.67,0.847,0,0.0
2024-06-25,DEMO-01,LD-01,loader,0.51,0.979,0,0.0
2024-06-26,DEMO-01,LD-01,loader,2.88,0.88,0,0.0
2024-06-27,DEMO-01,LD-01,loader,8.67,0.639,0,0.0
2024-06-28,DEMO-01,LD-01,loader,4.09,0.83,0,0.0
2024-06-29,DEMO-01,LD-01,loader,3.73,0.844,0,0.0
2024-06-30,DEMO-01,LD-01,loader,2.73,0.886,0,0.0
2024-07-01,DEMO-01,LD-01,loader,3.88,0.838,0,0.0
2024-07-02,DEMO-01,LD-01,loader,3.35,0.86,0,0.0
2024-07-03,DEMO-01,LD-01,loader,4.19,0.825,0,0.0
2024-07-04,DEMO-01,LD-01,loader,2.14,0.911,0,0.0
2024-07-05,DEMO-01,LD-01,loader,2.3,0.904,0,0.0
2024-07-06,DEMO-01,LD-01,loader,6.91,0.712,0,0.0
2024-07-07,DEMO-01,LD-01,loader,1.78,0.926,0,0.0
2024-07-08,DEMO-01,LD-01,loader,6.43,0.732,0,0.0
2024-07-09,DEMO-01,LD-01,loader,2.23,0.907,0,0.0
2024-07-10,DEMO-01,LD-01,loader,6.77,0.718,0,0.0
2024-07-11,DEMO-01,LD-01,loader,3.32,0.862,0,0.0
2024-07-12,DEMO-01,LD-01,loader,1.04,0.957,0,0.0
2024-07-13,DEMO-01,LD-01,loader,2.3,0.904,0,0.0
2024-07-14,DEMO-01,LD-01,loader,4.33,0.82,0,0.0
2024-07-15,DEMO-01,LD-01,loader,3.67,0.847,0,0.0
2024-07-16,DEMO-01,LD-01,loader,1.69,0.93,0,0.0
2024-07-17,DEMO-01,LD-01,loader,2.27,0.906,0,0.0
2024-07-18,DEMO-01,LD-01,loader,3.25,0.864,0,0.0
2024-07-19,DEMO-01,LD-01,loader,16.03,0.332,0,0.0
2024-07-20,DEMO-01,LD-01,loader,5.71,0.762,1,3.15
2024-07-21,DEMO-01,LD-01,loader,8.11,0.662,1,4.53
2024-07-22,DEMO-01,LD-01,loader,4.0,0.833,0,0.0
2024-07-23,DEMO-01,LD-01,loader,5.36,0.777,0,0.0
2024-07-24,DEMO-01,LD-01,loader,3.95,0.835,0,0.0
2024-07-25,DEMO-01,LD-01,loader,1.9,0.921,0,0.0
2024-07-26,DEMO-01,LD-01,loader,0.63,0.974,0,0.0
2024-07-27,DEMO-01,LD-01,loader,13.44,0.44,0,0.0
2024-07-28,DEMO-01,LD-01,loader,3.31,0.862,0,0.0
2024-07-29,DEMO-01,LD-01,loader,3.15,0.869,0,0.0
2024-07-30,DEMO-01,LD-01,loader,10.28,0.572,0,0.0
2024-07-31,DEMO-01,LD-01,loader,1.84,0.923,0,0.0
2024-08-01,DEMO-01,LD-01,loader,2.71,0.887,0,0.0
2024-08-02,DEMO-01,LD-01,loader,1.9,0.921,0,0.0
2024-08-03,DEMO-01,LD-01,loader,1.59,0.934,0,0.0
2024-08-04,DEMO-01,LD-01,loader,5.18,0.784,0,0.0
2024-08-05,DEMO-01,LD-01,loader,3.15,0.869,0,0.0
2024-08-06,DEMO-01,LD-01,loader,1.67,0.931,0,0.0
2024-08-07,DEMO-01,LD-01,loader,2.6,0.892,0,0.0
2024-08-08,DEMO-01,LD-01,loader,1.67,0.931,0,0.0
2024-08-09,DEMO-01,LD-01,loader,10.15,0.577,0,0.0
2024-08-10,DEMO-01,LD-01,loader,1.31,0.945,0,0.0
2024-08-11,DEMO-01,LD-01,loader,1.16,0.952,0,0.0
2024-08-12,DEMO-01,LD-01,loader,1.64,0.932,0,0.0
2024-08-13,DEMO-01,LD-01,loader,1.43,0.94,0,0.0
2024-08-14,DEMO-01,LD-01,loader,1.74,0.928,0,0.0
2024-08-15,DEMO-01,LD-01,loader,4.04,0.832,0,0.0
2024-08-16,DEMO-01,LD-01,loader,0.54,0.978,0,0.0
2024-08-17,DEMO-01,LD-01,loader,2.4,0.9,0,0.0
2024-08-18,DEMO-01,LD-01,loader,1.27,0.947,0,0.0
2024-08-19,DEMO-01,LD-01,loader,1.82,0.924,0,0.0
2024-08-20,DEMO-01,LD-01,loader,5.82,0.758,0,0.0
2024-08-21,DEMO-01,LD-01,loader,2.73,0.886,0,0.0
2024-08-22,DEMO-01,LD-01,loader,0.92,0.962,0,0.0
2024-08-23,DEMO-01,LD-01,loader,9.87,0.589,1,7.7
2024-08-24,DEMO-01,LD-01,loader,4.75,0.802,0,0.0
2024-08-25,DEMO-01,LD-01,loader,5.46,0.773,0,0.0
2024-08-26,DEMO-01,LD-01,loader,2.42,0.899,0,0.0
2024-08-27,DEMO-01,LD-01,loader,1.29,0.946,0,0.0
2024-08-28,DEMO-01,LD-01,loader,3.99,0.834,0,0.0
2024-08-29,DEMO-01,LD-01,loader,3.91,0.837,0,0.0
2024-08-30,DEMO-01,LD-01,loader,2.93,0.878,0,0.0
2024-08-31,DEMO-01,LD-01,loader,2.12,0.912,0,0.0
2024-09-01,DEMO-01,LD-01,loader,1.16,0.952,0,0.0
2024-09-02,DEMO-01,LD-01,loader,5.2,0.783,0,0.0
2024-09-03,DEMO-01,LD-01,loader,0.44,0.982,0,0.0
2024-09-04,DEMO-01,LD-01,loader,0.35,0.985,0,0.0
2024-09-05,DEMO-01,LD-01,loader,0.94,0.961,0,0.0
2024-09-06,DEMO-01,LD-01,loader,0.64,0.973,0,0.0
2024-09-07,DEMO-01,LD-01,loader,0.51,0.979,0,0.0
2024-09-08,DEMO-01,LD-01,loader,6.32,0.737,1,5.5
2024-09-09,DEMO-01,LD-01,loader,0.95,0.96,0,0.0
2024-09-10,DEMO-01,LD-01,loader,1.7,0.929,0,0.0
2024-09-11,DEMO-01,LD-01,loader,0.8,0.967,0,0.0
2024-09-12,DEMO-01,LD-01,loader,5.85,0.756,0,0.0
2024-09-13,DEMO-01,LD-01,loader,8.11,0.662,1,6.79
2024-09-14,DEMO-01,LD-01,loader,2.18,0.909,0,0.0
2024-09-15,DEMO-01,LD-01,loader,2.02,0.916,0,0.0
2024-09-16,DEMO-01,LD-01,loader,2.14,0.911,0,0.0
2024-09-17,DEMO-01,LD-01,loader,0.39,0.984,0,0.0
2024-09-18,DEMO-01,LD-01,loader,1.19,0.95,0,0.0
2024-09-19,DEMO-01,LD-01,loader,0.59,0.976,0,0.0
2024-09-20,DEMO-01,LD-01,loader,4.84,0.798,1,5.29
2024-09-21,DEMO-01,LD-01,loader,0.49,0.979,0,0.0
2024-09-22,DEMO-01,LD-01,loader,0.95,0.96,0,0.0
2024-09-23,DEMO-01,LD-01,loader,1.12,0.953,0,0.0
2024-09-24,DEMO-01,LD-01,loader,2.02,0.916,0,0.0
2024-09-25,DEMO-01,LD-01,loader,3.1,0.871,0,0.0
2024-09-26,DEMO-01,LD-01,loader,0.52,0.978,0,0.0
2024-09-27,DEMO-01,LD-01,loader,0.89,0.963,0,0.0
2024-09-28,DEMO-01,LD-01,loader,0.37,0.985,0,0.0
2024-09-29,DEMO-01,LD-01,loader,0.72,0.97,0,0.0
2024-09-30,DEMO-01,LD-01,loader,0.57,0.976,0,0.0
2024-10-01,DEMO-01,LD-01,loader,5.86,0.756,0,0.0
2024-10-02,DEMO-01,LD-01,loader,1.21,0.95,0,0.0
2024-10-03,DEMO-01,LD-01,loader,3.22,0.866,0,0.0
2024-10-04,DEMO-01,LD-01,loader,0.8,0.967,0,0.0
2024-10-05,DEMO-01,LD-01,loader,0.62,0.974,0,0.0
2024-10-06,DEMO-01,LD-01,loader,1.77,0.926,0,0.0
2024-10-07,DEMO-01,LD-01,loader,2.69,0.888,0,0.0
2024-10-08,DEMO-01,LD-01,loader,3.53,0.853,0,0.0
2024-10-09,DEMO-01,LD-01,loader,0.31,0.987,0,0.0
2024-10-10,DEMO-01,LD-01,loader,0.93,0.961,0,0.0
2024-10-11,DEMO-01,LD-01,loader,2.49,0.896,0,0.0
2024-10-12,DEMO-01,LD-01,loader,6.45,0.731,1,5.8
2024-10-13,DEMO-01,LD-01,loader,0.41,0.983,0,0.0
2024-10-14,DEMO-01,LD-01,loader,0.79,0.967,0,0.0
2024-10-15,DEMO-01,LD-01,loader,0.58,0.976,0,0.0
2024-10-16,DEMO-01,LD-01,loader,3.83,0.84,1,2.58
2024-10-17,DEMO-01,LD-01,loader,2.69,0.888,0,0.0
2024-10-18,DEMO-01,LD-01,loader,0.88,0.963,0,0.0
2024-10-19,DEMO-01,LD-01,loader,0.54,0.978,0,0.0
2024-10-20,DEMO-01,LD-01,loader,0.88,0.963,0,0.0
2024-10-21,DEMO-01,LD-01,loader,0.84,0.965,0,0.0
2024-10-22,DEMO-01,LD-01,loader,2.1,0.913,0,0.0
2024-10-23,DEMO-01,LD-01,loader,0.77,0.968,0,0.0
2024-10-24,DEMO-01,LD-01,loader,1.16,0.952,0,0.0
2024-10-25,DEMO-01,LD-01,loader,1.98,0.918,0,0.0
2024-10-26,DEMO-01,LD-01,loader,0.97,0.96,0,0.0
2024-10-27,DEMO-01,LD-01,loader,3.54,0.853,0,0.0
2024-10-28,DEMO-01,LD-01,loader,2.0,0.917,0,0.0
2024-10-29,DEMO-01,LD-01,loader,6.4,0.733,1,6.21
2024-10-30,DEMO-01,LD-01,loader,1.74,0.928,0,0.0
2024-10-31,DEMO-01,LD-01,loader,0.96,0.96,0,0.0
2024-11-01,DEMO-01,LD-01,loader,0.63,0.974,0,0.0
2024-11-02,DEMO-01,LD-01,loader,1.61,0.933,0,0.0
2024-11-03,DEMO-01,LD-01,loader,0.59,0.976,0,0.0
2024-11-04,DEMO-01,LD-01,loader,0.88,0.963,0,0.0
2024-11-05,DEMO-01,LD-01,loader,1.37,0.943,0,0.0
2024-11-06,DEMO-01,LD-01,loader,0.74,0.969,0,0.0
2024-11-07,DEMO-01,LD-01,loader,1.82,0.924,0,0.0
2024-11-08,DEMO-01,LD-01,loader,0.87,0.964,0,0.0
2024-11-09,DEMO-01,LD-01,loader,1.61,0.933,0,0.0
2024-11-10,DEMO-01,LD-01,loader,0.93,0.961,0,0.0
2024-11-11,DEMO-01,LD-01,loader,1.39,0.942,0,0.0
2024-11-12,DEMO-01,LD-01,loader,1.58,0.934,0,0.0
2024-11-13,DEMO-01,LD-01,loader,0.79,0.967,0,0.0
2024-11-14,DEMO-01,LD-01,loader,1.58,0.934,0,0.0
2024-11-15,DEMO-01,LD-01,loader,2.36,0.902,0,0.0
2024-11-16,DEMO-01,LD-01,loader,0.97,0.96,0,0.0
2024-11-17,DEMO-01,LD-01,loader,2.25,0.906,0,0.0
2024-11-18,DEMO-01,LD-01,loader,1.08,0.955,0,0.0
2024-11-19,DEMO-01,LD-01,loader,0.92,0.962,0,0.0
2024-11-20,DEMO-01,LD-01,loader,0.93,0.961,0,0.0
2024-11-21,DEMO-01,LD-01,loader,1.57,0.935,0,0.0
2024-11-22,DEMO-01,LD-01,loader,0.21,0.991,0,0.0
2024-11-23,DEMO-01,LD-01,loader,0.47,0.98,0,0.0
2024-11-24,DEMO-01,LD-01,loader,1.33,0.945,0,0.0
2024-11-25,DEMO-01,LD-01,loader,1.11,0.954,0,0.0
2024-11-26,DEMO-01,LD-01,loader,1.21,0.949,0,0.0
2024-11-27,DEMO-01,LD-01,loader,1.05,0.956,0,0.0
2024-11-28,DEMO-01,LD-01,loader,2.21,0.908,0,0.0
2024-11-29,DEMO-01,LD-01,loader,2.82,0.882,0,0.0
2024-11-30,DEMO-01,LD-01,loader,1.49,0.938,0,0.0
2024-12-01,DEMO-01,LD-01,loader,1.98,0.918,0,0.0
2024-12-02,DEMO-01,LD-01,loader,3.49,0.854,0,0.0
2024-12-03,DEMO-01,LD-01,loader,0.33,0.986,0,0.0
2024-12-04,DEMO-01,LD-01,loader,0.83,0.965,0,0.0
2024-12-05,DEMO-01,LD-01,loader,1.86,0.923,0,0.0
2024-12-06,DEMO-01,LD-01,loader,2.43,0.899,0,0.0
2024-12-07,DEMO-01,LD-01,loader,1.15,0.952,0,0.0
2024-12-08,DEMO-01,LD-01,loader,2.04,0.915,0,0.0
2024-12-09,DEMO-01,LD-01,loader,0.62,0.974,0,0.0
2024-12-10,DEMO-01,LD-01,loader,11.4,0.525,1,8.48
2024-12-11,DEMO-01,LD-01,loader,1.43,0.94,0,0.0
2024-12-12,DEMO-01,LD-01,loader,1.62,0.932,0,0.0
2024-12-13,DEMO-01,LD-01,loader,1.05,0.956,0,0.0
2024-12-14,DEMO-01,LD-01,loader,1.37,0.943,0,0.0
2024-12-15,DEMO-01,LD-01,loader,2.55,0.894,0,0.0
2024-12-16,DEMO-01,LD-01,loader,8.4,0.65,1,9.35
2024-12-17,DEMO-01,LD-01,loader,0.67,0.972,0,0.0
2024-12-18,DEMO-01,LD-01,loader,1.31,0.945,0,0.0
2024-12-19,DEMO-01,LD-01,loader,0.94,0.961,0,0.0
2024-12-20,DEMO-01,LD-01,loader,0.72,0.97,0,0.0
2024-12-21,DEMO-01,LD-01,loader,0.44,0.982,0,0.0
2024-12-22,DEMO-01,LD-01,loader,1.58,0.934,0,0.0
2024-12-23,DEMO-01,LD-01,loader,0.77,0.968,0,0.0
2024-12-24,DEMO-01,LD-01,loader,2.23,0.907,0,0.0
2024-12-25,DEMO-01,LD-01,loader,1.62,0.933,0,0.0
2024-12-26,DEMO-01,LD-01,loader,2.77,0.884,0,0.0
2024-12-27,DEMO-01,LD-01,loader,0.67,0.972,0,0.0
2024-12-28,DEMO-01,LD-01,loader,2.72,0.887,0,0.0
2024-12-29,DEMO-01,LD-01,loader,1.58,0.934,0,0.0
2024-12-30,DEMO-01,LD-01,loader,0.93,0.961,0,0.0
2024-12-31,DEMO-01,LD-01,loader,0.95,0.961,0,0.0
2025-01-01,DEMO-01,LD-01,loader,1.8,0.925,0,0.0
2025-01-02,DEMO-01,LD-01,loader,1.31,0.945,0,0.0
2025-01-03,DEMO-01,LD-01,loader,0.43,0.982,0,0.0
2025-01-04,DEMO-01,LD-01,loader,1.24,0.948,0,0.0
2025-01-05,DEMO-01,LD-01,loader,1.84,0.923,0,0.0
2025-01-06,DEMO-01,LD-01,loader,1.61,0.933,0,0.0
2025-01-07,DEMO-01,LD-01,loader,0.34,0.986,0,0.0
2025-01-08,DEMO-01,LD-01,loader,0.58,0.976,0,0.0
2025-01-09,DEMO-01,LD-01,loader,1.49,0.938,0,0.0
2025-01-10,DEMO-01,LD-01,loader,1.02,0.957,0,0.0
2025-01-11,DEMO-01,LD-01,loader,2.64,0.89,0,0.0
2025-01-12,DEMO-01,LD-01,loader,1.29,0.946,0,0.0
2025-01-13,DEMO-01,LD-01,loader,1.01,0.958,0,0.0
2025-01-14,DEMO-01,LD-01,loader,1.75,0.927,0,0.0
2025-01-15,DEMO-01,LD-01,loader,1.35,0.944,0,0.0
2025-01-16,DEMO-01,LD-01,loader,1.56,0.935,0,0.0
2025-01-17,DEMO-01,LD-01,loader,4.4,0.817,0,0.0
2025-01-18,DEMO-01,LD-01,loader,0.8,0.967,0,0.0
2025-01-19,DEMO-01,LD-01,loader,1.16,0.952,0,0.0
2025-01-20,DEMO-01,LD-01,loader,1.29,0.946,0,0.0
2025-01-21,DEMO-01,LD-01,loader,11.64,0.515,1,8.39
2025-01-22,DEMO-01,LD-01,loader,2.08,0.913,0,0.0
2025-01-23,DEMO-01,LD-01,loader,1.43,0.94,0,0.0
2025-01-24,DEMO-01,LD-01,loader,1.26,0.948,0,0.0
2025-01-25,DEMO-01,LD-01,loader,2.04,0.915,0,0.0
2025-01-26,DEMO-01,LD-01,loader,1.68,0.93,0,0.0
2025-01-27,DEMO-01,LD-01,loader,2.42,0.899,0,0.0
2025-01-28,DEMO-01,LD-01,loader,0.78,0.968,0,0.0
2025-01-29,DEMO-01,LD-01,loader,1.89,0.921,0,0.0
2025-01-30,DEMO-01,LD-01,loader,1.81,0.924,0,0.0
2025-01-31,DEMO-01,LD-01,loader,1.2,0.95,0,0.0
2025-02-01,DEMO-01,LD-01,loader,0.56,0.977,0,0.0
2025-02-02,DEMO-01,LD-01,loader,0.36,0.985,0,0.0
2025-02-03,DEMO-01,LD-01,loader,1.94,0.919,0,0.0
2025-02-04,DEMO-01,LD-01,loader,2.8,0.883,0,0.0
2025-02-05,DEMO-01,LD-01,loader,1.16,0.952,0,0.0
2025-02-06,DEMO-01,LD-01,loader,1.35,0.944,0,0.0
2025-02-07,DEMO-01,LD-01,loader,0.84,0.965,0,0.0
2025-02-08,DEMO-01,LD-01,loader,1.51,0.937,0,0.0
2025-02-09,DEMO-01,LD-01,loader,0.72,0.97,0,0.0
2025-02-10,DEMO-01,LD-01,loader,1.86,0.923,0,0.0
2025-02-11,DEMO-01,LD-01,loader,2.83,0.882,0,0.0
2025-02-12,DEMO-01,LD-01,loader,2.22,0.908,0,0.0
2025-02-13,DEMO-01,LD-01,loader,2.52,0.895,0,0.0
2025-02-14,DEMO-01,LD-01,loader,1.5,0.937,0,0.0
2025-02-15,DEMO-01,LD-01,loader,1.15,0.952,0,0.0
2025-02-16,DEMO-01,LD-01,loader,1.13,0.953,0,0.0
2025-02-17,DEMO-01,LD-01,loader,2.78,0.884,0,0.0
2025-02-18,DEMO-01,LD-01,loader,0.93,0.961,0,0.0
2025-02-19,DEMO-01,LD-01,loader,0.36,0.985,0,0.0
2025-02-20,DEMO-01,LD-01,loader,3.54,0.853,1,2.49
2025-02-21,DEMO-01,LD-01,loader,1.86,0.923,0,0.0
2025-02-22,DEMO-01,LD-01,loader,0.51,0.979,0,0.0
2025-02-23,DEMO-01,LD-01,loader,0.77,0.968,0,0.0
2025-02-24,DEMO-01,LD-01,loader,1.52,0.937,0,0.0
2025-02-25,DEMO-01,LD-01,loader,1.48,0.938,0,0.0
2025-02-26,DEMO-01,LD-01,loader,0.87,0.964,0,0.0
2025-02-27,DEMO-01,LD-01,loader,0.38,0.984,0,0.0
2025-02-28,DEMO-01,LD-01,loader,0.71,0.97,0,0.0
2025-03-01,DEMO-01,LD-01,loader,0.75,0.969,0,0.0
2025-03-02,DEMO-01,LD-01,loader,1.7,0.929,0,0.0
2025-03-03,DEMO-01,LD-01,loader,2.63,0.891,0,0.0
2025-03-04,DEMO-01,LD-01,loader,1.32,0.945,0,0.0
2025-03-05,DEMO-01,LD-01,loader,1.38,0.942,0,0.0
2025-03-06,DEMO-01,LD-01,loader,0.84,0.965,0,0.0
2025-03-07,DEMO-01,LD-01,loader,0.37,0.984,0,0.0
2025-03-08,DEMO-01,LD-01,loader,2.94,0.878,0,0.0
2025-03-09,DEMO-01,LD-01,loader,1.36,0.943,0,0.0
2025-03-10,DEMO-01,LD-01,loader,0.91,0.962,0,0.0
2025-03-11,DEMO-01,LD-01,loader,0.47,0.981,0,0.0
2025-03-12,DEMO-01,LD-01,loader,2.15,0.91,0,0.0
2025-03-13,DEMO-01,LD-01,loader,1.54,0.936,0,0.0
2025-03-14,DEMO-01,LD-01,loader,1.52,0.937,0,0.0
2025-03-15,DEMO-01,LD-01,loader,2.41,0.9,0,0.0
2025-03-16,DEMO-01,LD-01,loader,0.89,0.963,0,0.0
2025-03-17,DEMO-01,LD-01,loader,2.34,0.902,0,0.0
2025-03-18,DEMO-01,LD-01,loader,2.03,0.915,0,0.0
2025-03-19,DEMO-01,LD-01,loader,1.14,0.952,0,0.0
2025-03-20,DEMO-01,LD-01,loader,4.44,0.815,0,0.0
2025-03-21,DEMO-01,LD-01,loader,1.48,0.938,0,0.0
2025-03-22,DEMO-01,LD-01,loader,3.18,0.868,0,0.0
2025-03-23,DEMO-01,LD-01,loader,2.75,0.886,0,0.0
2025-03-24,DEMO-01,LD-01,loader,2.5,0.896,0,0.0
2025-03-25,DEMO-01,LD-01,loader,1.34,0.944,0,0.0
2025-03-26,DEMO-01,LD-01,loader,1.46,0.939,0,0.0
2025-03-27,DEMO-01,LD-01,loader,1.81,0.924,0,0.0
2025-03-28,DEMO-01,LD-01,loader,0.9,0.963,0,0.0
2025-03-29,DEMO-01,LD-01,loader,1.36,0.943,0,0.0
2025-03-30,DEMO-01,LD-01,loader,0.86,0.964,0,0.0
2025-03-31,DEMO-01,LD-01,loader,0.58,0.976,0,0.0
2025-04-01,DEMO-01,LD-01,loader,1.89,0.921,0,0.0
2025-04-02,DEMO-01,LD-01,loader,0.63,0.974,0,0.0
2025-04-03,DEMO-01,LD-01,loader,1.02,0.958,0,0.0
2025-04-04,DEMO-01,LD-01,loader,0.58,0.976,0,0.0
2025-04-05,DEMO-01,LD-01,loader,4.87,0.797,1,3.17
2025-04-06,DEMO-01,LD-01,loader,1.79,0.926,0,0.0
2025-04-07,DEMO-01,LD-01,loader,1.67,0.93,0,0.0
2025-04-08,DEMO-01,LD-01,loader,2.55,0.894,0,0.0
2025-04-09,DEMO-01,LD-01,loader,0.87,0.964,0,0.0
2025-04-10,DEMO-01,LD-01,loader,0.36,0.985,0,0.0
2025-04-11,DEMO-01,LD-01,loader,1.21,0.95,0,0.0
2025-04-12,DEMO-01,LD-01,loader,0.84,0.965,0,0.0
2025-04-13,DEMO-01,LD-01,loader,0.93,0.961,0,0.0
2025-04-14,DEMO-01,LD-01,loader,1.28,0.947,0,0.0
2025-04-15,DEMO-01,LD-01,loader,4.44,0.815,1,3.7
2025-04-16,DEMO-01,LD-01,loader,0.81,0.966,0,0.0
2025-04-17,DEMO-01,LD-01,loader,2.3,0.904,0,0.0
2025-04-18,DEMO-01,LD-01,loader,0.97,0.96,0,0.0
2025-04-19,DEMO-01,LD-01,loader,1.39,0.942,0,0.0
2025-04-20,DEMO-01,LD-01,loader,2.31,0.904,0,0.0
2025-04-21,DEMO-01,LD-01,loader,1.22,0.949,0,0.0
2025-04-22,DEMO-01,LD-01,loader,4.26,0.822,0,0.0
2025-04-23,DEMO-01,LD-01,loader,3.27,0.864,0,0.0
2025-04-24,DEMO-01,LD-01,loader,0.88,0.963,0,0.0
2025-04-25,DEMO-01,LD-01,loader,0.57,0.976,0,0.0
2025-04-26,DEMO-01,LD-01,loader,0.55,0.977,0,0.0
2025-04-27,DEMO-01,LD-01,loader,1.46,0.939,0,0.0
2025-04-28,DEMO-01,LD-01,loader,1.37,0.943,0,0.0
2025-04-29,DEMO-01,LD-01,loader,1.26,0.948,0,0.0
2025-04-30,DEMO-01,LD-01,loader,1.23,0.949,0,0.0
2025-05-01,DEMO-01,LD-01,loader,0.1,0.996,0,0.0
2025-05-02,DEMO-01,LD-01,loader,2.48,0.897,0,0.0
2025-05-03,DEMO-01,LD-01,loader,0.39,0.984,0,0.0
2025-05-04,DEMO-01,LD-01,loader,0.76,0.969,0,0.0
2025-05-05,DEMO-01,LD-01,loader,3.93,0.836,0,0.0
2025-05-06,DEMO-01,LD-01,loader,0.74,0.969,0,0.0
2025-05-07,DEMO-01,LD-01,loader,0.9,0.962,0,0.0
2025-05-08,DEMO-01,LD-01,loader,1.75,0.927,0,0.0
2025-05-09,DEMO-01,LD-01,loader,2.22,0.907,0,0.0
2025-05-10,DEMO-01,LD-01,loader,0.69,0.971,0,0.0
2025-05-11,DEMO-01,LD-01,loader,2.49,0.896,0,0.0
2025-05-12,DEMO-01,LD-01,loader,0.5,0.979,0,0.0
2025-05-13,DEMO-01,LD-01,loader,1.4,0.942,0,0.0
2025-05-14,DEMO-01,LD-01,loader,1.93,0.92,0,0.0
2025-05-15,DEMO-01,LD-01,loader,6.05,0.748,0,0.0
2025-05-16,DEMO-01,LD-01,loader,1.91,0.92,0,0.0
2025-05-17,DEMO-01,LD-01,loader,0.73,0.97,0,0.0
2025-05-18,DEMO-01,LD-01,loader,0.81,0.966,0,0.0
2025-05-19,DEMO-01,LD-01,loader,0.29,0.988,0,0.0
2025-05-20,DEMO-01,LD-01,loader,2.92,0.878,0,0.0
2025-05-21,DEMO-01,LD-01,loader,1.63,0.932,0,0.0
2025-05-22,DEMO-01,LD-01,loader,2.23,0.907,0,0.0
2025-05-23,DEMO-01,LD-01,loader,1.21,0.95,0,0.0
2025-05-24,DEMO-01,LD-01,loader,1.75,0.927,0,0.0
2025-05-25,DEMO-01,LD-01,loader,2.61,0.891,0,0.0
2025-05-26,DEMO-01,LD-01,loader,2.21,0.908,0,0.0
2025-05-27,DEMO-01,LD-01,loader,1.2,0.95,0,0.0
2025-05-28,DEMO-01,LD-01,loader,1.19,0.95,0,0.0
2025-05-29,DEMO-01,LD-01,loader,0.78,0.967,0,0.0
2025-05-30,DEMO-01,LD-01,loader,1.13,0.953,0,0.0
2025-05-31,DEMO-01,LD-01,loader,1.7,0.929,0,0.0
2025-06-01,DEMO-01,LD-01,loader,2.92,0.878,0,0.0
2025-06-02,DEMO-01,LD-01,loader,0.78,0.967,0,0.0
2025-06-03,DEMO-01,LD-01,loader,5.67,0.764,0,0.0
2025-06-04,DEMO-01,LD-01,loader,1.98,0.918,0,0.0
2025-06-05,DEMO-01,LD-01,loader,1.59,0.934,0,0.0
2025-06-06,DEMO-01,LD-01,loader,2.31,0.904,0,0.0
2025-06-07,DEMO-01,LD-01,loader,4.48,0.814,0,0.0
2025-06-08,DEMO-01,LD-01,loader,3.09,0.871,0,0.0
2025-06-09,DEMO-01,LD-01,loader,0.74,0.969,0,0.0
2025-06-10,DEMO-01,LD-01,loader,1.16,0.952,0,0.0
2025-06-11,DEMO-01,LD-01,loader,2.18,0.909,0,0.0
2025-06-12,DEMO-01,LD-01,loader,3.75,0.844,0,0.0
2025-06-13,DEMO-01,LD-01,loader,1.1,0.954,0,0.0
2025-06-14,DEMO-01,LD-01,loader,6.33,0.736,0,0.0
2025-06-15,DEMO-01,LD-01,loader,3.59,0.851,0,0.0
2025-06-16,DEMO-01,LD-01,loader,1.57,0.934,0,0.0
2025-06-17,DEMO-01,LD-01,loader,0.35,0.985,0,0.0
2025-06-18,DEMO-01,LD-01,loader,0.86,0.964,0,0.0
2025-06-19,DEMO-01,LD-01,loader,1.88,0.922,0,0.0
2025-06-20,DEMO-01,LD-01,loader,2.78,0.884,0,0.0
2025-06-21,DEMO-01,LD-01,loader,2.08,0.913,0,0.0
2025-06-22,DEMO-01,LD-01,loader,1.72,0.928,0,0.0
2025-06-23,DEMO-01,LD-01,loader,0.75,0.969,0,0.0
2025-06-24,DEMO-01,LD-01,loader,8.92,0.628,0,0.0
2025-06-25,DEMO-01,LD-01,loader,2.81,0.883,0,0.0
2025-06-26,DEMO-01,LD-01,loader,11.47,0.522,0,0.0
2025-06-27,DEMO-01,LD-01,loader,1.19,0.95,0,0.0
2025-06-28,DEMO-01,LD-01,loader,3.19,0.867,0,0.0
2025-06-29,DEMO-01,LD-01,loader,1.86,0.923,0,0.0
2025-06-30,DEMO-01,LD-01,loader,0.76,0.968,0,0.0
2025-07-01,DEMO-01,LD-01,loader,1.56,0.935,0,0.0
2025-07-02,DEMO-01,LD-01,loader,2.76,0.885,0,0.0
2025-07-03,DEMO-01,LD-01,loader,1.53,0.936,0,0.0
2025-07-04,DEMO-01,LD-01,loader,11.77,0.51,0,0.0
2025-07-05,DEMO-01,LD-01,loader,8.71,0.637,0,0.0
2025-07-06,DEMO-01,LD-01,loader,1.96,0.918,0,0.0
2025-07-07,DEMO-01,LD-01,loader,3.71,0.846,0,0.0
2025-07-08,DEMO-01,LD-01,loader,5.01,0.791,0,0.0
2025-07-09,DEMO-01,LD-01,loader,1.14,0.952,0,0.0
2025-07-10,DEMO-01,LD-01,loader,1.53,0.936,0,0.0
2025-07-11,DEMO-01,LD-01,loader,6.19,0.742,0,0.0
2025-07-12,DEMO-01,LD-01,loader,4.55,0.81,0,0.0
2025-07-13,DEMO-01,LD-01,loader,2.76,0.885,0,0.0
2025-07-14,DEMO-01,LD-01,loader,5.56,0.769,0,0.0
2025-07-15,DEMO-01,LD-01,loader,2.16,0.91,0,0.0
2025-07-16,DEMO-01,LD-01,loader,6.85,0.714,0,0.0
2025-07-17,DEMO-01,LD-01,loader,5.16,0.785,0,0.0
2025-07-18,DEMO-01,LD-01,loader,7.55,0.685,0,0.0
2025-07-19,DEMO-01,LD-01,loader,0.61,0.975,0,0.0
2025-07-20,DEMO-01,LD-01,loader,1.71,0.929,0,0.0
2025-07-21,DEMO-01,LD-01,loader,1.63,0.932,0,0.0
2025-07-22,DEMO-01,LD-01,loader,1.63,0.932,0,0.0
2025-07-23,DEMO-01,LD-01,loader,1.02,0.958,0,0.0
2025-07-24,DEMO-01,LD-01,loader,5.37,0.776,1,2.76
2025-07-25,DEMO-01,LD-01,loader,1.59,0.934,0,0.0
2025-07-26,DEMO-01,LD-01,loader,3.93,0.836,0,0.0
2025-07-27,DEMO-01,LD-01,loader,4.68,0.805,0,0.0
2025-07-28,DEMO-01,LD-01,loader,4.84,0.799,0,0.0
2025-07-29,DEMO-01,LD-01,loader,11.27,0.531,0,0.0
2025-07-30,DEMO-01,LD-01,loader,7.49,0.688,0,0.0
2025-07-31,DEMO-01,LD-01,loader,1.7,0.929,0,0.0
2025-08-01,DEMO-01,LD-01,loader,1.53,0.936,0,0.0
2025-08-02,DEMO-01,LD-01,loader,8.96,0.627,0,0.0
2025-08-03,DEMO-01,LD-01,loader,1.87,0.922,0,0.0
2025-08-04,DEMO-01,LD-01,loader,6.44,0.732,0,0.0
2025-08-05,DEMO-01,LD-01,loader,2.07,0.914,0,0.0
2025-08-06,DEMO-01,LD-01,loader,1.4,0.942,0,0.0
2025-08-07,DEMO-01,LD-01,loader,7.3,0.696,0,0.0
2025-08-08,DEMO-01,LD-01,loader,2.97,0.876,0,0.0
2025-08-09,DEMO-01,LD-01,loader,6.99,0.709,1,8.05
2025-08-10,DEMO-01,LD-01,loader,7.84,0.673,0,0.0
2025-08-11,DEMO-01,LD-01,loader,2.06,0.914,0,0.0
2025-08-12,DEMO-01,LD-01,loader,1.09,0.955,0,0.0
2025-08-13,DEMO-01,LD-01,loader,2.28,0.905,0,0.0
2025-08-14,DEMO-01,LD-01,loader,2.44,0.898,0,0.0
2025-08-15,DEMO-01,LD-01,loader,9.54,0.602,0,0.0
2025-08-16,DEMO-01,LD-01,loader,0.18,0.992,0,0.0
2025-08-17,DEMO-01,LD-01,loader,7.17,0.701,0,0.0
2025-08-18,DEMO-01,LD-01,loader,1.92,0.92,0,0.0
2025-08-19,DEMO-01,LD-01,loader,7.14,0.702,0,0.0
2025-08-20,DEMO-01,LD-01,loader,1.11,0.954,0,0.0
2025-08-21,DEMO-01,LD-01,loader,3.98,0.834,0,0.0
2025-08-22,DEMO-01,LD-01,loader,1.87,0.922,0,0.0
2025-08-23,DEMO-01,LD-01,loader,1.59,0.934,0,0.0
2025-08-24,DEMO-01,LD-01,loader,4.36,0.818,0,0.0
2025-08-25,DEMO-01,LD-01,loader,0.84,0.965,0,0.0
2025-08-26,DEMO-01,LD-01,loader,1.29,0.946,0,0.0
2025-08-27,DEMO-01,LD-01,loader,2.92,0.878,0,0.0
2025-08-28,DEMO-01,LD-01,loader,1.25,0.948,0,0.0
2025-08-29,DEMO-01,LD-01,loader,1.44,0.94,0,0.0
2025-08-30,DEMO-01,LD-01,loader,1.65,0.931,0,0.0
2025-08-31,DEMO-01,LD-01,loader,3.95,0.836,0,0.0
2025-09-01,DEMO-01,LD-01,loader,2.94,0.877,0,0.0
2025-09-02,DEMO-01,LD-01,loader,0.99,0.959,0,0.0
2025-09-03,DEMO-01,LD-01,loader,0.6,0.975,0,0.0
2025-09-04,DEMO-01,LD-01,loader,3.12,0.87,0,0.0
2025-09-05,DEMO-01,LD-01,loader,4.81,0.8,0,0.0
2025-09-06,DEMO-01,LD-01,loader,1.63,0.932,0,0.0
2025-09-07,DEMO-01,LD-01,loader,0.86,0.964,0,0.0
2025-09-08,DEMO-01,LD-01,loader,1.68,0.93,0,0.0
2025-09-09,DEMO-01,LD-01,loader,1.06,0.956,0,0.0
2025-09-10,DEMO-01,LD-01,loader,2.18,0.909,0,0.0
2025-09-11,DEMO-01,LD-01,loader,2.32,0.903,0,0.0
2025-09-12,DEMO-01,LD-01,loader,1.74,0.928,0,0.0
2025-09-13,DEMO-01,LD-01,loader,0.88,0.964,0,0.0
2025-09-14,DEMO-01,LD-01,loader,5.85,0.756,0,0.0
2025-09-15,DEMO-01,LD-01,loader,2.37,0.901,0,0.0
2025-09-16,DEMO-01,LD-01,loader,1.17,0.951,0,0.0
2025-09-17,DEMO-01,LD-01,loader,0.98,0.959,0,0.0
2025-09-18,DEMO-01,LD-01,loader,5.44,0.773,0,0.0
2025-09-19,DEMO-01,LD-01,loader,1.56,0.935,0,0.0
2025-09-20,DEMO-01,LD-01,loader,1.45,0.94,0,0.0
2025-09-21,DEMO-01,LD-01,loader,3.69,0.846,0,0.0
2025-09-22,DEMO-01,LD-01,loader,0.61,0.974,0,0.0
2025-09-23,DEMO-01,LD-01,loader,2.3,0.904,0,0.0
2025-09-24,DEMO-01,LD-01,loader,0.82,0.966,0,0.0
2025-09-25,DEMO-01,LD-01,loader,1.61,0.933,0,0.0
2025-09-26,DEMO-01,LD-01,loader,1.56,0.935,0,0.0
2025-09-27,DEMO-01,LD-01,loader,0.36,0.985,0,0.0
2025-09-28,DEMO-01,LD-01,loader,1.61,0.933,0,0.0
2025-09-29,DEMO-01,LD-01,loader,1.36,0.943,0,0.0
2025-09-30,DEMO-01,LD-01,loader,2.48,0.896,0,0.0
2025-10-01,DEMO-01,LD-01,loader,1.69,0.93,0,0.0
2025-10-02,DEMO-01,LD-01,loader,1.8,0.925,0,0.0
2025-10-03,DEMO-01,LD-01,loader,2.24,0.907,0,0.0
2025-10-04,DEMO-01,LD-01,loader,1.31,0.945,0,0.0
2025-10-05,DEMO-01,LD-01,loader,1.65,0.931,0,0.0
2025-10-06,DEMO-01,LD-01,loader,0.37,0.984,0,0.0
2025-10-07,DEMO-01,LD-01,loader,0.13,0.995,0,0.0
2025-10-08,DEMO-01,LD-01,loader,1.89,0.921,1,1.62
2025-10-09,DEMO-01,LD-01,loader,0.86,0.964,0,0.0
2025-10-10,DEMO-01,LD-01,loader,0.75,0.969,0,0.0
2025-10-11,DEMO-01,LD-01,loader,1.64,0.932,0,0.0
2025-10-12,DEMO-01,LD-01,loader,0.66,0.973,0,0.0
2025-10-13,DEMO-01,LD-01,loader,0.91,0.962,0,0.0
2025-10-14,DEMO-01,LD-01,loader,1.89,0.921,0,0.0
2025-10-15,DEMO-01,LD-01,loader,0.4,0.983,0,0.0
2025-10-16,DEMO-01,LD-01,loader,1.44,0.94,0,0.0
2025-10-17,DEMO-01,LD-01,loader,3.03,0.874,0,0.0
2025-10-18,DEMO-01,LD-01,loader,1.1,0.954,0,0.0
2025-10-19,DEMO-01,LD-01,loader,2.01,0.916,0,0.0
2025-10-20,DEMO-01,LD-01,loader,1.26,0.948,0,0.0
2025-10-21,DEMO-01,LD-01,loader,1.03,0.957,0,0.0
2025-10-22,DEMO-01,LD-01,loader,2.37,0.901,0,0.0
2025-10-23,DEMO-01,LD-01,loader,2.81,0.883,0,0.0
2025-10-24,DEMO-01,LD-01,loader,0.27,0.989,0,0.0
2025-10-25,DEMO-01,LD-01,loader,0.7,0.971,0,0.0
2025-10-26,DEMO-01,LD-01,loader,2.74,0.886,0,0.0
2025-10-27,DEMO-01,LD-01,loader,2.01,0.916,0,0.0
2025-10-28,DEMO-01,LD-01,loader,3.33,0.861,0,0.0
2025-10-29,DEMO-01,LD-01,loader,1.06,0.956,0,0.0
2025-10-30,DEMO-01,LD-01,loader,0.82,0.966,0,0.0
2025-10-31,DEMO-01,LD-01,loader,1.61,0.933,0,0.0
2025-11-01,DEMO-01,LD-01,loader,1.14,0.953,0,0.0
2025-11-02,DEMO-01,LD-01,loader,1.02,0.957,0,0.0
2025-11-03,DEMO-01,LD-01,loader,3.69,0.846,0,0.0
2025-11-04,DEMO-01,LD-01,loader,1.22,0.949,0,0.0
2025-11-05,DEMO-01,LD-01,loader,4.21,0.825,0,0.0
2025-11-06,DEMO-01,LD-01,loader,0.33,0.986,0,0.0
2025-11-07,DEMO-01,LD-01,loader,0.71,0.97,0,0.0
2025-11-08,DEMO-01,LD-01,loader,1.02,0.957,0,0.0
2025-11-09,DEMO-01,LD-01,loader,8.03,0.665,0,0.0
2025-11-10,DEMO-01,LD-01,loader,0.37,0.984,0,0.0
2025-11-11,DEMO-01,LD-01,loader,0.3,0.988,0,0.0
2025-11-12,DEMO-01,LD-01,loader,1.85,0.923,0,0.0
2025-11-13,DEMO-01,LD-01,loader,0.59,0.975,0,0.0
2025-11-14,DEMO-01,LD-01,loader,1.8,0.925,0,0.0
2025-11-15,DEMO-01,LD-01,loader,1.46,0.939,0,0.0
2025-11-16,DEMO-01,LD-01,loader,0.45,0.981,0,0.0
2025-11-17,DEMO-01,LD-01,loader,1.12,0.953,0,0.0
2025-11-18,DEMO-01,LD-01,loader,1.17,0.951,0,0.0
2025-11-19,DEMO-01,LD-01,loader,0.94,0.961,0,0.0
2025-11-20,DEMO-01,LD-01,loader,5.95,0.752,1,5.91
2025-11-21,DEMO-01,LD-01,loader,1.98,0.918,0,0.0
2025-11-22,DEMO-01,LD-01,loader,1.93,0.92,0,0.0
2025-11-23,DEMO-01,LD-01,loader,3.66,0.848,1,3.35
2025-11-24,DEMO-01,LD-01,loader,1.96,0.918,0,0.0
2025-11-25,DEMO-01,LD-01,loader,0.72,0.97,0,0.0
2025-11-26,DEMO-01,LD-01,loader,1.07,0.956,0,0.0
2025-11-27,DEMO-01,LD-01,loader,0.49,0.979,0,0.0
2025-11-28,DEMO-01,LD-01,loader,4.41,0.816,0,0.0
2025-11-29,DEMO-01,LD-01,loader,0.9,0.963,0,0.0
2025-11-30,DEMO-01,LD-01,loader,0.78,0.967,0,0.0
2025-12-01,DEMO-01,LD-01,loader,1.02,0.958,0,0.0
2025-12-02,DEMO-01,LD-01,loader,0.48,0.98,0,0.0
2025-12-03,DEMO-01,LD-01,loader,8.58,0.642,1,9.33
2025-12-04,DEMO-01,LD-01,loader,0.67,0.972,0,0.0
2025-12-05,DEMO-01,LD-01,loader,1.02,0.957,0,0.0
2025-12-06,DEMO-01,LD-01,loader,3.75,0.844,0,0.0
2025-12-07,DEMO-01,LD-01,loader,1.84,0.923,0,0.0
2025-12-08,DEMO-01,LD-01,loader,2.57,0.893,0,0.0
2025-12-09,DEMO-01,LD-01,loader,1.75,0.927,0,0.0
2025-12-10,DEMO-01,LD-01,loader,1.08,0.955,0,0.0
2025-12-11,DEMO-01,LD-01,loader,0.82,0.966,0,0.0
2025-12-12,DEMO-01,LD-01,loader,3.4,0.858,1,2.14
2025-12-13,DEMO-01,LD-01,loader,1.56,0.935,0,0.0
2025-12-14,DEMO-01,LD-01,loader,2.11,0.912,0,0.0
2025-12-15,DEMO-01,LD-01,loader,0.17,0.993,0,0.0
2025-12-16,DEMO-01,LD-01,loader,0.55,0.977,0,0.0
2025-12-17,DEMO-01,LD-01,loader,1.49,0.938,0,0.0
2025-12-18,DEMO-01,LD-01,loader,1.69,0.93,0,0.0
2025-12-19,DEMO-01,LD-01,loader,0.27,0.989,0,0.0
2025-12-20,DEMO-01,LD-01,loader,2.93,0.878,0,0.0
2025-12-21,DEMO-01,LD-01,loader,1.52,0.937,0,0.0
2025-12-22,DEMO-01,LD-01,loader,4.28,0.822,0,0.0
2025-12-23,DEMO-01,LD-01,loader,4.78,0.801,0,0.0
2025-12-24,DEMO-01,LD-01,loader,3.1,0.871,0,0.0
2025-12-25,DEMO-01,LD-01,loader,4.34,0.819,0,0.0
2025-12-26,DEMO-01,LD-01,loader,0.96,0.96,0,0.0
2025-12-27,DEMO-01,LD-01,loader,2.66,0.889,0,0.0
2025-12-28,DEMO-01,LD-01,loader,2.77,0.885,0,0.0
2025-12-29,DEMO-01,LD-01,loader,1.73,0.928,0,0.0
2025-12-30,DEMO-01,LD-01,loader,0.97,0.96,0,0.0
2025-12-31,DEMO-01,LD-01,loader,0.44,0.982,0,0.0
2023-01-01,DEMO-01,DZ-01,dozer,0.92,0.962,0,0.0
2023-01-02,DEMO-01,DZ-01,dozer,1.3,0.946,0,0.0
2023-01-03,DEMO-01,DZ-01,dozer,3.26,0.864,0,0.0
2023-01-04,DEMO-01,DZ-01,dozer,1.29,0.946,0,0.0
2023-01-05,DEMO-01,DZ-01,dozer,2.24,0.907,0,0.0
2023-01-06,DEMO-01,DZ-01,dozer,0.23,0.991,0,0.0
2023-01-07,DEMO-01,DZ-01,dozer,0.42,0.983,0,0.0
2023-01-08,DEMO-01,DZ-01,dozer,0.61,0.975,0,0.0
2023-01-09,DEMO-01,DZ-01,dozer,0.54,0.977,0,0.0
2023-01-10,DEMO-01,DZ-01,dozer,0.7,0.971,0,0.0
2023-01-11,DEMO-01,DZ-01,dozer,1.04,0.957,0,0.0
2023-01-12,DEMO-01,DZ-01,dozer,3.24,0.865,0,0.0
2023-01-13,DEMO-01,DZ-01,dozer,1.38,0.943,0,0.0
2023-01-14,DEMO-01,DZ-01,dozer,0.73,0.97,0,0.0
2023-01-15,DEMO-01,DZ-01,dozer,1.13,0.953,0,0.0
2023-01-16,DEMO-01,DZ-01,dozer,1.01,0.958,0,0.0
2023-01-17,DEMO-01,DZ-01,dozer,0.51,0.979,0,0.0
2023-01-18,DEMO-01,DZ-01,dozer,0.16,0.993,0,0.0
2023-01-19,DEMO-01,DZ-01,dozer,1.73,0.928,0,0.0
2023-01-20,DEMO-01,DZ-01,dozer,0.6,0.975,0,0.0
2023-01-21,DEMO-01,DZ-01,dozer,0.69,0.971,0,0.0
2023-01-22,DEMO-01,DZ-01,dozer,1.2,0.95,0,0.0
2023-01-23,DEMO-01,DZ-01,dozer,1.55,0.936,0,0.0
2023-01-24,DEMO-01,DZ-01,dozer,1.46,0.939,0,0.0
2023-01-25,DEMO-01,DZ-01,dozer,1.33,0.945,0,0.0
2023-01-26,DEMO-01,DZ-01,dozer,2.18,0.909,0,0.0
2023-01-27,DEMO-01,DZ-01,dozer,1.61,0.933,0,0.0
2023-01-28,DEMO-01,DZ-01,dozer,8.87,0.63,1,9.18
2023-01-29,DEMO-01,DZ-01,dozer,0.47,0.981,0,0.0
2023-01-30,DEMO-01,DZ-01,dozer,1.31,0.945,0,0.0
2023-01-31,DEMO-01,DZ-01,dozer,0.19,0.992,0,0.0
2023-02-01,DEMO-01,DZ-01,dozer,1.09,0.955,0,0.0
2023-02-02,DEMO-01,DZ-01,dozer,1.19,0.95,0,0.0
2023-02-03,DEMO-01,DZ-01,dozer,1.22,0.949,0,0.0
2023-02-04,DEMO-01,DZ-01,dozer,1.19,0.951,0,0.0
2023-02-05,DEMO-01,DZ-01,dozer,8.03,0.665,1,8.29
2023-02-06,DEMO-01,DZ-01,dozer,2.05,0.914,0,0.0
2023-02-07,DEMO-01,DZ-01,dozer,5.7,0.762,1,3.41
2023-02-08,DEMO-01,DZ-01,dozer,3.66,0.847,0,0.0
2023-02-09,DEMO-01,DZ-01,dozer,1.48,0.938,0,0.0
2023-02-10,DEMO-01,DZ-01,dozer,0.45,0.981,0,0.0
2023-02-11,DEMO-01,DZ-01,dozer,0.88,0.963,0,0.0
2023-02-12,DEMO-01,DZ-01,dozer,0.14,0.994,0,0.0
2023-02-13,DEMO-01,DZ-01,dozer,1.47,0.939,0,0.0
2023-02-14,DEMO-01,DZ-01,dozer,0.18,0.993,0,0.0
2023-02-15,DEMO-01,DZ-01,dozer,2.42,0.899,0,0.0
2023-02-16,DEMO-01,DZ-01,dozer,0.83,0.965,0,0.0
2023-02-17,DEMO-01,DZ-01,dozer,3.75,0.844,0,0.0
2023-02-18,DEMO-01,DZ-01,dozer,3.69,0.846,1,3.64
2023-02-19,DEMO-01,DZ-01,dozer,3.58,0.851,1,3.57
2023-02-20,DEMO-01,DZ-01,dozer,0.31,0.987,0,0.0
2023-02-21,DEMO-01,DZ-01,dozer,0.56,0.977,0,0.0
2023-02-22,DEMO-01,DZ-01,dozer,0.98,0.959,0,0.0
2023-02-23,DEMO-01,DZ-01,dozer,0.44,0.982,0,0.0
2023-02-24,DEMO-01,DZ-01,dozer,0.97,0.96,0,0.0
2023-02-25,DEMO-01,DZ-01,dozer,0.39,0.984,0,0.0
2023-02-26,DEMO-01,DZ-01,dozer,1.09,0.954,0,0.0
2023-02-27,DEMO-01,DZ-01,dozer,1.4,0.941,0,0.0
2023-02-28,DEMO-01,DZ-01,dozer,0.68,0.972,0,0.0
2023-03-01,DEMO-01,DZ-01,dozer,1.83,0.924,0,0.0
2023-03-02,DEMO-01,DZ-01,dozer,1.72,0.928,0,0.0
2023-03-03,DEMO-01,DZ-01,dozer,0.35,0.986,0,0.0
2023-03-04,DEMO-01,DZ-01,dozer,0.07,0.997,0,0.0
2023-03-05,DEMO-01,DZ-01,dozer,0.95,0.96,0,0.0
2023-03-06,DEMO-01,DZ-01,dozer,1.13,0.953,0,0.0
2023-03-07,DEMO-01,DZ-01,dozer,0.98,0.959,0,0.0
2023-03-08,DEMO-01,DZ-01,dozer,0.25,0.99,0,0.0
2023-03-09,DEMO-01,DZ-01,dozer,1.21,0.95,0,0.0
2023-03-10,DEMO-01,DZ-01,dozer,0.71,0.971,0,0.0
2023-03-11,DEMO-01,DZ-01,dozer,4.68,0.805,1,4.74
2023-03-12,DEMO-01,DZ-01,dozer,0.94,0.961,0,0.0
2023-03-13,DEMO-01,DZ-01,dozer,1.41,0.941,0,0.0
2023-03-14,DEMO-01,DZ-01,dozer,0.79,0.967,0,0.0
2023-03-15,DEMO-01,DZ-01,dozer,0.8,0.967,0,0.0
2023-03-16,DEMO-01,DZ-01,dozer,2.55,0.894,0,0.0
2023-03-17,DEMO-01,DZ-01,dozer,0.33,0.986,0,0.0
2023-03-18,DEMO-01,DZ-01,dozer,1.31,0.945,0,0.0
2023-03-19,DEMO-01,DZ-01,dozer,0.7,0.971,0,0.0
2023-03-20,DEMO-01,DZ-01,dozer,2.81,0.883,0,0.0
2023-03-21,DEMO-01,DZ-01,dozer,0.69,0.971,0,0.0
2023-03-22,DEMO-01,DZ-01,dozer,1.05,0.956,0,0.0
2023-03-23,DEMO-01,DZ-01,dozer,0.73,0.97,0,0.0
2023-03-24,DEMO-01,DZ-01,dozer,0.85,0.965,0,0.0
2023-03-25,DEMO-01,DZ-01,dozer,1.78,0.926,0,0.0
2023-03-26,DEMO-01,DZ-01,dozer,1.23,0.949,0,0.0
2023-03-27,DEMO-01,DZ-01,dozer,2.79,0.884,0,0.0
2023-03-28,DEMO-01,DZ-01,dozer,1.58,0.934,0,0.0
2023-03-29,DEMO-01,DZ-01,dozer,3.16,0.868,0,0.0
2023-03-30,DEMO-01,DZ-01,dozer,1.43,0.94,0,0.0
2023-03-31,DEMO-01,DZ-01,dozer,0.78,0.967,0,0.0
2023-04-01,DEMO-01,DZ-01,dozer,1.9,0.921,0,0.0
2023-04-02,DEMO-01,DZ-01,dozer,0.18,0.992,0,0.0
2023-04-03,DEMO-01,DZ-01,dozer,1.38,0.942,0,0.0
2023-04-04,DEMO-01,DZ-01,dozer,1.2,0.95,0,0.0
2023-04-05,DEMO-01,DZ-01,dozer,0.29,0.988,0,0.0
2023-04-06,DEMO-01,DZ-01,dozer,1.12,0.954,0,0.0
2023-04-07,DEMO-01,DZ-01,dozer,1.9,0.921,0,0.0
2023-04-08,DEMO-01,DZ-01,dozer,0.55,0.977,0,0.0
2023-04-09,DEMO-01,DZ-01,dozer,0.4,0.983,0,0.0
2023-04-10,DEMO-01,DZ-01,dozer,1.82,0.924,0,0.0
2023-04-11,DEMO-01,DZ-01,dozer,0.62,0.974,0,0.0
2023-04-12,DEMO-01,DZ-01,dozer,3.0,0.875,0,0.0
2023-04-13,DEMO-01,DZ-01,dozer,0.87,0.964,0,0.0
2023-04-14,DEMO-01,DZ-01,dozer,1.07,0.955,0,0.0
2023-04-15,DEMO-01,DZ-01,dozer,0.38,0.984,0,0.0
2023-04-16,DEMO-01,DZ-01,dozer,2.5,0.896,0,0.0
2023-04-17,DEMO-01,DZ-01,dozer,1.86,0.923,0,0.0
2023-04-18,DEMO-01,DZ-01,dozer,0.28,0.988,0,0.0
2023-04-19,DEMO-01,DZ-01,dozer,1.71,0.929,0,0.0
2023-04-20,DEMO-01,DZ-01,dozer,0.33,0.986,0,0.0
2023-04-21,DEMO-01,DZ-01,dozer,0.56,0.977,0,0.0
2023-04-22,DEMO-01,DZ-01,dozer,1.89,0.921,0,0.0
2023-04-23,DEMO-01,DZ-01,dozer,1.0,0.958,0,0.0
2023-04-24,DEMO-01,DZ-01,dozer,0.79,0.967,0,0.0
2023-04-25,DEMO-01,DZ-01,dozer,4.13,0.828,0,0.0
2023-04-26,DEMO-01,DZ-01,dozer,0.8,0.967,0,0.0
2023-04-27,DEMO-01,DZ-01,dozer,0.93,0.961,0,0.0
2023-04-28,DEMO-01,DZ-01,dozer,0.89,0.963,0,0.0
2023-04-29,DEMO-01,DZ-01,dozer,0.49,0.98,0,0.0
2023-04-30,DEMO-01,DZ-01,dozer,1.97,0.918,0,0.0
2023-05-01,DEMO-01,DZ-01,dozer,0.89,0.963,0,0.0
2023-05-02,DEMO-01,DZ-01,dozer,0.14,0.994,0,0.0
2023-05-03,DEMO-01,DZ-01,dozer,0.21,0.991,0,0.0
2023-05-04,DEMO-01,DZ-01,dozer,0.86,0.964,0,0.0
2023-05-05,DEMO-01,DZ-01,dozer,2.08,0.913,0,0.0
2023-05-06,DEMO-01,DZ-01,dozer,0.96,0.96,0,0.0
2023-05-07,DEMO-01,DZ-01,dozer,1.37,0.943,0,0.0
2023-05-08,DEMO-01,DZ-01,dozer,2.67,0.889,0,0.0
2023-05-09,DEMO-01,DZ-01,dozer,2.09,0.913,0,0.0
2023-05-10,DEMO-01,DZ-01,dozer,2.08,0.914,0,0.0
2023-05-11,DEMO-01,DZ-01,dozer,1.41,0.941,0,0.0
2023-05-12,DEMO-01,DZ-01,dozer,1.45,0.939,0,0.0
2023-05-13,DEMO-01,DZ-01,dozer,1.97,0.918,0,0.0
2023-05-14,DEMO-01,DZ-01,dozer,0.65,0.973,0,0.0
2023-05-15,DEMO-01,DZ-01,dozer,0.91,0.962,0,0.0
2023-05-16,DEMO-01,DZ-01,dozer,3.7,0.846,0,0.0
2023-05-17,DEMO-01,DZ-01,dozer,3.0,0.875,0,0.0
2023-05-18,DEMO-01,DZ-01,dozer,3.42,0.858,0,0.0
2023-05-19,DEMO-01,DZ-01,dozer,1.84,0.923,0,0.0
2023-05-20,DEMO-01,DZ-01,dozer,1.96,0.918,0,0.0
2023-05-21,DEMO-01,DZ-01,dozer,2.2,0.908,0,0.0
2023-05-22,DEMO-01,DZ-01,dozer,0.28,0.988,0,0.0
2023-05-23,DEMO-01,DZ-01,dozer,0.52,0.978,0,0.0
2023-05-24,DEMO-01,DZ-01,dozer,6.5,0.729,1,7.45
2023-05-25,DEMO-01,DZ-01,dozer,2.43,0.899,0,0.0
2023-05-26,DEMO-01,DZ-01,dozer,1.58,0.934,0,0.0
2023-05-27,DEMO-01,DZ-01,dozer,0.88,0.964,0,0.0
2023-05-28,DEMO-01,DZ-01,dozer,0.98,0.959,0,0.0
2023-05-29,DEMO-01,DZ-01,dozer,0.97,0.96,0,0.0
2023-05-30,DEMO-01,DZ-01,dozer,2.58,0.893,0,0.0
2023-05-31,DEMO-01,DZ-01,dozer,2.93,0.878,0,0.0
2023-06-01,DEMO-01,DZ-01,dozer,1.2,0.95,0,0.0
2023-06-02,DEMO-01,DZ-01,dozer,4.0,0.833,1,3.08
2023-06-03,DEMO-01,DZ-01,dozer,2.35,0.902,0,0.0
2023-06-04,DEMO-01,DZ-01,dozer,5.2,0.783,1,2.58
2023-06-05,DEMO-01,DZ-01,dozer,6.01,0.75,1,6.45
2023-06-06,DEMO-01,DZ-01,dozer,9.51,0.604,1,9.13
2023-06-07,DEMO-01,DZ-01,dozer,4.34,0.819,1,3.58
2023-06-08,DEMO-01,DZ-01,dozer,0.24,0.99,0,0.0
2023-06-09,DEMO-01,DZ-01,dozer,0.79,0.967,0,0.0
2023-06-10,DEMO-01,DZ-01,dozer,0.78,0.967,0,0.0
2023-06-11,DEMO-01,DZ-01,dozer,1.6,0.933,0,0.0
2023-06-12,DEMO-01,DZ-01,dozer,2.63,0.891,0,0.0
2023-06-13,DEMO-01,DZ-01,dozer,2.85,0.881,0,0.0
2023-06-14,DEMO-01,DZ-01,dozer,1.54,0.936,0,0.0
2023-06-15,DEMO-01,DZ-01,dozer,1.15,0.952,0,0.0
2023-06-16,DEMO-01,DZ-01,dozer,0.25,0.99,0,0.0
2023-06-17,DEMO-01,DZ-01,dozer,2.8,0.883,0,0.0
2023-06-18,DEMO-01,DZ-01,dozer,5.88,0.755,0,0.0
2023-06-19,DEMO-01,DZ-01,dozer,2.32,0.903,0,0.0
2023-06-20,DEMO-01,DZ-01,dozer,1.42,0.941,0,0.0
2023-06-21,DEMO-01,DZ-01,dozer,1.49,0.938,0,0.0
2023-06-22,DEMO-01,DZ-01,dozer,1.77,0.926,0,0.0
2023-06-23,DEMO-01,DZ-01,dozer,6.54,0.727,0,0.0
2023-06-24,DEMO-01,DZ-01,dozer,0.63,0.974,0,0.0
2023-06-25,DEMO-01,DZ-01,dozer,3.05,0.873,0,0.0
2023-06-26,DEMO-01,DZ-01,dozer,2.86,0.881,0,0.0
2023-06-27,DEMO-01,DZ-01,dozer,3.8,0.842,0,0.0
2023-06-28,DEMO-01,DZ-01,dozer,9.6,0.6,0,0.0
2023-06-29,DEMO-01,DZ-01,dozer,1.04,0.956,0,0.0
2023-06-30,DEMO-01,DZ-01,dozer,8.57,0.643,0,0.0
2023-07-01,DEMO-01,DZ-01,dozer,5.46,0.772,0,0.0
2023-07-02,DEMO-01,DZ-01,dozer,1.85,0.923,0,0.0
2023-07-03,DEMO-01,DZ-01,dozer,0.46,0.981,0,0.0
2023-07-04,DEMO-01,DZ-01,dozer,3.82,0.841,0,0.0
2023-07-05,DEMO-01,DZ-01,dozer,2.17,0.909,0,0.0
2023-07-06,DEMO-01,DZ-01,dozer,3.16,0.868,0,0.0
2023-07-07,DEMO-01,DZ-01,dozer,2.81,0.883,0,0.0
2023-07-08,DEMO-01,DZ-01,dozer,3.45,0.856,0,0.0
2023-07-09,DEMO-01,DZ-01,dozer,2.45,0.898,0,0.0
2023-07-10,DEMO-01,DZ-01,dozer,4.45,0.815,0,0.0
2023-07-11,DEMO-01,DZ-01,dozer,2.6,0.892,0,0.0
2023-07-12,DEMO-01,DZ-01,dozer,3.4,0.858,0,0.0
2023-07-13,DEMO-01,DZ-01,dozer,10.63,0.557,0,0.0
2023-07-14,DEMO-01,DZ-01,dozer,0.41,0.983,0,0.0
2023-07-15,DEMO-01,DZ-01,dozer,3.75,0.844,0,0.0
2023-07-16,DEMO-01,DZ-01,dozer,12.03,0.499,0,0.0
2023-07-17,DEMO-01,DZ-01,dozer,5.06,0.789,0,0.0
2023-07-18,DEMO-01,DZ-01,dozer,12.48,0.48,0,0.0
2023-07-19,DEMO-01,DZ-01,dozer,3.78,0.842,0,0.0
2023-07-20,DEMO-01,DZ-01,dozer,12.46,0.481,0,0.0
2023-07-21,DEMO-01,DZ-01,dozer,5.79,0.759,0,0.0
2023-07-22,DEMO-01,DZ-01,dozer,4.41,0.816,0,0.0
2023-07-23,DEMO-01,DZ-01,dozer,1.57,0.934,0,0.0
2023-07-24,DEMO-01,DZ-01,dozer,7.68,0.68,0,0.0
2023-07-25,DEMO-01,DZ-01,dozer,0.39,0.984,0,0.0
2023-07-26,DEMO-01,DZ-01,dozer,22.0,0.083,1,8.35
2023-07-27,DEMO-01,DZ-01,dozer,10.19,0.575,0,0.0
2023-07-28,DEMO-01,DZ-01,dozer,4.54,0.811,0,0.0
2023-07-29,DEMO-01,DZ-01,dozer,5.53,0.77,0,0.0
2023-07-30,DEMO-01,DZ-01,dozer,4.48,0.813,0,0.0
2023-07-31,DEMO-01,DZ-01,dozer,1.85,0.923,0,0.0
2023-08-01,DEMO-01,DZ-01,dozer,2.47,0.897,0,0.0
2023-08-02,DEMO-01,DZ-01,dozer,1.99,0.917,0,0.0
2023-08-03,DEMO-01,DZ-01,dozer,7.2,0.7,0,0.0
2023-08-04,DEMO-01,DZ-01,dozer,8.74,0.636,0,0.0
2023-08-05,DEMO-01,DZ-01,dozer,5.73,0.761,0,0.0
2023-08-06,DEMO-01,DZ-01,dozer,1.38,0.942,0,0.0
2023-08-07,DEMO-01,DZ-01,dozer,0.33,0.986,0,0.0
2023-08-08,DEMO-01,DZ-01,dozer,2.3,0.904,0,0.0
2023-08-09,DEMO-01,DZ-01,dozer,1.21,0.949,0,0.0
2023-08-10,DEMO-01,DZ-01,dozer,6.14,0.744,1,3.35
2023-08-11,DEMO-01,DZ-01,dozer,1.63,0.932,0,0.0
2023-08-12,DEMO-01,DZ-01,dozer,0.71,0.97,0,0.0
2023-08-13,DEMO-01,DZ-01,dozer,6.89,0.713,0,0.0
2023-08-14,DEMO-01,DZ-01,dozer,1.95,0.919,0,0.0
2023-08-15,DEMO-01,DZ-01,dozer,1.51,0.937,0,0.0
2023-08-16,DEMO-01,DZ-01,dozer,1.19,0.951,0,0.0
2023-08-17,DEMO-01,DZ-01,dozer,0.5,0.979,0,0.0
2023-08-18,DEMO-01,DZ-01,dozer,2.09,0.913,0,0.0
2023-08-19,DEMO-01,DZ-01,dozer,0.49,0.979,0,0.0
2023-08-20,DEMO-01,DZ-01,dozer,3.97,0.834,0,0.0
2023-08-21,DEMO-01,DZ-01,dozer,1.06,0.956,0,0.0
2023-08-22,DEMO-01,DZ-01,dozer,1.89,0.921,1,1.51
2023-08-23,DEMO-01,DZ-01,dozer,2.58,0.893,0,0.0
2023-08-24,DEMO-01,DZ-01,dozer,2.18,0.909,0,0.0
2023-08-25,DEMO-01,DZ-01,dozer,4.5,0.812,0,0.0
2023-08-26,DEMO-01,DZ-01,dozer,2.5,0.896,0,0.0
2023-08-27,DEMO-01,DZ-01,dozer,1.95,0.919,0,0.0
2023-08-28,DEMO-01,DZ-01,dozer,0.93,0.961,0,0.0
2023-08-29,DEMO-01,DZ-01,dozer,1.29,0.946,0,0.0
2023-08-30,DEMO-01,DZ-01,dozer,6.41,0.733,0,0.0
2023-08-31,DEMO-01,DZ-01,dozer,3.93,0.836,0,0.0
2023-09-01,DEMO-01,DZ-01,dozer,5.08,0.788,1,2.52
2023-09-02,DEMO-01,DZ-01,dozer,0.83,0.965,0,0.0
2023-09-03,DEMO-01,DZ-01,dozer,1.56,0.935,0,0.0
2023-09-04,DEMO-01,DZ-01,dozer,0.38,0.984,0,0.0
2023-09-05,DEMO-01,DZ-01,dozer,0.22,0.991,0,0.0
2023-09-06,DEMO-01,DZ-01,dozer,1.54,0.936,0,0.0
2023-09-07,DEMO-01,DZ-01,dozer,2.94,0.877,0,0.0
2023-09-08,DEMO-01,DZ-01,dozer,0.24,0.99,0,0.0
2023-09-09,DEMO-01,DZ-01,dozer,3.56,0.852,0,0.0
2023-09-10,DEMO-01,DZ-01,dozer,1.08,0.955,0,0.0
2023-09-11,DEMO-01,DZ-01,dozer,5.83,0.757,1,4.27
2023-09-12,DEMO-01,DZ-01,dozer,8.17,0.66,1,8.31
2023-09-13,DEMO-01,DZ-01,dozer,0.7,0.971,0,0.0
2023-09-14,DEMO-01,DZ-01,dozer,7.09,0.705,1,5.97
2023-09-15,DEMO-01,DZ-01,dozer,8.39,0.651,1,6.88
2023-09-16,DEMO-01,DZ-01,dozer,2.61,0.891,0,0.0
2023-09-17,DEMO-01,DZ-01,dozer,1.64,0.931,0,0.0
2023-09-18,DEMO-01,DZ-01,dozer,4.24,0.823,0,0.0
2023-09-19,DEMO-01,DZ-01,dozer,1.46,0.939,0,0.0
2023-09-20,DEMO-01,DZ-01,dozer,3.84,0.84,0,0.0
2023-09-21,DEMO-01,DZ-01,dozer,1.65,0.931,0,0.0
2023-09-22,DEMO-01,DZ-01,dozer,2.01,0.916,0,0.0
2023-09-23,DEMO-01,DZ-01,dozer,3.03,0.874,0,0.0
2023-09-24,DEMO-01,DZ-01,dozer,1.32,0.945,0,0.0
2023-09-25,DEMO-01,DZ-01,dozer,1.12,0.954,0,0.0
2023-09-26,DEMO-01,DZ-01,dozer,1.21,0.95,0,0.0
2023-09-27,DEMO-01,DZ-01,dozer,1.25,0.948,0,0.0
2023-09-28,DEMO-01,DZ-01,dozer,0.95,0.96,0,0.0
2023-09-29,DEMO-01,DZ-01,dozer,2.34,0.903,0,0.0
2023-09-30,DEMO-01,DZ-01,dozer,2.7,0.888,0,0.0
2023-10-01,DEMO-01,DZ-01,dozer,0.66,0.973,0,0.0
2023-10-02,DEMO-01,DZ-01,dozer,2.48,0.897,0,0.0
2023-10-03,DEMO-01,DZ-01,dozer,0.96,0.96,0,0.0
2023-10-04,DEMO-01,DZ-01,dozer,0.79,0.967,0,0.0
2023-10-05,DEMO-01,DZ-01,dozer,2.15,0.911,0,0.0
2023-10-06,DEMO-01,DZ-01,dozer,2.85,0.881,0,0.0
2023-10-07,DEMO-01,DZ-01,dozer,2.02,0.916,0,0.0
2023-10-08,DEMO-01,DZ-01,dozer,2.23,0.907,0,0.0
2023-10-09,DEMO-01,DZ-01,dozer,1.62,0.933,0,0.0
2023-10-10,DEMO-01,DZ-01,dozer,0.16,0.993,0,0.0
2023-10-11,DEMO-01,DZ-01,dozer,0.12,0.995,0,0.0
2023-10-12,DEMO-01,DZ-01,dozer,0.07,0.997,0,0.0
2023-10-13,DEMO-01,DZ-01,dozer,3.23,0.865,0,0.0
2023-10-14,DEMO-01,DZ-01,dozer,0.61,0.975,0,0.0
2023-10-15,DEMO-01,DZ-01,dozer,0.56,0.977,0,0.0
2023-10-16,DEMO-01,DZ-01,dozer,2.97,0.876,0,0.0
2023-10-17,DEMO-01,DZ-01,dozer,1.44,0.94,0,0.0
2023-10-18,DEMO-01,DZ-01,dozer,0.72,0.97,0,0.0
2023-10-19,DEMO-01,DZ-01,dozer,3.34,0.861,1,3.18
2023-10-20,DEMO-01,DZ-01,dozer,1.35,0.944,0,0.0
2023-10-21,DEMO-01,DZ-01,dozer,0.26,0.989,0,0.0
2023-10-22,DEMO-01,DZ-01,dozer,1.73,0.928,0,0.0
2023-10-23,DEMO-01,DZ-01,dozer,1.21,0.95,0,0.0
2023-10-24,DEMO-01,DZ-01,dozer,2.42,0.899,0,0.0
2023-10-25,DEMO-01,DZ-01,dozer,0.64,0.973,0,0.0
2023-10-26,DEMO-01,DZ-01,dozer,1.15,0.952,0,0.0
2023-10-27,DEMO-01,DZ-01,dozer,1.15,0.952,0,0.0
2023-10-28,DEMO-01,DZ-01,dozer,0.91,0.962,0,0.0
2023-10-29,DEMO-01,DZ-01,dozer,1.16,0.952,0,0.0
2023-10-30,DEMO-01,DZ-01,dozer,0.85,0.965,0,0.0
2023-10-31,DEMO-01,DZ-01,dozer,4.14,0.828,0,0.0
2023-11-01,DEMO-01,DZ-01,dozer,1.98,0.917,0,0.0
2023-11-02,DEMO-01,DZ-01,dozer,3.03,0.874,0,0.0
2023-11-03,DEMO-01,DZ-01,dozer,2.1,0.913,0,0.0
2023-11-04,DEMO-01,DZ-01,dozer,1.76,0.927,0,0.0
2023-11-05,DEMO-01,DZ-01,dozer,0.88,0.963,0,0.0
2023-11-06,DEMO-01,DZ-01,dozer,2.6,0.892,0,0.0
2023-11-07,DEMO-01,DZ-01,dozer,0.89,0.963,0,0.0
2023-11-08,DEMO-01,DZ-01,dozer,0.56,0.977,0,0.0
2023-11-09,DEMO-01,DZ-01,dozer,1.5,0.938,0,0.0
2023-11-10,DEMO-01,DZ-01,dozer,1.45,0.939,0,0.0
2023-11-11,DEMO-01,DZ-01,dozer,0.23,0.99,0,0.0
2023-11-12,DEMO-01,DZ-01,dozer,1.78,0.926,0,0.0
2023-11-13,DEMO-01,DZ-01,dozer,0.91,0.962,0,0.0
2023-11-14,DEMO-01,DZ-01,dozer,1.65,0.931,0,0.0
2023-11-15,DEMO-01,DZ-01,dozer,0.68,0.972,0,0.0
2023-11-16,DEMO-01,DZ-01,dozer,8.62,0.641,1,9.05
2023-11-17,DEMO-01,DZ-01,dozer,6.8,0.717,1,4.56
2023-11-18,DEMO-01,DZ-01,dozer,1.05,0.956,0,0.0
2023-11-19,DEMO-01,DZ-01,dozer,8.27,0.656,1,9.28
2023-11-20,DEMO-01,DZ-01,dozer,2.58,0.892,0,0.0
2023-11-21,DEMO-01,DZ-01,dozer,0.22,0.991,0,0.0
2023-11-22,DEMO-01,DZ-01,dozer,2.34,0.903,0,0.0
2023-11-23,DEMO-01,DZ-01,dozer,1.15,0.952,0,0.0
2023-11-24,DEMO-01,DZ-01,dozer,0.99,0.959,0,0.0
2023-11-25,DEMO-01,DZ-01,dozer,1.55,0.936,0,0.0
2023-11-26,DEMO-01,DZ-01,dozer,0.8,0.966,0,0.0
2023-11-27,DEMO-01,DZ-01,dozer,0.62,0.974,0,0.0
2023-11-28,DEMO-01,DZ-01,dozer,2.23,0.907,0,0.0
2023-11-29,DEMO-01,DZ-01,dozer,0.98,0.959,0,0.0
2023-11-30,DEMO-01,DZ-01,dozer,0.62,0.974,0,0.0
2023-12-01,DEMO-01,DZ-01,dozer,0.3,0.987,0,0.0
2023-12-02,DEMO-01,DZ-01,dozer,1.17,0.951,0,0.0
2023-12-03,DEMO-01,DZ-01,dozer,1.52,0.936,0,0.0
2023-12-04,DEMO-01,DZ-01,dozer,0.69,0.971,0,0.0
2023-12-05,DEMO-01,DZ-01,dozer,1.17,0.951,0,0.0
2023-12-06,DEMO-01,DZ-01,dozer,0.26,0.989,0,0.0
2023-12-07,DEMO-01,DZ-01,dozer,0.72,0.97,0,0.0
2023-12-08,DEMO-01,DZ-01,dozer,3.95,0.836,0,0.0
2023-12-09,DEMO-01,DZ-01,dozer,1.57,0.935,0,0.0
2023-12-10,DEMO-01,DZ-01,dozer,0.9,0.963,0,0.0
2023-12-11,DEMO-01,DZ-01,dozer,0.12,0.995,0,0.0
2023-12-12,DEMO-01,DZ-01,dozer,0.72,0.97,0,0.0
2023-12-13,DEMO-01,DZ-01,dozer,1.66,0.931,0,0.0
2023-12-14,DEMO-01,DZ-01,dozer,0.41,0.983,0,0.0
2023-12-15,DEMO-01,DZ-01,dozer,1.05,0.956,0,0.0
2023-12-16,DEMO-01,DZ-01,dozer,0.98,0.959,0,0.0
2023-12-17,DEMO-01,DZ-01,dozer,0.37,0.984,0,0.0
2023-12-18,DEMO-01,DZ-01,dozer,6.01,0.75,1,5.38
2023-12-19,DEMO-01,DZ-01,dozer,1.54,0.936,0,0.0
2023-12-20,DEMO-01,DZ-01,dozer,0.64,0.973,0,0.0
2023-12-21,DEMO-01,DZ-01,dozer,3.12,0.87,0,0.0
2023-12-22,DEMO-01,DZ-01,dozer,0.62,0.974,0,0.0
2023-12-23,DEMO-01,DZ-01,dozer,1.65,0.931,0,0.0
2023-12-24,DEMO-01,DZ-01,dozer,0.52,0.978,0,0.0
2023-12-25,DEMO-01,DZ-01,dozer,7.54,0.686,1,8.24
2023-12-26,DEMO-01,DZ-01,dozer,0.49,0.979,0,0.0
2023-12-27,DEMO-01,DZ-01,dozer,0.31,0.987,0,0.0
2023-12-28,DEMO-01,DZ-01,dozer,2.31,0.904,0,0.0
2023-12-29,DEMO-01,DZ-01,dozer,0.94,0.961,0,0.0
2023-12-30,DEMO-01,DZ-01,dozer,1.85,0.923,0,0.0
2023-12-31,DEMO-01,DZ-01,dozer,2.12,0.911,0,0.0
2024-01-01,DEMO-01,DZ-01,dozer,2.43,0.899,0,0.0
2024-01-02,DEMO-01,DZ-01,dozer,3.12,0.87,0,0.0
2024-01-03,DEMO-01,DZ-01,dozer,2.89,0.879,0,0.0
2024-01-04,DEMO-01,DZ-01,dozer,0.91,0.962,0,0.0
2024-01-05,DEMO-01,DZ-01,dozer,1.37,0.943,0,0.0
2024-01-06,DEMO-01,DZ-01,dozer,1.17,0.951,0,0.0
2024-01-07,DEMO-01,DZ-01,dozer,5.92,0.753,1,5.48
2024-01-08,DEMO-01,DZ-01,dozer,2.27,0.906,0,0.0
2024-01-09,DEMO-01,DZ-01,dozer,1.27,0.947,0,0.0
2024-01-10,DEMO-01,DZ-01,dozer,0.22,0.991,0,0.0
2024-01-11,DEMO-01,DZ-01,dozer,0.49,0.979,0,0.0
2024-01-12,DEMO-01,DZ-01,dozer,0.12,0.995,0,0.0
2024-01-13,DEMO-01,DZ-01,dozer,0.49,0.98,0,0.0
2024-01-14,DEMO-01,DZ-01,dozer,0.97,0.96,0,0.0
2024-01-15,DEMO-01,DZ-01,dozer,0.91,0.962,0,0.0
2024-01-16,DEMO-01,DZ-01,dozer,0.85,0.965,0,0.0
2024-01-17,DEMO-01,DZ-01,dozer,1.07,0.955,0,0.0
2024-01-18,DEMO-01,DZ-01,dozer,0.95,0.96,0,0.0
2024-01-19,DEMO-01,DZ-01,dozer,0.67,0.972,0,0.0
2024-01-20,DEMO-01,DZ-01,dozer,1.28,0.947,0,0.0
2024-01-21,DEMO-01,DZ-01,dozer,0.9,0.963,0,0.0
2024-01-22,DEMO-01,DZ-01,dozer,3.02,0.874,0,0.0
2024-01-23,DEMO-01,DZ-01,dozer,2.06,0.914,0,0.0
2024-01-24,DEMO-01,DZ-01,dozer,0.25,0.989,0,0.0
2024-01-25,DEMO-01,DZ-01,dozer,1.02,0.958,0,0.0
2024-01-26,DEMO-01,DZ-01,dozer,1.6,0.933,0,0.0
2024-01-27,DEMO-01,DZ-01,dozer,0.95,0.96,0,0.0
2024-01-28,DEMO-01,DZ-01,dozer,1.01,0.958,0,0.0
2024-01-29,DEMO-01,DZ-01,dozer,0.47,0.98,0,0.0
2024-01-30,DEMO-01,DZ-01,dozer,1.22,0.949,0,0.0
2024-01-31,DEMO-01,DZ-01,dozer,0.69,0.971,0,0.0
2024-02-01,DEMO-01,DZ-01,dozer,1.55,0.935,0,0.0
2024-02-02,DEMO-01,DZ-01,dozer,1.2,0.95,0,0.0
2024-02-03,DEMO-01,DZ-01,dozer,1.73,0.928,0,0.0
2024-02-04,DEMO-01,DZ-01,dozer,0.99,0.959,0,0.0
2024-02-05,DEMO-01,DZ-01,dozer,2.27,0.906,0,0.0
2024-02-06,DEMO-01,DZ-01,dozer,1.81,0.925,0,0.0
2024-02-07,DEMO-01,DZ-01,dozer,1.33,0.945,0,0.0
2024-02-08,DEMO-01,DZ-01,dozer,0.73,0.969,0,0.0
2024-02-09,DEMO-01,DZ-01,dozer,1.54,0.936,0,0.0
2024-02-10,DEMO-01,DZ-01,dozer,0.24,0.99,0,0.0
2024-02-11,DEMO-01,DZ-01,dozer,0.97,0.96,0,0.0
2024-02-12,DEMO-01,DZ-01,dozer,0.45,0.981,0,0.0
2024-02-13,DEMO-01,DZ-01,dozer,0.41,0.983,0,0.0
2024-02-14,DEMO-01,DZ-01,dozer,1.25,0.948,0,0.0
2024-02-15,DEMO-01,DZ-01,dozer,0.86,0.964,0,0.0
2024-02-16,DEMO-01,DZ-01,dozer,1.46,0.939,0,0.0
2024-02-17,DEMO-01,DZ-01,dozer,0.78,0.967,0,0.0
2024-02-18,DEMO-01,DZ-01,dozer,2.01,0.916,0,0.0
2024-02-19,DEMO-01,DZ-01,dozer,4.11,0.829,1,2.6
2024-02-20,DEMO-01,DZ-01,dozer,1.65,0.931,0,0.0
2024-02-21,DEMO-01,DZ-01,dozer,2.68,0.888,0,0.0
2024-02-22,DEMO-01,DZ-01,dozer,2.94,0.877,0,0.0
2024-02-23,DEMO-01,DZ-01,dozer,1.71,0.929,0,0.0
2024-02-24,DEMO-01,DZ-01,dozer,2.39,0.9,0,0.0
2024-02-25,DEMO-01,DZ-01,dozer,1.88,0.922,0,0.0
2024-02-26,DEMO-01,DZ-01,dozer,0.63,0.974,0,0.0
2024-02-27,DEMO-01,DZ-01,dozer,0.5,0.979,0,0.0
2024-02-28,DEMO-01,DZ-01,dozer,1.2,0.95,0,0.0
2024-02-29,DEMO-01,DZ-01,dozer,0.61,0.975,0,0.0
2024-03-01,DEMO-01,DZ-01,dozer,1.71,0.929,0,0.0
2024-03-02,DEMO-01,DZ-01,dozer,1.09,0.955,0,0.0
2024-03-03,DEMO-01,DZ-01,dozer,2.29,0.904,0,0.0
2024-03-04,DEMO-01,DZ-01,dozer,0.71,0.97,0,0.0
2024-03-05,DEMO-01,DZ-01,dozer,1.57,0.934,0,0.0
2024-03-06,DEMO-01,DZ-01,dozer,3.73,0.844,0,0.0
2024-03-07,DEMO-01,DZ-01,dozer,1.49,0.938,0,0.0
2024-03-08,DEMO-01,DZ-01,dozer,0.86,0.964,0,0.0
2024-03-09,DEMO-01,DZ-01,dozer,7.38,0.692,1,8.25
2024-03-10,DEMO-01,DZ-01,dozer,3.17,0.868,0,0.0
2024-03-11,DEMO-01,DZ-01,dozer,1.05,0.956,0,0.0
2024-03-12,DEMO-01,DZ-01,dozer,0.38,0.984,0,0.0
2024-03-13,DEMO-01,DZ-01,dozer,3.24,0.865,0,0.0
2024-03-14,DEMO-01,DZ-01,dozer,0.88,0.963,0,0.0
2024-03-15,DEMO-01,DZ-01,dozer,0.84,0.965,0,0.0
2024-03-16,DEMO-01,DZ-01,dozer,1.85,0.923,0,0.0
2024-03-17,DEMO-01,DZ-01,dozer,1.1,0.954,0,0.0
2024-03-18,DEMO-01,DZ-01,dozer,0.96,0.96,0,0.0
2024-03-19,DEMO-01,DZ-01,dozer,0.23,0.99,0,0.0
2024-03-20,DEMO-01,DZ-01,dozer,0.69,0.971,0,0.0
2024-03-21,DEMO-01,DZ-01,dozer,1.29,0.946,0,0.0
2024-03-22,DEMO-01,DZ-01,dozer,1.7,0.929,0,0.0
2024-03-23,DEMO-01,DZ-01,dozer,0.66,0.972,0,0.0
2024-03-24,DEMO-01,DZ-01,dozer,0.92,0.962,0,0.0
2024-03-25,DEMO-01,DZ-01,dozer,1.53,0.936,0,0.0
2024-03-26,DEMO-01,DZ-01,dozer,0.82,0.966,0,0.0
2024-03-27,DEMO-01,DZ-01,dozer,2.3,0.904,0,0.0
2024-03-28,DEMO-01,DZ-01,dozer,1.53,0.936,0,0.0
2024-03-29,DEMO-01,DZ-01,dozer,1.0,0.958,0,0.0
2024-03-30,DEMO-01,DZ-01,dozer,2.56,0.893,0,0.0
2024-03-31,DEMO-01,DZ-01,dozer,0.56,0.977,0,0.0
2024-04-01,DEMO-01,DZ-01,dozer,0.13,0.995,0,0.0
2024-04-02,DEMO-01,DZ-01,dozer,3.06,0.872,0,0.0
2024-04-03,DEMO-01,DZ-01,dozer,0.53,0.978,0,0.0
2024-04-04,DEMO-01,DZ-01,dozer,0.52,0.979,0,0.0
2024-04-05,DEMO-01,DZ-01,dozer,0.21,0.991,0,0.0
2024-04-06,DEMO-01,DZ-01,dozer,1.96,0.918,0,0.0
2024-04-07,DEMO-01,DZ-01,dozer,0.98,0.959,0,0.0
2024-04-08,DEMO-01,DZ-01,dozer,1.68,0.93,0,0.0
2024-04-09,DEMO-01,DZ-01,dozer,0.68,0.972,0,0.0
2024-04-10,DEMO-01,DZ-01,dozer,1.44,0.94,0,0.0
2024-04-11,DEMO-01,DZ-01,dozer,0.82,0.966,0,0.0
2024-04-12,DEMO-01,DZ-01,dozer,2.51,0.895,0,0.0
2024-04-13,DEMO-01,DZ-01,dozer,2.09,0.913,0,0.0
2024-04-14,DEMO-01,DZ-01,dozer,1.1,0.954,0,0.0
2024-04-15,DEMO-01,DZ-01,dozer,1.24,0.948,0,0.0
2024-04-16,DEMO-01,DZ-01,dozer,1.1,0.954,0,0.0
2024-04-17,DEMO-01,DZ-01,dozer,1.4,0.942,0,0.0
2024-04-18,DEMO-01,DZ-01,dozer,0.78,0.968,0,0.0
2024-04-19,DEMO-01,DZ-01,dozer,0.41,0.983,0,0.0
2024-04-20,DEMO-01,DZ-01,dozer,1.12,0.953,0,0.0
2024-04-21,DEMO-01,DZ-01,dozer,1.33,0.945,0,0.0
2024-04-22,DEMO-01,DZ-01,dozer,0.88,0.963,0,0.0
2024-04-23,DEMO-01,DZ-01,dozer,1.08,0.955,0,0.0
2024-04-24,DEMO-01,DZ-01,dozer,1.11,0.954,0,0.0
2024-04-25,DEMO-01,DZ-01,dozer,0.4,0.983,0,0.0
2024-04-26,DEMO-01,DZ-01,dozer,2.7,0.888,0,0.0
2024-04-27,DEMO-01,DZ-01,dozer,1.05,0.956,0,0.0
2024-04-28,DEMO-01,DZ-01,dozer,1.37,0.943,0,0.0
2024-04-29,DEMO-01,DZ-01,dozer,1.34,0.944,0,0.0
2024-04-30,DEMO-01,DZ-01,dozer,1.96,0.918,0,0.0
2024-05-01,DEMO-01,DZ-01,dozer,6.82,0.716,1,5.34
2024-05-02,DEMO-01,DZ-01,dozer,3.92,0.837,1,3.62
2024-05-03,DEMO-01,DZ-01,dozer,1.62,0.933,0,0.0
2024-05-04,DEMO-01,DZ-01,dozer,2.29,0.904,0,0.0
2024-05-05,DEMO-01,DZ-01,dozer,1.0,0.958,0,0.0
2024-05-06,DEMO-01,DZ-01,dozer,0.89,0.963,0,0.0
2024-05-07,DEMO-01,DZ-01,dozer,5.58,0.768,1,3.1
2024-05-08,DEMO-01,DZ-01,dozer,0.57,0.976,0,0.0
2024-05-09,DEMO-01,DZ-01,dozer,1.25,0.948,0,0.0
2024-05-10,DEMO-01,DZ-01,dozer,3.68,0.847,0,0.0
2024-05-11,DEMO-01,DZ-01,dozer,0.29,0.988,0,0.0
2024-05-12,DEMO-01,DZ-01,dozer,2.64,0.89,0,0.0
2024-05-13,DEMO-01,DZ-01,dozer,3.68,0.847,0,0.0
2024-05-14,DEMO-01,DZ-01,dozer,2.35,0.902,0,0.0
2024-05-15,DEMO-01,DZ-01,dozer,2.74,0.886,0,0.0
2024-05-16,DEMO-01,DZ-01,dozer,0.77,0.968,0,0.0
2024-05-17,DEMO-01,DZ-01,dozer,0.32,0.987,0,0.0
2024-05-18,DEMO-01,DZ-01,dozer,0.94,0.961,0,0.0
2024-05-19,DEMO-01,DZ-01,dozer,2.17,0.91,0,0.0
2024-05-20,DEMO-01,DZ-01,dozer,3.92,0.837,0,0.0
2024-05-21,DEMO-01,DZ-01,dozer,0.8,0.967,0,0.0
2024-05-22,DEMO-01,DZ-01,dozer,1.73,0.928,0,0.0
2024-05-23,DEMO-01,DZ-01,dozer,0.91,0.962,0,0.0
2024-05-24,DEMO-01,DZ-01,dozer,1.01,0.958,0,0.0
2024-05-25,DEMO-01,DZ-01,dozer,0.61,0.975,0,0.0
2024-05-26,DEMO-01,DZ-01,dozer,2.13,0.911,0,0.0
2024-05-27,DEMO-01,DZ-01,dozer,2.86,0.881,0,0.0
2024-05-28,DEMO-01,DZ-01,dozer,0.4,0.983,0,0.0
2024-05-29,DEMO-01,DZ-01,dozer,2.12,0.912,0,0.0
2024-05-30,DEMO-01,DZ-01,dozer,0.14,0.994,0,0.0
2024-05-31,DEMO-01,DZ-01,dozer,1.13,0.953,0,0.0
2024-06-01,DEMO-01,DZ-01,dozer,2.47,0.897,0,0.0
2024-06-02,DEMO-01,DZ-01,dozer,1.55,0.936,0,0.0
2024-06-03,DEMO-01,DZ-01,dozer,0.81,0.966,0,0.0
2024-06-04,DEMO-01,DZ-01,dozer,1.58,0.934,0,0.0
2024-06-05,DEMO-01,DZ-01,dozer,0.81,0.966,0,0.0
2024-06-06,DEMO-01,DZ-01,dozer,0.74,0.969,0,0.0
2024-06-07,DEMO-01,DZ-01,dozer,0.93,0.961,0,0.0
2024-06-08,DEMO-01,DZ-01,dozer,1.0,0.959,0,0.0
2024-06-09,DEMO-01,DZ-01,dozer,2.78,0.884,0,0.0
2024-06-10,DEMO-01,DZ-01,dozer,4.76,0.802,0,0.0
2024-06-11,DEMO-01,DZ-01,dozer,2.34,0.903,0,0.0
2024-06-12,DEMO-01,DZ-01,dozer,0.72,0.97,0,0.0
2024-06-13,DEMO-01,DZ-01,dozer,4.72,0.804,1,3.54
2024-06-14,DEMO-01,DZ-01,dozer,1.86,0.922,0,0.0
2024-06-15,DEMO-01,DZ-01,dozer,6.45,0.731,0,0.0
2024-06-16,DEMO-01,DZ-01,dozer,1.01,0.958,0,0.0
2024-06-17,DEMO-01,DZ-01,dozer,0.56,0.977,0,0.0
2024-06-18,DEMO-01,DZ-01,dozer,2.88,0.88,0,0.0
2024-06-19,DEMO-01,DZ-01,dozer,3.19,0.867,0,0.0
2024-06-20,DEMO-01,DZ-01,dozer,7.13,0.703,0,0.0
2024-06-21,DEMO-01,DZ-01,dozer,0.99,0.959,0,0.0
2024-06-22,DEMO-01,DZ-01,dozer,3.52,0.853,0,0.0
2024-06-23,DEMO-01,DZ-01,dozer,2.83,0.882,0,0.0
2024-06-24,DEMO-01,DZ-01,dozer,3.82,0.841,0,0.0
2024-06-25,DEMO-01,DZ-01,dozer,7.32,0.695,1,7.49
2024-06-26,DEMO-01,DZ-01,dozer,5.55,0.769,0,0.0
2024-06-27,DEMO-01,DZ-01,dozer,8.9,0.629,0,0.0
2024-06-28,DEMO-01,DZ-01,dozer,2.87,0.881,0,0.0
2024-06-29,DEMO-01,DZ-01,dozer,1.3,0.946,0,0.0
2024-06-30,DEMO-01,DZ-01,dozer,3.38,0.859,0,0.0
2024-07-01,DEMO-01,DZ-01,dozer,5.24,0.782,0,0.0
2024-07-02,DEMO-01,DZ-01,dozer,3.39,0.859,0,0.0
2024-07-03,DEMO-01,DZ-01,dozer,4.26,0.822,0,0.0
2024-07-04,DEMO-01,DZ-01,dozer,1.95,0.919,0,0.0
2024-07-05,DEMO-01,DZ-01,dozer,2.59,0.892,0,0.0
2024-07-06,DEMO-01,DZ-01,dozer,7.49,0.688,0,0.0
2024-07-07,DEMO-01,DZ-01,dozer,1.17,0.951,0,0.0
2024-07-08,DEMO-01,DZ-01,dozer,6.96,0.71,0,0.0
2024-07-09,DEMO-01,DZ-01,dozer,1.07,0.956,0,0.0
2024-07-10,DEMO-01,DZ-01,dozer,4.79,0.8,0,0.0
2024-07-11,DEMO-01,DZ-01,dozer,4.12,0.828,0,0.0
2024-07-12,DEMO-01,DZ-01,dozer,2.29,0.904,0,0.0
2024-07-13,DEMO-01,DZ-01,dozer,0.96,0.96,0,0.0
2024-07-14,DEMO-01,DZ-01,dozer,8.93,0.628,1,7.22
2024-07-15,DEMO-01,DZ-01,dozer,3.1,0.871,0,0.0
2024-07-16,DEMO-01,DZ-01,dozer,1.01,0.958,0,0.0
2024-07-17,DEMO-01,DZ-01,dozer,2.32,0.903,0,0.0
2024-07-18,DEMO-01,DZ-01,dozer,9.21,0.616,1,7.56
2024-07-19,DEMO-01,DZ-01,dozer,15.54,0.352,0,0.0
2024-07-20,DEMO-01,DZ-01,dozer,1.83,0.924,0,0.0
2024-07-21,DEMO-01,DZ-01,dozer,1.91,0.921,0,0.0
2024-07-22,DEMO-01,DZ-01,dozer,0.7,0.971,0,0.0
2024-07-23,DEMO-01,DZ-01,dozer,4.61,0.808,0,0.0
2024-07-24,DEMO-01,DZ-01,dozer,11.22,0.533,1,8.78
2024-07-25,DEMO-01,DZ-01,dozer,0.66,0.972,0,0.0
2024-07-26,DEMO-01,DZ-01,dozer,4.63,0.807,1,4.12
2024-07-27,DEMO-01,DZ-01,dozer,13.14,0.452,0,0.0
2024-07-28,DEMO-01,DZ-01,dozer,0.59,0.975,0,0.0
2024-07-29,DEMO-01,DZ-01,dozer,4.71,0.804,0,0.0
2024-07-30,DEMO-01,DZ-01,dozer,9.74,0.594,0,0.0
2024-07-31,DEMO-01,DZ-01,dozer,0.11,0.996,0,0.0
2024-08-01,DEMO-01,DZ-01,dozer,0.85,0.965,0,0.0
2024-08-02,DEMO-01,DZ-01,dozer,0.58,0.976,0,0.0
2024-08-03,DEMO-01,DZ-01,dozer,3.13,0.87,0,0.0
2024-08-04,DEMO-01,DZ-01,dozer,3.19,0.867,0,0.0
2024-08-05,DEMO-01,DZ-01,dozer,2.37,0.901,0,0.0
2024-08-06,DEMO-01,DZ-01,dozer,1.58,0.934,0,0.0
2024-08-07,DEMO-01,DZ-01,dozer,2.6,0.892,0,0.0
2024-08-08,DEMO-01,DZ-01,dozer,1.54,0.936,0,0.0
2024-08-09,DEMO-01,DZ-01,dozer,11.74,0.511,0,0.0
2024-08-10,DEMO-01,DZ-01,dozer,0.36,0.985,0,0.0
2024-08-11,DEMO-01,DZ-01,dozer,0.47,0.98,0,0.0
2024-08-12,DEMO-01,DZ-01,dozer,1.72,0.928,0,0.0
2024-08-13,DEMO-01,DZ-01,dozer,1.5,0.938,0,0.0
2024-08-14,DEMO-01,DZ-01,dozer,1.66,0.931,0,0.0
2024-08-15,DEMO-01,DZ-01,dozer,1.24,0.948,0,0.0
2024-08-16,DEMO-01,DZ-01,dozer,1.2,0.95,0,0.0
2024-08-17,DEMO-01,DZ-01,dozer,0.95,0.961,0,0.0
2024-08-18,DEMO-01,DZ-01,dozer,1.31,0.946,0,0.0
2024-08-19,DEMO-01,DZ-01,dozer,0.93,0.961,0,0.0
2024-08-20,DEMO-01,DZ-01,dozer,7.12,0.703,0,0.0
2024-08-21,DEMO-01,DZ-01,dozer,1.71,0.929,0,0.0
2024-08-22,DEMO-01,DZ-01,dozer,1.72,0.928,0,0.0
2024-08-23,DEMO-01,DZ-01,dozer,6.18,0.743,1,2.61
2024-08-24,DEMO-01,DZ-01,dozer,6.69,0.721,0,0.0
2024-08-25,DEMO-01,DZ-01,dozer,6.4,0.733,0,0.0
2024-08-26,DEMO-01,DZ-01,dozer,0.47,0.98,0,0.0
2024-08-27,DEMO-01,DZ-01,dozer,2.03,0.915,0,0.0
2024-08-28,DEMO-01,DZ-01,dozer,0.86,0.964,0,0.0
2024-08-29,DEMO-01,DZ-01,dozer,2.9,0.879,0,0.0
2024-08-30,DEMO-01,DZ-01,dozer,4.24,0.823,0,0.0
2024-08-31,DEMO-01,DZ-01,dozer,6.39,0.734,1,4.23
2024-09-01,DEMO-01,DZ-01,dozer,1.0,0.958,0,0.0
2024-09-02,DEMO-01,DZ-01,dozer,7.17,0.701,0,0.0
2024-09-03,DEMO-01,DZ-01,dozer,2.52,0.895,0,0.0
2024-09-04,DEMO-01,DZ-01,dozer,2.55,0.894,0,0.0
2024-09-05,DEMO-01,DZ-01,dozer,0.51,0.979,0,0.0
2024-09-06,DEMO-01,DZ-01,dozer,3.29,0.863,0,0.0
2024-09-07,DEMO-01,DZ-01,dozer,0.67,0.972,0,0.0
2024-09-08,DEMO-01,DZ-01,dozer,0.19,0.992,0,0.0
2024-09-09,DEMO-01,DZ-01,dozer,1.3,0.946,0,0.0
2024-09-10,DEMO-01,DZ-01,dozer,1.4,0.942,0,0.0
2024-09-11,DEMO-01,DZ-01,dozer,0.82,0.966,0,0.0
2024-09-12,DEMO-01,DZ-01,dozer,3.75,0.844,0,0.0
2024-09-13,DEMO-01,DZ-01,dozer,1.6,0.933,0,0.0
2024-09-14,DEMO-01,DZ-01,dozer,1.93,0.92,0,0.0
2024-09-15,DEMO-01,DZ-01,dozer,0.74,0.969,0,0.0
2024-09-16,DEMO-01,DZ-01,dozer,1.96,0.918,0,0.0
2024-09-17,DEMO-01,DZ-01,dozer,0.36,0.985,0,0.0
2024-09-18,DEMO-01,DZ-01,dozer,7.68,0.68,1,8.26
2024-09-19,DEMO-01,DZ-01,dozer,1.49,0.938,0,0.0
2024-09-20,DEMO-01,DZ-01,dozer,0.65,0.973,0,0.0
2024-09-21,DEMO-01,DZ-01,dozer,1.12,0.954,0,0.0
2024-09-22,DEMO-01,DZ-01,dozer,1.33,0.945,0,0.0
2024-09-23,DEMO-01,DZ-01,dozer,5.37,0.776,0,0.0
2024-09-24,DEMO-01,DZ-01,dozer,1.34,0.944,0,0.0
2024-09-25,DEMO-01,DZ-01,dozer,1.57,0.935,0,0.0
2024-09-26,DEMO-01,DZ-01,dozer,1.19,0.95,0,0.0
2024-09-27,DEMO-01,DZ-01,dozer,2.13,0.911,0,0.0
2024-09-28,DEMO-01,DZ-01,dozer,0.3,0.987,0,0.0
2024-09-29,DEMO-01,DZ-01,dozer,2.12,0.912,0,0.0
2024-09-30,DEMO-01,DZ-01,dozer,4.87,0.797,1,3.06
2024-10-01,DEMO-01,DZ-01,dozer,4.08,0.83,1,4.47
2024-10-02,DEMO-01,DZ-01,dozer,0.51,0.979,0,0.0
2024-10-03,DEMO-01,DZ-01,dozer,3.26,0.864,0,0.0
2024-10-04,DEMO-01,DZ-01,dozer,0.7,0.971,0,0.0
2024-10-05,DEMO-01,DZ-01,dozer,1.49,0.938,0,0.0
2024-10-06,DEMO-01,DZ-01,dozer,0.58,0.976,0,0.0
2024-10-07,DEMO-01,DZ-01,dozer,0.37,0.985,0,0.0
2024-10-08,DEMO-01,DZ-01,dozer,1.82,0.924,0,0.0
2024-10-09,DEMO-01,DZ-01,dozer,0.63,0.974,0,0.0
2024-10-10,DEMO-01,DZ-01,dozer,2.0,0.917,0,0.0
2024-10-11,DEMO-01,DZ-01,dozer,0.78,0.968,0,0.0
2024-10-12,DEMO-01,DZ-01,dozer,1.61,0.933,0,0.0
2024-10-13,DEMO-01,DZ-01,dozer,2.92,0.878,0,0.0
2024-10-14,DEMO-01,DZ-01,dozer,1.44,0.94,0,0.0
2024-10-15,DEMO-01,DZ-01,dozer,1.86,0.922,0,0.0
2024-10-16,DEMO-01,DZ-01,dozer,3.56,0.852,0,0.0
2024-10-17,DEMO-01,DZ-01,dozer,1.07,0.955,0,0.0
2024-10-18,DEMO-01,DZ-01,dozer,1.63,0.932,0,0.0
2024-10-19,DEMO-01,DZ-01,dozer,1.75,0.927,0,0.0
2024-10-20,DEMO-01,DZ-01,dozer,0.73,0.97,0,0.0
2024-10-21,DEMO-01,DZ-01,dozer,0.76,0.968,0,0.0
2024-10-22,DEMO-01,DZ-01,dozer,9.25,0.615,1,9.66
2024-10-23,DEMO-01,DZ-01,dozer,1.29,0.946,0,0.0
2024-10-24,DEMO-01,DZ-01,dozer,0.49,0.98,0,0.0
2024-10-25,DEMO-01,DZ-01,dozer,2.78,0.884,0,0.0
2024-10-26,DEMO-01,DZ-01,dozer,1.22,0.949,0,0.0
2024-10-27,DEMO-01,DZ-01,dozer,2.38,0.901,0,0.0
2024-10-28,DEMO-01,DZ-01,dozer,0.85,0.965,0,0.0
2024-10-29,DEMO-01,DZ-01,dozer,0.46,0.981,0,0.0
2024-10-30,DEMO-01,DZ-01,dozer,1.55,0.935,0,0.0
2024-10-31,DEMO-01,DZ-01,dozer,1.49,0.938,0,0.0
2024-11-01,DEMO-01,DZ-01,dozer,0.25,0.99,0,0.0
2024-11-02,DEMO-01,DZ-01,dozer,0.53,0.978,0,0.0
2024-11-03,DEMO-01,DZ-01,dozer,0.85,0.964,0,0.0
2024-11-04,DEMO-01,DZ-01,dozer,9.08,0.622,1,9.86
2024-11-05,DEMO-01,DZ-01,dozer,1.66,0.931,0,0.0
2024-11-06,DEMO-01,DZ-01,dozer,0.4,0.983,0,0.0
2024-11-07,DEMO-01,DZ-01,dozer,0.59,0.975,0,0.0
2024-11-08,DEMO-01,DZ-01,dozer,0.11,0.995,0,0.0
2024-11-09,DEMO-01,DZ-01,dozer,0.11,0.995,0,0.0
2024-11-10,DEMO-01,DZ-01,dozer,1.0,0.958,0,0.0
2024-11-11,DEMO-01,DZ-01,dozer,0.35,0.985,0,0.0
2024-11-12,DEMO-01,DZ-01,dozer,2.18,0.909,0,0.0
2024-11-13,DEMO-01,DZ-01,dozer,1.07,0.956,0,0.0
2024-11-14,DEMO-01,DZ-01,dozer,0.93,0.961,0,0.0
2024-11-15,DEMO-01,DZ-01,dozer,0.88,0.963,0,0.0
2024-11-16,DEMO-01,DZ-01,dozer,0.18,0.992,0,0.0
2024-11-17,DEMO-01,DZ-01,dozer,0.39,0.984,0,0.0
2024-11-18,DEMO-01,DZ-01,dozer,2.59,0.892,0,0.0
2024-11-19,DEMO-01,DZ-01,dozer,7.2,0.7,1,7.93
2024-11-20,DEMO-01,DZ-01,dozer,0.62,0.974,0,0.0
2024-11-21,DEMO-01,DZ-01,dozer,3.27,0.864,0,0.0
2024-11-22,DEMO-01,DZ-01,dozer,1.0,0.958,0,0.0
2024-11-23,DEMO-01,DZ-01,dozer,0.51,0.979,0,0.0
2024-11-24,DEMO-01,DZ-01,dozer,1.48,0.938,0,0.0
2024-11-25,DEMO-01,DZ-01,dozer,1.33,0.945,0,0.0
2024-11-26,DEMO-01,DZ-01,dozer,0.47,0.98,0,0.0
2024-11-27,DEMO-01,DZ-01,dozer,0.68,0.972,0,0.0
2024-11-28,DEMO-01,DZ-01,dozer,0.91,0.962,0,0.0
2024-11-29,DEMO-01,DZ-01,dozer,0.94,0.961,0,0.0
2024-11-30,DEMO-01,DZ-01,dozer,0.95,0.96,0,0.0
2024-12-01,DEMO-01,DZ-01,dozer,1.86,0.923,0,0.0
2024-12-02,DEMO-01,DZ-01,dozer,1.56,0.935,0,0.0
2024-12-03,DEMO-01,DZ-01,dozer,1.99,0.917,0,0.0
2024-12-04,DEMO-01,DZ-01,dozer,4.94,0.794,0,0.0
2024-12-05,DEMO-01,DZ-01,dozer,2.98,0.876,0,0.0
2024-12-06,DEMO-01,DZ-01,dozer,1.62,0.932,0,0.0
2024-12-07,DEMO-01,DZ-01,dozer,2.31,0.904,0,0.0
2024-12-08,DEMO-01,DZ-01,dozer,3.17,0.868,0,0.0
2024-12-09,DEMO-01,DZ-01,dozer,1.48,0.939,0,0.0
2024-12-10,DEMO-01,DZ-01,dozer,0.31,0.987,0,0.0
2024-12-11,DEMO-01,DZ-01,dozer,8.61,0.641,1,7.62
2024-12-12,DEMO-01,DZ-01,dozer,0.72,0.97,0,0.0
2024-12-13,DEMO-01,DZ-01,dozer,0.85,0.964,0,0.0
2024-12-14,DEMO-01,DZ-01,dozer,2.01,0.916,0,0.0
2024-12-15,DEMO-01,DZ-01,dozer,1.66,0.931,0,0.0
2024-12-16,DEMO-01,DZ-01,dozer,0.39,0.984,0,0.0
2024-12-17,DEMO-01,DZ-01,dozer,0.73,0.969,0,0.0
2024-12-18,DEMO-01,DZ-01,dozer,0.47,0.98,0,0.0
2024-12-19,DEMO-01,DZ-01,dozer,0.55,0.977,0,0.0
2024-12-20,DEMO-01,DZ-01,dozer,1.62,0.932,0,0.0
2024-12-21,DEMO-01,DZ-01,dozer,1.25,0.948,0,0.0
2024-12-22,DEMO-01,DZ-01,dozer,1.72,0.928,0,0.0
2024-12-23,DEMO-01,DZ-01,dozer,1.58,0.934,0,0.0
2024-12-24,DEMO-01,DZ-01,dozer,0.37,0.985,0,0.0
2024-12-25,DEMO-01,DZ-01,dozer,2.07,0.914,0,0.0
2024-12-26,DEMO-01,DZ-01,dozer,0.49,0.98,0,0.0
2024-12-27,DEMO-01,DZ-01,dozer,0.25,0.989,0,0.0
2024-12-28,DEMO-01,DZ-01,dozer,2.5,0.896,0,0.0
2024-12-29,DEMO-01,DZ-01,dozer,1.13,0.953,0,0.0
2024-12-30,DEMO-01,DZ-01,dozer,1.11,0.954,0,0.0
2024-12-31,DEMO-01,DZ-01,dozer,0.99,0.959,0,0.0
2025-01-01,DEMO-01,DZ-01,dozer,0.5,0.979,0,0.0
2025-01-02,DEMO-01,DZ-01,dozer,1.1,0.954,0,0.0
2025-01-03,DEMO-01,DZ-01,dozer,0.94,0.961,0,0.0
2025-01-04,DEMO-01,DZ-01,dozer,0.78,0.967,0,0.0
2025-01-05,DEMO-01,DZ-01,dozer,0.5,0.979,0,0.0
2025-01-06,DEMO-01,DZ-01,dozer,2.02,0.916,0,0.0
2025-01-07,DEMO-01,DZ-01,dozer,0.59,0.975,0,0.0
2025-01-08,DEMO-01,DZ-01,dozer,1.49,0.938,0,0.0
2025-01-09,DEMO-01,DZ-01,dozer,0.45,0.981,0,0.0
2025-01-10,DEMO-01,DZ-01,dozer,2.29,0.905,0,0.0
2025-01-11,DEMO-01,DZ-01,dozer,3.03,0.874,0,0.0
2025-01-12,DEMO-01,DZ-01,dozer,0.91,0.962,0,0.0
2025-01-13,DEMO-01,DZ-01,dozer,2.49,0.896,0,0.0
2025-01-14,DEMO-01,DZ-01,dozer,1.05,0.956,0,0.0
2025-01-15,DEMO-01,DZ-01,dozer,1.43,0.94,0,0.0
2025-01-16,DEMO-01,DZ-01,dozer,1.28,0.947,0,0.0
2025-01-17,DEMO-01,DZ-01,dozer,0.55,0.977,0,0.0
2025-01-18,DEMO-01,DZ-01,dozer,2.9,0.879,1,1.86
2025-01-19,DEMO-01,DZ-01,dozer,0.79,0.967,0,0.0
2025-01-20,DEMO-01,DZ-01,dozer,0.61,0.974,0,0.0
2025-01-21,DEMO-01,DZ-01,dozer,1.09,0.955,0,0.0
2025-01-22,DEMO-01,DZ-01,dozer,0.89,0.963,0,0.0
2025-01-23,DEMO-01,DZ-01,dozer,1.78,0.926,0,0.0
2025-01-24,DEMO-01,DZ-01,dozer,1.66,0.931,0,0.0
2025-01-25,DEMO-01,DZ-01,dozer,2.15,0.91,0,0.0
2025-01-26,DEMO-01,DZ-01,dozer,1.78,0.926,0,0.0
2025-01-27,DEMO-01,DZ-01,dozer,0.53,0.978,0,0.0
2025-01-28,DEMO-01,DZ-01,dozer,1.51,0.937,0,0.0
2025-01-29,DEMO-01,DZ-01,dozer,10.21,0.575,1,9.31
2025-01-30,DEMO-01,DZ-01,dozer,0.69,0.971,0,0.0
2025-01-31,DEMO-01,DZ-01,dozer,1.43,0.94,0,0.0
2025-02-01,DEMO-01,DZ-01,dozer,4.99,0.792,0,0.0
2025-02-02,DEMO-01,DZ-01,dozer,0.37,0.985,0,0.0
2025-02-03,DEMO-01,DZ-01,dozer,1.29,0.946,0,0.0
2025-02-04,DEMO-01,DZ-01,dozer,0.51,0.979,0,0.0
2025-02-05,DEMO-01,DZ-01,dozer,0.42,0.983,0,0.0
2025-02-06,DEMO-01,DZ-01,dozer,3.06,0.873,0,0.0
2025-02-07,DEMO-01,DZ-01,dozer,1.62,0.932,0,0.0
2025-02-08,DEMO-01,DZ-01,dozer,1.86,0.922,0,0.0
2025-02-09,DEMO-01,DZ-01,dozer,0.12,0.995,0,0.0
2025-02-10,DEMO-01,DZ-01,dozer,1.74,0.927,0,0.0
2025-02-11,DEMO-01,DZ-01,dozer,3.07,0.872,0,0.0
2025-02-12,DEMO-01,DZ-01,dozer,1.08,0.955,0,0.0
2025-02-13,DEMO-01,DZ-01,dozer,0.65,0.973,0,0.0
2025-02-14,DEMO-01,DZ-01,dozer,0.51,0.979,0,0.0
2025-02-15,DEMO-01,DZ-01,dozer,1.07,0.955,0,0.0
2025-02-16,DEMO-01,DZ-01,dozer,1.92,0.92,0,0.0
2025-02-17,DEMO-01,DZ-01,dozer,0.8,0.967,0,0.0
2025-02-18,DEMO-01,DZ-01,dozer,4.68,0.805,1,4.31
2025-02-19,DEMO-01,DZ-01,dozer,1.0,0.958,0,0.0
2025-02-20,DEMO-01,DZ-01,dozer,0.29,0.988,0,0.0
2025-02-21,DEMO-01,DZ-01,dozer,0.69,0.971,0,0.0
2025-02-22,DEMO-01,DZ-01,dozer,1.1,0.954,0,0.0
2025-02-23,DEMO-01,DZ-01,dozer,2.1,0.913,0,0.0
2025-02-24,DEMO-01,DZ-01,dozer,1.38,0.942,0,0.0
2025-02-25,DEMO-01,DZ-01,dozer,0.82,0.966,0,0.0
2025-02-26,DEMO-01,DZ-01,dozer,1.28,0.946,0,0.0
2025-02-27,DEMO-01,DZ-01,dozer,1.42,0.941,0,0.0
2025-02-28,DEMO-01,DZ-01,dozer,1.52,0.937,0,0.0
2025-03-01,DEMO-01,DZ-01,dozer,0.48,0.98,0,0.0
2025-03-02,DEMO-01,DZ-01,dozer,0.12,0.995,0,0.0
2025-03-03,DEMO-01,DZ-01,dozer,1.57,0.935,0,0.0
2025-03-04,DEMO-01,DZ-01,dozer,1.5,0.937,0,0.0
2025-03-05,DEMO-01,DZ-01,dozer,0.73,0.97,0,0.0
2025-03-06,DEMO-01,DZ-01,dozer,1.95,0.919,0,0.0
2025-03-07,DEMO-01,DZ-01,dozer,3.65,0.848,0,0.0
2025-03-08,DEMO-01,DZ-01,dozer,1.81,0.924,0,0.0
2025-03-09,DEMO-01,DZ-01,dozer,1.11,0.954,0,0.0
2025-03-10,DEMO-01,DZ-01,dozer,1.51,0.937,0,0.0
2025-03-11,DEMO-01,DZ-01,dozer,3.0,0.875,0,0.0
2025-03-12,DEMO-01,DZ-01,dozer,1.72,0.929,0,0.0
2025-03-13,DEMO-01,DZ-01,dozer,1.85,0.923,0,0.0
2025-03-14,DEMO-01,DZ-01,dozer,0.56,0.977,0,0.0
2025-03-15,DEMO-01,DZ-01,dozer,5.51,0.77,0,0.0
2025-03-16,DEMO-01,DZ-01,dozer,0.33,0.986,0,0.0
2025-03-17,DEMO-01,DZ-01,dozer,1.55,0.936,0,0.0
2025-03-18,DEMO-01,DZ-01,dozer,7.45,0.69,1,7.58
2025-03-19,DEMO-01,DZ-01,dozer,0.8,0.967,0,0.0
2025-03-20,DEMO-01,DZ-01,dozer,4.22,0.824,0,0.0
2025-03-21,DEMO-01,DZ-01,dozer,1.28,0.947,0,0.0
2025-03-22,DEMO-01,DZ-01,dozer,1.42,0.941,0,0.0
2025-03-23,DEMO-01,DZ-01,dozer,0.32,0.987,0,0.0
2025-03-24,DEMO-01,DZ-01,dozer,1.77,0.926,0,0.0
2025-03-25,DEMO-01,DZ-01,dozer,0.93,0.961,0,0.0
2025-03-26,DEMO-01,DZ-01,dozer,0.66,0.972,0,0.0
2025-03-27,DEMO-01,DZ-01,dozer,5.99,0.75,1,4.85
2025-03-28,DEMO-01,DZ-01,dozer,0.86,0.964,0,0.0
2025-03-29,DEMO-01,DZ-01,dozer,0.4,0.983,0,0.0
2025-03-30,DEMO-01,DZ-01,dozer,1.0,0.958,0,0.0
2025-03-31,DEMO-01,DZ-01,dozer,1.95,0.919,0,0.0
2025-04-01,DEMO-01,DZ-01,dozer,1.28,0.947,0,0.0
2025-04-02,DEMO-01,DZ-01,dozer,2.24,0.907,0,0.0
2025-04-03,DEMO-01,DZ-01,dozer,1.07,0.956,0,0.0
2025-04-04,DEMO-01,DZ-01,dozer,0.89,0.963,0,0.0
2025-04-05,DEMO-01,DZ-01,dozer,1.78,0.926,0,0.0
2025-04-06,DEMO-01,DZ-01,dozer,1.28,0.947,0,0.0
2025-04-07,DEMO-01,DZ-01,dozer,1.21,0.95,0,0.0
2025-04-08,DEMO-01,DZ-01,dozer,0.6,0.975,0,0.0
2025-04-09,DEMO-01,DZ-01,dozer,0.39,0.984,0,0.0
2025-04-10,DEMO-01,DZ-01,dozer,2.49,0.896,0,0.0
2025-04-11,DEMO-01,DZ-01,dozer,3.11,0.87,0,0.0
2025-04-12,DEMO-01,DZ-01,dozer,1.49,0.938,0,0.0
2025-04-13,DEMO-01,DZ-01,dozer,2.34,0.903,0,0.0
2025-04-14,DEMO-01,DZ-01,dozer,0.88,0.963,0,0.0
2025-04-15,DEMO-01,DZ-01,dozer,0.5,0.979,0,0.0
2025-04-16,DEMO-01,DZ-01,dozer,0.86,0.964,0,0.0
2025-04-17,DEMO-01,DZ-01,dozer,0.85,0.964,0,0.0
2025-04-18,DEMO-01,DZ-01,dozer,1.37,0.943,0,0.0
2025-04-19,DEMO-01,DZ-01,dozer,0.7,0.971,0,0.0
2025-04-20,DEMO-01,DZ-01,dozer,1.43,0.94,0,0.0
2025-04-21,DEMO-01,DZ-01,dozer,1.45,0.94,0,0.0
2025-04-22,DEMO-01,DZ-01,dozer,0.37,0.985,0,0.0
2025-04-23,DEMO-01,DZ-01,dozer,1.48,0.938,0,0.0
2025-04-24,DEMO-01,DZ-01,dozer,0.75,0.969,0,0.0
2025-04-25,DEMO-01,DZ-01,dozer,0.56,0.977,0,0.0
2025-04-26,DEMO-01,DZ-01,dozer,1.99,0.917,0,0.0
2025-04-27,DEMO-01,DZ-01,dozer,0.57,0.976,0,0.0
2025-04-28,DEMO-01,DZ-01,dozer,5.83,0.757,1,5.32
2025-04-29,DEMO-01,DZ-01,dozer,0.95,0.96,0,0.0
2025-04-30,DEMO-01,DZ-01,dozer,0.47,0.98,0,0.0
2025-05-01,DEMO-01,DZ-01,dozer,1.62,0.933,0,0.0
2025-05-02,DEMO-01,DZ-01,dozer,1.64,0.932,0,0.0
2025-05-03,DEMO-01,DZ-01,dozer,2.17,0.909,0,0.0
2025-05-04,DEMO-01,DZ-01,dozer,0.58,0.976,0,0.0
2025-05-05,DEMO-01,DZ-01,dozer,0.85,0.965,0,0.0
2025-05-06,DEMO-01,DZ-01,dozer,0.58,0.976,0,0.0
2025-05-07,DEMO-01,DZ-01,dozer,1.57,0.935,0,0.0
2025-05-08,DEMO-01,DZ-01,dozer,0.54,0.977,0,0.0
2025-05-09,DEMO-01,DZ-01,dozer,0.72,0.97,0,0.0
2025-05-10,DEMO-01,DZ-01,dozer,1.33,0.945,0,0.0
2025-05-11,DEMO-01,DZ-01,dozer,2.02,0.916,0,0.0
2025-05-12,DEMO-01,DZ-01,dozer,0.27,0.989,0,0.0
2025-05-13,DEMO-01,DZ-01,dozer,1.41,0.941,0,0.0
2025-05-14,DEMO-01,DZ-01,dozer,2.57,0.893,0,0.0
2025-05-15,DEMO-01,DZ-01,dozer,3.4,0.858,0,0.0
2025-05-16,DEMO-01,DZ-01,dozer,0.62,0.974,0,0.0
2025-05-17,DEMO-01,DZ-01,dozer,0.63,0.974,0,0.0
2025-05-18,DEMO-01,DZ-01,dozer,0.65,0.973,0,0.0
2025-05-19,DEMO-01,DZ-01,dozer,0.4,0.983,0,0.0
2025-05-20,DEMO-01,DZ-01,dozer,2.38,0.901,0,0.0
2025-05-21,DEMO-01,DZ-01,dozer,1.15,0.952,0,0.0
2025-05-22,DEMO-01,DZ-01,dozer,0.84,0.965,0,0.0
2025-05-23,DEMO-01,DZ-01,dozer,0.86,0.964,0,0.0
2025-05-24,DEMO-01,DZ-01,dozer,0.97,0.96,0,0.0
2025-05-25,DEMO-01,DZ-01,dozer,2.09,0.913,0,0.0
2025-05-26,DEMO-01,DZ-01,dozer,1.44,0.94,0,0.0
2025-05-27,DEMO-01,DZ-01,dozer,3.56,0.852,0,0.0
2025-05-28,DEMO-01,DZ-01,dozer,1.16,0.952,0,0.0
2025-05-29,DEMO-01,DZ-01,dozer,0.69,0.971,0,0.0
2025-05-30,DEMO-01,DZ-01,dozer,0.3,0.987,0,0.0
2025-05-31,DEMO-01,DZ-01,dozer,2.87,0.881,0,0.0
2025-06-01,DEMO-01,DZ-01,dozer,1.65,0.931,0,0.0
2025-06-02,DEMO-01,DZ-01,dozer,0.07,0.997,0,0.0
2025-06-03,DEMO-01,DZ-01,dozer,4.33,0.82,0,0.0
2025-06-04,DEMO-01,DZ-01,dozer,1.64,0.932,0,0.0
2025-06-05,DEMO-01,DZ-01,dozer,4.95,0.794,0,0.0
2025-06-06,DEMO-01,DZ-01,dozer,2.76,0.885,0,0.0
2025-06-07,DEMO-01,DZ-01,dozer,6.81,0.716,0,0.0
2025-06-08,DEMO-01,DZ-01,dozer,0.41,0.983,0,0.0
2025-06-09,DEMO-01,DZ-01,dozer,1.76,0.927,0,0.0
2025-06-10,DEMO-01,DZ-01,dozer,2.32,0.903,0,0.0
2025-06-11,DEMO-01,DZ-01,dozer,1.75,0.927,0,0.0
2025-06-12,DEMO-01,DZ-01,dozer,4.14,0.828,0,0.0
2025-06-13,DEMO-01,DZ-01,dozer,2.39,0.901,0,0.0
2025-06-14,DEMO-01,DZ-01,dozer,7.48,0.688,0,0.0
2025-06-15,DEMO-01,DZ-01,dozer,5.78,0.759,1,5.31
2025-06-16,DEMO-01,DZ-01,dozer,3.91,0.837,1,1.71
2025-06-17,DEMO-01,DZ-01,dozer,0.51,0.979,0,0.0
2025-06-18,DEMO-01,DZ-01,dozer,2.18,0.909,0,0.0
2025-06-19,DEMO-01,DZ-01,dozer,0.36,0.985,0,0.0
2025-06-20,DEMO-01,DZ-01,dozer,2.48,0.897,0,0.0
2025-06-21,DEMO-01,DZ-01,dozer,0.57,0.976,0,0.0
2025-06-22,DEMO-01,DZ-01,dozer,2.16,0.91,0,0.0
2025-06-23,DEMO-01,DZ-01,dozer,8.41,0.65,1,8.99
2025-06-24,DEMO-01,DZ-01,dozer,7.15,0.702,0,0.0
2025-06-25,DEMO-01,DZ-01,dozer,4.39,0.817,0,0.0
2025-06-26,DEMO-01,DZ-01,dozer,17.64,0.265,1,7.89
2025-06-27,DEMO-01,DZ-01,dozer,4.66,0.806,1,4.0
2025-06-28,DEMO-01,DZ-01,dozer,2.51,0.895,0,0.0
2025-06-29,DEMO-01,DZ-01,dozer,1.64,0.932,0,0.0
2025-06-30,DEMO-01,DZ-01,dozer,1.38,0.942,0,0.0
2025-07-01,DEMO-01,DZ-01,dozer,11.07,0.539,1,9.89
2025-07-02,DEMO-01,DZ-01,dozer,6.77,0.718,1,5.08
2025-07-03,DEMO-01,DZ-01,dozer,1.45,0.94,0,0.0
2025-07-04,DEMO-01,DZ-01,dozer,10.77,0.551,0,0.0
2025-07-05,DEMO-01,DZ-01,dozer,8.0,0.667,0,0.0
2025-07-06,DEMO-01,DZ-01,dozer,2.29,0.905,0,0.0
2025-07-07,DEMO-01,DZ-01,dozer,2.99,0.875,0,0.0
2025-07-08,DEMO-01,DZ-01,dozer,3.6,0.85,0,0.0
2025-07-09,DEMO-01,DZ-01,dozer,0.54,0.977,0,0.0
2025-07-10,DEMO-01,DZ-01,dozer,6.95,0.71,1,5.85
2025-07-11,DEMO-01,DZ-01,dozer,5.22,0.782,0,0.0
2025-07-12,DEMO-01,DZ-01,dozer,4.67,0.806,0,0.0
2025-07-13,DEMO-01,DZ-01,dozer,4.58,0.809,0,0.0
2025-07-14,DEMO-01,DZ-01,dozer,4.07,0.83,0,0.0
2025-07-15,DEMO-01,DZ-01,dozer,2.35,0.902,0,0.0
2025-07-16,DEMO-01,DZ-01,dozer,5.53,0.769,0,0.0
2025-07-17,DEMO-01,DZ-01,dozer,5.06,0.789,0,0.0
2025-07-18,DEMO-01,DZ-01,dozer,6.59,0.725,0,0.0
2025-07-19,DEMO-01,DZ-01,dozer,1.98,0.918,0,0.0
2025-07-20,DEMO-01,DZ-01,dozer,2.35,0.902,0,0.0
2025-07-21,DEMO-01,DZ-01,dozer,1.59,0.934,0,0.0
2025-07-22,DEMO-01,DZ-01,dozer,0.33,0.986,0,0.0
2025-07-23,DEMO-01,DZ-01,dozer,0.41,0.983,0,0.0
2025-07-24,DEMO-01,DZ-01,dozer,2.63,0.891,0,0.0
2025-07-25,DEMO-01,DZ-01,dozer,1.67,0.931,0,0.0
2025-07-26,DEMO-01,DZ-01,dozer,2.8,0.883,0,0.0
2025-07-27,DEMO-01,DZ-01,dozer,8.3,0.654,1,4.1
2025-07-28,DEMO-01,DZ-01,dozer,4.26,0.822,0,0.0
2025-07-29,DEMO-01,DZ-01,dozer,4.76,0.801,0,0.0
2025-07-30,DEMO-01,DZ-01,dozer,7.76,0.677,0,0.0
2025-07-31,DEMO-01,DZ-01,dozer,0.65,0.973,0,0.0
2025-08-01,DEMO-01,DZ-01,dozer,1.21,0.949,0,0.0
2025-08-02,DEMO-01,DZ-01,dozer,4.87,0.797,0,0.0
2025-08-03,DEMO-01,DZ-01,dozer,1.84,0.923,0,0.0
2025-08-04,DEMO-01,DZ-01,dozer,2.1,0.913,0,0.0
2025-08-05,DEMO-01,DZ-01,dozer,3.25,0.864,0,0.0
2025-08-06,DEMO-01,DZ-01,dozer,0.6,0.975,0,0.0
2025-08-07,DEMO-01,DZ-01,dozer,6.74,0.719,0,0.0
2025-08-08,DEMO-01,DZ-01,dozer,0.99,0.959,0,0.0
2025-08-09,DEMO-01,DZ-01,dozer,1.31,0.945,0,0.0
2025-08-10,DEMO-01,DZ-01,dozer,7.09,0.705,0,0.0
2025-08-11,DEMO-01,DZ-01,dozer,2.77,0.885,0,0.0
2025-08-12,DEMO-01,DZ-01,dozer,1.33,0.945,0,0.0
2025-08-13,DEMO-01,DZ-01,dozer,2.81,0.883,0,0.0
2025-08-14,DEMO-01,DZ-01,dozer,4.39,0.817,0,0.0
2025-08-15,DEMO-01,DZ-01,dozer,9.6,0.6,0,0.0
2025-08-16,DEMO-01,DZ-01,dozer,1.56,0.935,0,0.0
2025-08-17,DEMO-01,DZ-01,dozer,7.16,0.702,0,0.0
2025-08-18,DEMO-01,DZ-01,dozer,2.0,0.917,0,0.0
2025-08-19,DEMO-01,DZ-01,dozer,8.78,0.634,0,0.0
2025-08-20,DEMO-01,DZ-01,dozer,1.95,0.919,0,0.0
2025-08-21,DEMO-01,DZ-01,dozer,4.56,0.81,0,0.0
2025-08-22,DEMO-01,DZ-01,dozer,0.44,0.982,0,0.0
2025-08-23,DEMO-01,DZ-01,dozer,1.92,0.92,0,0.0
2025-08-24,DEMO-01,DZ-01,dozer,2.73,0.886,0,0.0
2025-08-25,DEMO-01,DZ-01,dozer,0.41,0.983,0,0.0
2025-08-26,DEMO-01,DZ-01,dozer,2.28,0.905,0,0.0
2025-08-27,DEMO-01,DZ-01,dozer,1.19,0.95,0,0.0
2025-08-28,DEMO-01,DZ-01,dozer,2.59,0.892,0,0.0
2025-08-29,DEMO-01,DZ-01,dozer,1.31,0.946,0,0.0
2025-08-30,DEMO-01,DZ-01,dozer,1.91,0.92,0,0.0
2025-08-31,DEMO-01,DZ-01,dozer,3.31,0.862,0,0.0
2025-09-01,DEMO-01,DZ-01,dozer,2.34,0.902,0,0.0
2025-09-02,DEMO-01,DZ-01,dozer,3.37,0.86,0,0.0
2025-09-03,DEMO-01,DZ-01,dozer,1.91,0.92,0,0.0
2025-09-04,DEMO-01,DZ-01,dozer,1.48,0.938,0,0.0
2025-09-05,DEMO-01,DZ-01,dozer,4.54,0.811,0,0.0
2025-09-06,DEMO-01,DZ-01,dozer,3.6,0.85,1,4.01
2025-09-07,DEMO-01,DZ-01,dozer,1.13,0.953,0,0.0
2025-09-08,DEMO-01,DZ-01,dozer,1.15,0.952,0,0.0
2025-09-09,DEMO-01,DZ-01,dozer,0.71,0.97,0,0.0
2025-09-10,DEMO-01,DZ-01,dozer,3.45,0.856,0,0.0
2025-09-11,DEMO-01,DZ-01,dozer,2.04,0.915,0,0.0
2025-09-12,DEMO-01,DZ-01,dozer,0.29,0.988,0,0.0
2025-09-13,DEMO-01,DZ-01,dozer,2.79,0.884,0,0.0
2025-09-14,DEMO-01,DZ-01,dozer,3.08,0.872,0,0.0
2025-09-15,DEMO-01,DZ-01,dozer,3.71,0.846,0,0.0
2025-09-16,DEMO-01,DZ-01,dozer,1.12,0.953,0,0.0
2025-09-17,DEMO-01,DZ-01,dozer,1.5,0.938,0,0.0
2025-09-18,DEMO-01,DZ-01,dozer,3.84,0.84,0,0.0
2025-09-19,DEMO-01,DZ-01,dozer,2.88,0.88,0,0.0
2025-09-20,DEMO-01,DZ-01,dozer,0.92,0.962,0,0.0
2025-09-21,DEMO-01,DZ-01,dozer,0.95,0.96,0,0.0
2025-09-22,DEMO-01,DZ-01,dozer,3.24,0.865,0,0.0
2025-09-23,DEMO-01,DZ-01,dozer,0.59,0.975,0,0.0
2025-09-24,DEMO-01,DZ-01,dozer,1.71,0.929,0,0.0
2025-09-25,DEMO-01,DZ-01,dozer,0.64,0.973,0,0.0
2025-09-26,DEMO-01,DZ-01,dozer,0.95,0.96,0,0.0
2025-09-27,DEMO-01,DZ-01,dozer,1.63,0.932,0,0.0
2025-09-28,DEMO-01,DZ-01,dozer,4.36,0.818,0,0.0
2025-09-29,DEMO-01,DZ-01,dozer,0.66,0.973,0,0.0
2025-09-30,DEMO-01,DZ-01,dozer,3.08,0.872,0,0.0
2025-10-01,DEMO-01,DZ-01,dozer,1.3,0.946,0,0.0
2025-10-02,DEMO-01,DZ-01,dozer,2.31,0.904,0,0.0
2025-10-03,DEMO-01,DZ-01,dozer,2.59,0.892,0,0.0
2025-10-04,DEMO-01,DZ-01,dozer,1.94,0.919,0,0.0
2025-10-05,DEMO-01,DZ-01,dozer,1.58,0.934,0,0.0
2025-10-06,DEMO-01,DZ-01,dozer,0.62,0.974,0,0.0
2025-10-07,DEMO-01,DZ-01,dozer,1.38,0.942,0,0.0
2025-10-08,DEMO-01,DZ-01,dozer,0.23,0.99,0,0.0
2025-10-09,DEMO-01,DZ-01,dozer,0.28,0.988,0,0.0
2025-10-10,DEMO-01,DZ-01,dozer,1.14,0.953,0,0.0
2025-10-11,DEMO-01,DZ-01,dozer,1.09,0.955,0,0.0
2025-10-12,DEMO-01,DZ-01,dozer,1.1,0.954,0,0.0
2025-10-13,DEMO-01,DZ-01,dozer,1.25,0.948,0,0.0
2025-10-14,DEMO-01,DZ-01,dozer,3.03,0.874,0,0.0
2025-10-15,DEMO-01,DZ-01,dozer,0.71,0.97,0,0.0
2025-10-16,DEMO-01,DZ-01,dozer,0.46,0.981,0,0.0
2025-10-17,DEMO-01,DZ-01,dozer,0.86,0.964,0,0.0
2025-10-18,DEMO-01,DZ-01,dozer,7.01,0.708,1,6.66
2025-10-19,DEMO-01,DZ-01,dozer,1.75,0.927,0,0.0
2025-10-20,DEMO-01,DZ-01,dozer,1.47,0.939,0,0.0
2025-10-21,DEMO-01,DZ-01,dozer,0.28,0.988,0,0.0
2025-10-22,DEMO-01,DZ-01,dozer,0.89,0.963,0,0.0
2025-10-23,DEMO-01,DZ-01,dozer,2.15,0.91,0,0.0
2025-10-24,DEMO-01,DZ-01,dozer,0.49,0.979,0,0.0
2025-10-25,DEMO-01,DZ-01,dozer,0.58,0.976,0,0.0
2025-10-26,DEMO-01,DZ-01,dozer,2.54,0.894,0,0.0
2025-10-27,DEMO-01,DZ-01,dozer,0.42,0.982,0,0.0
2025-10-28,DEMO-01,DZ-01,dozer,0.6,0.975,0,0.0
2025-10-29,DEMO-01,DZ-01,dozer,1.38,0.943,0,0.0
2025-10-30,DEMO-01,DZ-01,dozer,1.74,0.928,0,0.0
2025-10-31,DEMO-01,DZ-01,dozer,1.75,0.927,0,0.0
2025-11-01,DEMO-01,DZ-01,dozer,2.98,0.876,0,0.0
2025-11-02,DEMO-01,DZ-01,dozer,0.51,0.979,0,0.0
2025-11-03,DEMO-01,DZ-01,dozer,0.8,0.967,0,0.0
2025-11-04,DEMO-01,DZ-01,dozer,0.85,0.965,0,0.0
2025-11-05,DEMO-01,DZ-01,dozer,0.94,0.961,0,0.0
2025-11-06,DEMO-01,DZ-01,dozer,0.63,0.974,0,0.0
2025-11-07,DEMO-01,DZ-01,dozer,0.5,0.979,0,0.0
2025-11-08,DEMO-01,DZ-01,dozer,1.83,0.924,0,0.0
2025-11-09,DEMO-01,DZ-01,dozer,0.7,0.971,0,0.0
2025-11-10,DEMO-01,DZ-01,dozer,0.83,0.965,0,0.0
2025-11-11,DEMO-01,DZ-01,dozer,6.38,0.734,1,4.82
2025-11-12,DEMO-01,DZ-01,dozer,1.44,0.94,0,0.0
2025-11-13,DEMO-01,DZ-01,dozer,0.57,0.976,0,0.0
2025-11-14,DEMO-01,DZ-01,dozer,1.66,0.931,0,0.0
2025-11-15,DEMO-01,DZ-01,dozer,1.36,0.944,0,0.0
2025-11-16,DEMO-01,DZ-01,dozer,1.96,0.918,0,0.0
2025-11-17,DEMO-01,DZ-01,dozer,0.3,0.987,0,0.0
2025-11-18,DEMO-01,DZ-01,dozer,1.5,0.937,0,0.0
2025-11-19,DEMO-01,DZ-01,dozer,2.15,0.91,0,0.0
2025-11-20,DEMO-01,DZ-01,dozer,2.13,0.911,0,0.0
2025-11-21,DEMO-01,DZ-01,dozer,0.22,0.991,0,0.0
2025-11-22,DEMO-01,DZ-01,dozer,1.07,0.955,0,0.0
2025-11-23,DEMO-01,DZ-01,dozer,1.52,0.936,0,0.0
2025-11-24,DEMO-01,DZ-01,dozer,1.85,0.923,0,0.0
2025-11-25,DEMO-01,DZ-01,dozer,0.73,0.969,0,0.0
2025-11-26,DEMO-01,DZ-01,dozer,2.9,0.879,0,0.0
2025-11-27,DEMO-01,DZ-01,dozer,0.34,0.986,0,0.0
2025-11-28,DEMO-01,DZ-01,dozer,1.02,0.958,0,0.0
2025-11-29,DEMO-01,DZ-01,dozer,1.75,0.927,0,0.0
2025-11-30,DEMO-01,DZ-01,dozer,1.07,0.955,0,0.0
2025-12-01,DEMO-01,DZ-01,dozer,0.27,0.989,0,0.0
2025-12-02,DEMO-01,DZ-01,dozer,1.42,0.941,0,0.0
2025-12-03,DEMO-01,DZ-01,dozer,4.01,0.833,0,0.0
2025-12-04,DEMO-01,DZ-01,dozer,0.7,0.971,0,0.0
2025-12-05,DEMO-01,DZ-01,dozer,0.44,0.982,0,0.0
2025-12-06,DEMO-01,DZ-01,dozer,2.15,0.91,0,0.0
2025-12-07,DEMO-01,DZ-01,dozer,7.9,0.671,1,8.11
2025-12-08,DEMO-01,DZ-01,dozer,0.39,0.984,0,0.0
2025-12-09,DEMO-01,DZ-01,dozer,1.13,0.953,0,0.0
2025-12-10,DEMO-01,DZ-01,dozer,2.01,0.916,0,0.0
2025-12-11,DEMO-01,DZ-01,dozer,1.6,0.933,0,0.0
2025-12-12,DEMO-01,DZ-01,dozer,0.97,0.959,0,0.0
2025-12-13,DEMO-01,DZ-01,dozer,0.29,0.988,0,0.0
2025-12-14,DEMO-01,DZ-01,dozer,1.87,0.922,0,0.0
2025-12-15,DEMO-01,DZ-01,dozer,1.73,0.928,0,0.0
2025-12-16,DEMO-01,DZ-01,dozer,0.68,0.972,0,0.0
2025-12-17,DEMO-01,DZ-01,dozer,1.91,0.921,0,0.0
2025-12-18,DEMO-01,DZ-01,dozer,3.2,0.867,0,0.0
2025-12-19,DEMO-01,DZ-01,dozer,1.37,0.943,0,0.0
2025-12-20,DEMO-01,DZ-01,dozer,0.79,0.967,0,0.0
2025-12-21,DEMO-01,DZ-01,dozer,1.47,0.939,0,0.0
2025-12-22,DEMO-01,DZ-01,dozer,0.67,0.972,0,0.0
2025-12-23,DEMO-01,DZ-01,dozer,2.25,0.906,0,0.0
2025-12-24,DEMO-01,DZ-01,dozer,1.14,0.952,0,0.0
2025-12-25,DEMO-01,DZ-01,dozer,0.95,0.96,0,0.0
2025-12-26,DEMO-01,DZ-01,dozer,0.62,0.974,0,0.0
2025-12-27,DEMO-01,DZ-01,dozer,1.14,0.952,0,0.0
2025-12-28,DEMO-01,DZ-01,dozer,1.84,0.923,0,0.0
2025-12-29,DEMO-01,DZ-01,dozer,0.45,0.981,0,0.0
2025-12-30,DEMO-01,DZ-01,dozer,0.9,0.963,0,0.0
2025-12-31,DEMO-01,DZ-01,dozer,2.12,0.912,0,0.0
