block_id,mine_id,x,y,z,volume_m3,density,estimated_mn_pct,kriging_variance,tonnage_t,is_ore
BLK-0001,DEMO-01,25.0,20.0,103.0,32068.4,2.924,22.104,222.9175,93768.0,1
BLK-0002,DEMO-01,25.0,20.0,117.89,32068.4,2.928,22.31,222.9484,93896.3,1
BLK-0003,DEMO-01,25.0,20.0,132.78,32068.4,2.906,21.896,223.7202,93190.8,1
BLK-0004,DEMO-01,25.0,20.0,147.67,32068.4,2.916,21.788,223.3964,93511.5,1
BLK-0005,DEMO-01,25.0,20.0,162.56,32068.4,2.919,17.247,209.0817,93607.7,0
BLK-0006,DEMO-01,25.0,20.0,177.44,32068.4,2.937,11.159,155.4787,94184.9,0
BLK-0007,DEMO-01,25.0,20.0,192.33,32068.4,2.898,7.356,84.2492,92934.2,0
BLK-0008,DEMO-01,25.0,20.0,207.22,32068.4,2.904,8.715,113.4379,93126.6,0
BLK-0009,DEMO-01,25.0,20.0,222.11,32068.4,2.953,10.056,172.0665,94698.0,0
BLK-0010,DEMO-01,25.0,20.0,237.0,32068.4,2.913,12.589,213.412,93415.2,0
BLK-0011,DEMO-01,25.0,63.08,103.0,32068.4,2.891,22.951,222.5802,92709.7,1
BLK-0012,DEMO-01,25.0,63.08,117.89,32068.4,2.909,22.952,221.9861,93287.0,1
BLK-0013,DEMO-01,25.0,63.08,132.78,32068.4,2.88,22.894,222.3106,92357.0,1
BLK-0014,DEMO-01,25.0,63.08,147.67,32068.4,2.919,21.629,222.89,93607.7,1
BLK-0015,DEMO-01,25.0,63.08,162.56,32068.4,2.928,16.761,201.7069,93896.3,0
BLK-0016,DEMO-01,25.0,63.08,177.44,32068.4,2.912,10.124,132.0534,93383.2,0
BLK-0017,DEMO-01,25.0,63.08,192.33,32068.4,2.916,6.137,82.8969,93511.5,0
BLK-0018,DEMO-01,25.0,63.08,207.22,32068.4,2.929,7.131,64.9986,93928.3,0
BLK-0019,DEMO-01,25.0,63.08,222.11,32068.4,2.893,10.964,146.5385,92773.9,0
BLK-0020,DEMO-01,25.0,63.08,237.0,32068.4,2.899,11.609,204.392,92966.3,0
BLK-0021,DEMO-01,25.0,106.15,103.0,32068.4,2.913,21.743,220.7816,93415.2,1
BLK-0022,DEMO-01,25.0,106.15,117.89,32068.4,2.906,22.952,221.9861,93190.8,1
BLK-0023,DEMO-01,25.0,106.15,132.78,32068.4,2.912,22.884,221.3946,93383.2,1
BLK-0024,DEMO-01,25.0,106.15,147.67,32068.4,2.901,22.712,221.5241,93030.4,1
BLK-0025,DEMO-01,25.0,106.15,162.56,32068.4,2.941,18.175,199.1527,94313.2,0
BLK-0026,DEMO-01,25.0,106.15,177.44,32068.4,2.952,11.79,135.5396,94665.9,0
BLK-0027,DEMO-01,25.0,106.15,192.33,32068.4,2.93,8.544,105.322,93960.4,0
BLK-0028,DEMO-01,25.0,106.15,207.22,32068.4,2.919,8.979,81.3138,93607.7,0
BLK-0029,DEMO-01,25.0,106.15,222.11,32068.4,2.919,11.654,142.6518,93607.7,0
BLK-0030,DEMO-01,25.0,106.15,237.0,32068.4,2.897,14.324,200.7064,92902.2,0
BLK-0031,DEMO-01,25.0,149.23,103.0,32068.4,2.923,21.743,220.7816,93735.9,1
BLK-0032,DEMO-01,25.0,149.23,117.89,32068.4,2.912,23.619,221.8218,93383.2,1
BLK-0033,DEMO-01,25.0,149.23,132.78,32068.4,2.914,23.613,221.8196,93447.3,1
BLK-0034,DEMO-01,25.0,149.23,147.67,32068.4,2.943,23.675,220.0581,94377.3,1
BLK-0035,DEMO-01,25.0,149.23,162.56,32068.4,3.014,18.741,197.1703,96654.2,0
BLK-0036,DEMO-01,25.0,149.23,177.44,32068.4,3.024,16.086,151.6174,96974.8,0
BLK-0037,DEMO-01,25.0,149.23,192.33,32068.4,2.943,14.575,138.7953,94377.3,0
BLK-0038,DEMO-01,25.0,149.23,207.22,32068.4,2.926,14.613,127.844,93832.1,0
BLK-0039,DEMO-01,25.0,149.23,222.11,32068.4,2.903,15.359,153.8938,93094.6,0
BLK-0040,DEMO-01,25.0,149.23,237.0,32068.4,2.887,16.454,202.2954,92581.5,0
BLK-0041,DEMO-01,25.0,192.31,103.0,32068.4,2.93,21.622,220.0308,93960.4,1
BLK-0042,DEMO-01,25.0,192.31,117.89,32068.4,2.918,22.893,220.09,93575.6,1
BLK-0043,DEMO-01,25.0,192.31,132.78,32068.4,2.906,24.692,221.7117,93190.8,1
BLK-0044,DEMO-01,25.0,192.31,147.67,32068.4,2.945,25.002,217.6458,94441.4,1
BLK-0045,DEMO-01,25.0,192.31,162.56,32068.4,3.095,23.46,187.5416,99251.7,1
BLK-0046,DEMO-01,25.0,192.31,177.44,32068.4,3.196,21.677,146.7546,102490.6,1
BLK-0047,DEMO-01,25.0,192.31,192.33,32068.4,2.968,22.402,151.8189,95179.0,1
BLK-0048,DEMO-01,25.0,192.31,207.22,32068.4,2.902,21.326,139.95,93062.5,1
BLK-0049,DEMO-01,25.0,192.31,222.11,32068.4,2.915,18.728,159.6407,93479.4,0
BLK-0050,DEMO-01,25.0,192.31,237.0,32068.4,2.931,17.683,204.7311,93992.5,0
BLK-0051,DEMO-01,25.0,235.38,103.0,32068.4,2.919,22.087,220.0564,93607.7,1
BLK-0052,DEMO-01,25.0,235.38,117.89,32068.4,2.933,22.087,220.0564,94056.6,1
BLK-0053,DEMO-01,25.0,235.38,132.78,32068.4,2.931,23.839,220.7403,93992.5,1
BLK-0054,DEMO-01,25.0,235.38,147.67,32068.4,2.918,22.904,216.6713,93575.6,1
BLK-0055,DEMO-01,25.0,235.38,162.56,32068.4,2.963,25.2,179.444,95018.7,1
BLK-0056,DEMO-01,25.0,235.38,177.44,32068.4,3.422,27.848,127.6039,109738.1,1
BLK-0057,DEMO-01,25.0,235.38,192.33,32068.4,3.288,28.988,139.3986,105440.9,1
BLK-0058,DEMO-01,25.0,235.38,207.22,32068.4,2.922,27.357,132.8897,93703.9,1
BLK-0059,DEMO-01,25.0,235.38,222.11,32068.4,2.912,21.677,160.633,93383.2,1
BLK-0060,DEMO-01,25.0,235.38,237.0,32068.4,2.921,19.037,207.3776,93671.8,0
BLK-0061,DEMO-01,25.0,278.46,103.0,32068.4,2.936,20.933,218.9235,94152.8,1
BLK-0062,DEMO-01,25.0,278.46,117.89,32068.4,2.909,22.007,219.1426,93287.0,1
BLK-0063,DEMO-01,25.0,278.46,132.78,32068.4,2.908,21.531,221.8882,93254.9,1
BLK-0064,DEMO-01,25.0,278.46,147.67,32068.4,2.916,22.625,217.8244,93511.5,1
BLK-0065,DEMO-01,25.0,278.46,162.56,32068.4,2.932,25.511,182.7739,94024.5,1
BLK-0066,DEMO-01,25.0,278.46,177.44,32068.4,3.211,29.643,122.3262,102971.6,1
BLK-0067,DEMO-01,25.0,278.46,192.33,32068.4,3.758,32.855,108.0844,120513.0,1
BLK-0068,DEMO-01,25.0,278.46,207.22,32068.4,3.146,30.199,122.8849,100887.2,1
BLK-0069,DEMO-01,25.0,278.46,222.11,32068.4,2.925,22.758,168.5107,93800.1,1
BLK-0070,DEMO-01,25.0,278.46,237.0,32068.4,2.922,19.04,210.9782,93703.9,0
BLK-0071,DEMO-01,25.0,321.54,103.0,32068.4,2.911,19.032,220.1533,93351.1,0
BLK-0072,DEMO-01,25.0,321.54,117.89,32068.4,2.927,19.185,220.5791,93864.2,0
BLK-0073,DEMO-01,25.0,321.54,132.78,32068.4,2.918,20.867,221.1337,93575.6,1
BLK-0074,DEMO-01,25.0,321.54,147.67,32068.4,2.927,21.948,219.5113,93864.2,1
BLK-0075,DEMO-01,25.0,321.54,162.56,32068.4,2.925,24.745,189.7964,93800.1,1
BLK-0076,DEMO-01,25.0,321.54,177.44,32068.4,3.151,29.494,121.9713,101047.5,1
BLK-0077,DEMO-01,25.0,321.54,192.33,32068.4,3.782,34.756,61.0108,121282.7,1
BLK-0078,DEMO-01,25.0,321.54,207.22,32068.4,3.254,30.861,124.8694,104350.6,1
BLK-0079,DEMO-01,25.0,321.54,222.11,32068.4,2.947,24.258,182.9253,94505.6,1
BLK-0080,DEMO-01,25.0,321.54,237.0,32068.4,2.925,18.388,215.7169,93800.1,0
BLK-0081,DEMO-01,25.0,364.62,103.0,32068.4,2.903,19.032,220.1533,93094.6,0
BLK-0082,DEMO-01,25.0,364.62,117.89,32068.4,2.919,19.931,221.24,93607.7,0
BLK-0083,DEMO-01,25.0,364.62,132.78,32068.4,2.885,20.867,221.1337,92517.3,1
BLK-0084,DEMO-01,25.0,364.62,147.67,32068.4,2.909,20.784,219.0578,93287.0,1
BLK-0085,DEMO-01,25.0,364.62,162.56,32068.4,2.962,23.198,188.0824,94986.6,1
BLK-0086,DEMO-01,25.0,364.62,177.44,32068.4,3.358,27.66,117.7748,107685.7,1
BLK-0087,DEMO-01,25.0,364.62,192.33,32068.4,3.543,32.135,84.1111,113618.3,1
BLK-0088,DEMO-01,25.0,364.62,207.22,32068.4,2.968,30.306,140.2869,95179.0,1
BLK-0089,DEMO-01,25.0,364.62,222.11,32068.4,2.912,24.033,194.5991,93383.2,1
BLK-0090,DEMO-01,25.0,364.62,237.0,32068.4,2.921,18.898,219.8326,93671.8,0
BLK-0091,DEMO-01,25.0,407.69,103.0,32068.4,2.922,19.578,222.0942,93703.9,0
BLK-0092,DEMO-01,25.0,407.69,117.89,32068.4,2.929,19.931,221.24,93928.3,0
BLK-0093,DEMO-01,25.0,407.69,132.78,32068.4,2.913,20.793,222.3745,93415.2,1
BLK-0094,DEMO-01,25.0,407.69,147.67,32068.4,2.92,21.197,218.8199,93639.7,1
BLK-0095,DEMO-01,25.0,407.69,162.56,32068.4,3.063,20.708,180.5179,98225.5,1
BLK-0096,DEMO-01,25.0,407.69,177.44,32068.4,3.359,23.033,91.0762,107717.8,1
BLK-0097,DEMO-01,25.0,407.69,192.33,32068.4,3.026,27.932,100.1014,97039.0,1
BLK-0098,DEMO-01,25.0,407.69,207.22,32068.4,2.896,27.879,148.6155,92870.1,1
BLK-0099,DEMO-01,25.0,407.69,222.11,32068.4,2.902,22.772,200.8502,93062.5,1
BLK-0100,DEMO-01,25.0,407.69,237.0,32068.4,2.936,17.94,220.22,94152.8,0
BLK-0101,DEMO-01,25.0,450.77,103.0,32068.4,2.913,22.917,224.9492,93415.2,1
BLK-0102,DEMO-01,25.0,450.77,117.89,32068.4,2.919,22.917,224.9492,93607.7,1
BLK-0103,DEMO-01,25.0,450.77,132.78,32068.4,2.91,22.917,224.9492,93319.0,1
BLK-0104,DEMO-01,25.0,450.77,147.67,32068.4,2.912,21.404,220.1833,93383.2,1
BLK-0105,DEMO-01,25.0,450.77,162.56,32068.4,3.099,20.522,181.7964,99380.0,1
BLK-0106,DEMO-01,25.0,450.77,177.44,32068.4,3.039,18.165,85.7883,97455.9,0
BLK-0107,DEMO-01,25.0,450.77,192.33,32068.4,2.923,22.398,106.6426,93735.9,1
BLK-0108,DEMO-01,25.0,450.77,207.22,32068.4,2.916,24.923,154.7841,93511.5,1
BLK-0109,DEMO-01,25.0,450.77,222.11,32068.4,2.919,21.632,204.6189,93607.7,1
BLK-0110,DEMO-01,25.0,450.77,237.0,32068.4,2.907,17.949,220.8288,93222.8,0
BLK-0111,DEMO-01,25.0,493.85,103.0,32068.4,2.892,22.917,224.9492,92741.8,1
BLK-0112,DEMO-01,25.0,493.85,117.89,32068.4,2.906,22.917,224.9492,93190.8,1
BLK-0113,DEMO-01,25.0,493.85,132.78,32068.4,2.906,22.917,224.9492,93190.8,1
BLK-0114,DEMO-01,25.0,493.85,147.67,32068.4,2.912,19.365,223.4384,93383.2,0
BLK-0115,DEMO-01,25.0,493.85,162.56,32068.4,2.987,17.211,194.214,95788.3,0
BLK-0116,DEMO-01,25.0,493.85,177.44,32068.4,2.958,15.163,130.8539,94858.3,0
BLK-0117,DEMO-01,25.0,493.85,192.33,32068.4,2.926,16.783,125.6686,93832.1,0
BLK-0118,DEMO-01,25.0,493.85,207.22,32068.4,2.918,20.306,165.5859,93575.6,1
BLK-0119,DEMO-01,25.0,493.85,222.11,32068.4,2.929,19.76,208.4986,93928.3,0
BLK-0120,DEMO-01,25.0,493.85,237.0,32068.4,2.914,18.221,221.5477,93447.3,0
BLK-0121,DEMO-01,25.0,536.92,103.0,32068.4,2.927,22.246,225.6097,93864.2,1
BLK-0122,DEMO-01,25.0,536.92,117.89,32068.4,2.914,20.477,226.7218,93447.3,1
BLK-0123,DEMO-01,25.0,536.92,132.78,32068.4,2.922,19.755,225.5651,93703.9,0
BLK-0124,DEMO-01,25.0,536.92,147.67,32068.4,2.897,19.621,225.0001,92902.2,0
BLK-0125,DEMO-01,25.0,536.92,162.56,32068.4,2.888,17.078,208.0023,92613.5,0
BLK-0126,DEMO-01,25.0,536.92,177.44,32068.4,2.942,13.012,159.9707,94345.2,0
BLK-0127,DEMO-01,25.0,536.92,192.33,32068.4,2.929,12.548,133.3827,93928.3,0
BLK-0128,DEMO-01,25.0,536.92,207.22,32068.4,2.923,16.518,172.0635,93735.9,0
BLK-0129,DEMO-01,25.0,536.92,222.11,32068.4,2.909,17.814,212.6655,93287.0,0
BLK-0130,DEMO-01,25.0,536.92,237.0,32068.4,2.936,17.502,222.9504,94152.8,0
BLK-0131,DEMO-01,25.0,580.0,103.0,32068.4,2.91,19.338,226.5037,93319.0,0
BLK-0132,DEMO-01,25.0,580.0,117.89,32068.4,2.922,19.024,226.0149,93703.9,0
BLK-0133,DEMO-01,25.0,580.0,132.78,32068.4,2.924,19.024,226.0149,93768.0,0
BLK-0134,DEMO-01,25.0,580.0,147.67,32068.4,2.939,19.755,225.5651,94249.0,0
BLK-0135,DEMO-01,25.0,580.0,162.56,32068.4,2.912,17.778,217.0557,93383.2,0
BLK-0136,DEMO-01,25.0,580.0,177.44,32068.4,2.91,13.261,178.0341,93319.0,0
BLK-0137,DEMO-01,25.0,580.0,192.33,32068.4,2.9,11.228,137.5037,92998.4,0
BLK-0138,DEMO-01,25.0,580.0,207.22,32068.4,2.937,15.136,174.7162,94184.9,0
BLK-0139,DEMO-01,25.0,580.0,222.11,32068.4,2.922,16.915,214.4156,93703.9,0
BLK-0140,DEMO-01,25.0,580.0,237.0,32068.4,2.922,18.01,222.9363,93703.9,0
BLK-0141,DEMO-01,75.0,20.0,103.0,32068.4,2.957,23.069,223.9205,94826.3,1
BLK-0142,DEMO-01,75.0,20.0,117.89,32068.4,2.92,23.069,223.9205,93639.7,1
BLK-0143,DEMO-01,75.0,20.0,132.78,32068.4,2.899,22.102,223.6939,92966.3,1
BLK-0144,DEMO-01,75.0,20.0,147.67,32068.4,2.914,21.741,223.2333,93447.3,1
BLK-0145,DEMO-01,75.0,20.0,162.56,32068.4,2.903,14.803,206.1581,93094.6,0
BLK-0146,DEMO-01,75.0,20.0,177.44,32068.4,2.911,9.086,143.7015,93351.1,0
BLK-0147,DEMO-01,75.0,20.0,192.33,32068.4,2.911,4.984,74.9102,93351.1,0
BLK-0148,DEMO-01,75.0,20.0,207.22,32068.4,2.909,6.655,98.9128,93287.0,0
BLK-0149,DEMO-01,75.0,20.0,222.11,32068.4,2.898,9.29,144.2033,92934.2,0
BLK-0150,DEMO-01,75.0,20.0,237.0,32068.4,2.937,12.869,202.7919,94184.9,0
BLK-0151,DEMO-01,75.0,63.08,103.0,32068.4,2.92,22.584,222.6342,93639.7,1
BLK-0152,DEMO-01,75.0,63.08,117.89,32068.4,2.913,23.455,223.6783,93415.2,1
BLK-0153,DEMO-01,75.0,63.08,132.78,32068.4,2.926,22.353,223.6681,93832.1,1
BLK-0154,DEMO-01,75.0,63.08,147.67,32068.4,2.922,21.556,222.55,93703.9,1
BLK-0155,DEMO-01,75.0,63.08,162.56,32068.4,2.92,17.795,193.1177,93639.7,0
BLK-0156,DEMO-01,75.0,63.08,177.44,32068.4,2.925,7.59,106.101,93800.1,0
BLK-0157,DEMO-01,75.0,63.08,192.33,32068.4,2.919,3.23,67.9144,93607.7,0
BLK-0158,DEMO-01,75.0,63.08,207.22,32068.4,2.926,4.453,73.7397,93832.1,0
BLK-0159,DEMO-01,75.0,63.08,222.11,32068.4,2.926,6.739,100.4308,93832.1,0
BLK-0160,DEMO-01,75.0,63.08,237.0,32068.4,2.918,11.542,187.1695,93575.6,0
BLK-0161,DEMO-01,75.0,106.15,103.0,32068.4,2.913,22.787,222.0103,93415.2,1
BLK-0162,DEMO-01,75.0,106.15,117.89,32068.4,2.936,21.671,221.5695,94152.8,1
BLK-0163,DEMO-01,75.0,106.15,132.78,32068.4,2.91,22.138,223.1103,93319.0,1
BLK-0164,DEMO-01,75.0,106.15,147.67,32068.4,2.921,22.856,220.9414,93671.8,1
BLK-0165,DEMO-01,75.0,106.15,162.56,32068.4,2.922,18.178,189.0071,93703.9,0
BLK-0166,DEMO-01,75.0,106.15,177.44,32068.4,2.914,9.423,104.4325,93447.3,0
BLK-0167,DEMO-01,75.0,106.15,192.33,32068.4,2.913,5.679,85.6391,93415.2,0
BLK-0168,DEMO-01,75.0,106.15,207.22,32068.4,2.913,5.818,83.1419,93415.2,0
BLK-0169,DEMO-01,75.0,106.15,222.11,32068.4,2.91,8.26,90.0774,93319.0,0
BLK-0170,DEMO-01,75.0,106.15,237.0,32068.4,2.897,9.589,180.9948,92902.2,0
BLK-0171,DEMO-01,75.0,149.23,103.0,32068.4,2.908,22.587,222.1873,93254.9,1
BLK-0172,DEMO-01,75.0,149.23,117.89,32068.4,2.92,21.743,220.7816,93639.7,1
BLK-0173,DEMO-01,75.0,149.23,132.78,32068.4,2.933,23.619,221.8218,94056.6,1
BLK-0174,DEMO-01,75.0,149.23,147.67,32068.4,2.924,23.642,218.7233,93768.0,1
BLK-0175,DEMO-01,75.0,149.23,162.56,32068.4,2.888,21.775,185.3533,92613.5,1
BLK-0176,DEMO-01,75.0,149.23,177.44,32068.4,2.959,14.739,122.1114,94890.4,0
BLK-0177,DEMO-01,75.0,149.23,192.33,32068.4,2.931,11.96,115.1486,93992.5,0
BLK-0178,DEMO-01,75.0,149.23,207.22,32068.4,2.924,11.515,105.4312,93768.0,0
BLK-0179,DEMO-01,75.0,149.23,222.11,32068.4,2.916,11.321,109.3867,93511.5,0
BLK-0180,DEMO-01,75.0,149.23,237.0,32068.4,2.914,13.523,180.1201,93447.3,0
BLK-0181,DEMO-01,75.0,192.31,103.0,32068.4,2.915,23.877,221.4971,93479.4,1
BLK-0182,DEMO-01,75.0,192.31,117.89,32068.4,2.916,22.917,221.1592,93511.5,1
BLK-0183,DEMO-01,75.0,192.31,132.78,32068.4,2.934,22.649,220.5961,94088.7,1
BLK-0184,DEMO-01,75.0,192.31,147.67,32068.4,2.916,25.103,215.3921,93511.5,1
BLK-0185,DEMO-01,75.0,192.31,162.56,32068.4,2.94,23.557,171.768,94281.1,1
BLK-0186,DEMO-01,75.0,192.31,177.44,32068.4,3.022,22.222,106.0282,96910.7,1
BLK-0187,DEMO-01,75.0,192.31,192.33,32068.4,3.021,21.213,122.5203,96878.6,1
BLK-0188,DEMO-01,75.0,192.31,207.22,32068.4,2.903,20.359,94.4787,93094.6,1
BLK-0189,DEMO-01,75.0,192.31,222.11,32068.4,2.931,16.721,108.652,93992.5,0
BLK-0190,DEMO-01,75.0,192.31,237.0,32068.4,2.91,16.205,183.019,93319.0,0
BLK-0191,DEMO-01,75.0,235.38,103.0,32068.4,2.926,21.656,219.0001,93832.1,1
BLK-0192,DEMO-01,75.0,235.38,117.89,32068.4,2.903,21.092,219.3805,93094.6,1
BLK-0193,DEMO-01,75.0,235.38,132.78,32068.4,2.901,22.143,220.2459,93030.4,1
BLK-0194,DEMO-01,75.0,235.38,147.67,32068.4,2.942,23.42,213.6736,94345.2,1
BLK-0195,DEMO-01,75.0,235.38,162.56,32068.4,2.905,25.463,158.8958,93158.7,1
BLK-0196,DEMO-01,75.0,235.38,177.44,32068.4,3.004,28.962,44.0976,96333.5,1
BLK-0197,DEMO-01,75.0,235.38,192.33,32068.4,3.223,30.779,111.0319,103356.5,1
BLK-0198,DEMO-01,75.0,235.38,207.22,32068.4,3.044,29.126,71.3708,97616.2,1
BLK-0199,DEMO-01,75.0,235.38,222.11,32068.4,2.922,22.19,113.4157,93703.9,1
BLK-0200,DEMO-01,75.0,235.38,237.0,32068.4,2.899,18.452,192.0579,92966.3,0
BLK-0201,DEMO-01,75.0,278.46,103.0,32068.4,2.916,21.21,219.2066,93511.5,1
BLK-0202,DEMO-01,75.0,278.46,117.89,32068.4,2.902,20.991,218.9951,93062.5,1
BLK-0203,DEMO-01,75.0,278.46,132.78,32068.4,2.911,22.007,219.1426,93351.1,1
BLK-0204,DEMO-01,75.0,278.46,147.67,32068.4,2.928,21.848,214.3947,93896.3,1
BLK-0205,DEMO-01,75.0,278.46,162.56,32068.4,2.92,26.634,165.7768,93639.7,1
BLK-0206,DEMO-01,75.0,278.46,177.44,32068.4,2.918,32.294,83.6855,93575.6,1
BLK-0207,DEMO-01,75.0,278.46,192.33,32068.4,3.26,37.178,94.3673,104543.0,1
BLK-0208,DEMO-01,75.0,278.46,207.22,32068.4,3.446,33.951,60.4272,110507.7,1
BLK-0209,DEMO-01,75.0,278.46,222.11,32068.4,2.997,25.102,138.3753,96109.0,1
BLK-0210,DEMO-01,75.0,278.46,237.0,32068.4,2.928,18.222,202.2961,93896.3,0
BLK-0211,DEMO-01,75.0,321.54,103.0,32068.4,2.914,21.21,219.2066,93447.3,1
BLK-0212,DEMO-01,75.0,321.54,117.89,32068.4,2.901,19.032,220.1533,93030.4,0
BLK-0213,DEMO-01,75.0,321.54,132.78,32068.4,2.941,19.185,220.5791,94313.2,0
BLK-0214,DEMO-01,75.0,321.54,147.67,32068.4,2.916,21.432,216.8746,93511.5,1
BLK-0215,DEMO-01,75.0,321.54,162.56,32068.4,2.915,26.733,178.5677,93479.4,1
BLK-0216,DEMO-01,75.0,321.54,177.44,32068.4,2.932,34.241,111.7705,94024.5,1
BLK-0217,DEMO-01,75.0,321.54,192.33,32068.4,3.333,40.338,78.9987,106884.0,1
BLK-0218,DEMO-01,75.0,321.54,207.22,32068.4,3.709,37.135,66.233,118941.7,1
BLK-0219,DEMO-01,75.0,321.54,222.11,32068.4,3.062,26.217,160.7562,98193.4,1
BLK-0220,DEMO-01,75.0,321.54,237.0,32068.4,2.911,17.76,210.5075,93351.1,0
BLK-0221,DEMO-01,75.0,364.62,103.0,32068.4,2.934,18.635,220.8096,94088.7,0
BLK-0222,DEMO-01,75.0,364.62,117.89,32068.4,2.927,19.032,220.1533,93864.2,0
BLK-0223,DEMO-01,75.0,364.62,132.78,32068.4,2.913,19.931,221.24,93415.2,0
BLK-0224,DEMO-01,75.0,364.62,147.67,32068.4,2.934,20.711,217.5817,94088.7,1
BLK-0225,DEMO-01,75.0,364.62,162.56,32068.4,2.928,25.278,178.2489,93896.3,1
BLK-0226,DEMO-01,75.0,364.62,177.44,32068.4,3.036,32.561,111.4468,97359.7,1
BLK-0227,DEMO-01,75.0,364.62,192.33,32068.4,3.722,38.952,85.2922,119358.6,1
BLK-0228,DEMO-01,75.0,364.62,207.22,32068.4,3.47,36.359,100.1979,111277.3,1
BLK-0229,DEMO-01,75.0,364.62,222.11,32068.4,2.944,25.691,174.6582,94409.4,1
BLK-0230,DEMO-01,75.0,364.62,237.0,32068.4,2.917,17.766,216.7452,93543.5,0
BLK-0231,DEMO-01,75.0,407.69,103.0,32068.4,2.92,19.253,221.7044,93639.7,0
BLK-0232,DEMO-01,75.0,407.69,117.89,32068.4,2.894,20.097,221.7102,92805.9,1
BLK-0233,DEMO-01,75.0,407.69,132.78,32068.4,2.914,20.097,221.7102,93447.3,1
BLK-0234,DEMO-01,75.0,407.69,147.67,32068.4,2.913,21.777,218.4269,93415.2,1
BLK-0235,DEMO-01,75.0,407.69,162.56,32068.4,2.974,23.533,172.5047,95371.4,1
BLK-0236,DEMO-01,75.0,407.69,177.44,32068.4,3.413,28.15,93.8864,109449.4,1
BLK-0237,DEMO-01,75.0,407.69,192.33,32068.4,3.547,34.186,82.2107,113746.6,1
BLK-0238,DEMO-01,75.0,407.69,207.22,32068.4,2.99,32.949,98.3454,95884.5,1
BLK-0239,DEMO-01,75.0,407.69,222.11,32068.4,2.93,24.333,182.2539,93960.4,1
BLK-0240,DEMO-01,75.0,407.69,237.0,32068.4,2.916,17.01,218.7207,93511.5,0
BLK-0241,DEMO-01,75.0,450.77,103.0,32068.4,2.94,21.088,224.1486,94281.1,1
BLK-0242,DEMO-01,75.0,450.77,117.89,32068.4,2.925,21.088,224.1486,93800.1,1
BLK-0243,DEMO-01,75.0,450.77,132.78,32068.4,2.911,22.917,224.9492,93351.1,1
BLK-0244,DEMO-01,75.0,450.77,147.67,32068.4,2.923,23.029,220.4285,93735.9,1
BLK-0245,DEMO-01,75.0,450.77,162.56,32068.4,3.049,21.755,175.437,97776.6,1
BLK-0246,DEMO-01,75.0,450.77,177.44,32068.4,3.424,22.396,93.2626,109802.2,1
BLK-0247,DEMO-01,75.0,450.77,192.33,32068.4,3.085,26.365,77.8884,98931.0,1
BLK-0248,DEMO-01,75.0,450.77,207.22,32068.4,2.913,27.812,101.9652,93415.2,1
BLK-0249,DEMO-01,75.0,450.77,222.11,32068.4,2.922,22.627,188.465,93703.9,1
BLK-0250,DEMO-01,75.0,450.77,237.0,32068.4,2.932,17.354,220.1933,94024.5,0
BLK-0251,DEMO-01,75.0,493.85,103.0,32068.4,2.887,22.246,225.6097,92581.5,1
BLK-0252,DEMO-01,75.0,493.85,117.89,32068.4,2.934,22.246,225.6097,94088.7,1
BLK-0253,DEMO-01,75.0,493.85,132.78,32068.4,2.914,22.917,224.9492,93447.3,1
BLK-0254,DEMO-01,75.0,493.85,147.67,32068.4,2.893,19.704,223.2434,92773.9,0
BLK-0255,DEMO-01,75.0,493.85,162.56,32068.4,2.939,18.159,189.2201,94249.0,0
BLK-0256,DEMO-01,75.0,493.85,177.44,32068.4,3.137,16.383,114.9895,100598.6,0
BLK-0257,DEMO-01,75.0,493.85,192.33,32068.4,3.012,17.298,83.6029,96590.0,0
BLK-0258,DEMO-01,75.0,493.85,207.22,32068.4,2.919,20.359,128.3261,93607.7,1
BLK-0259,DEMO-01,75.0,493.85,222.11,32068.4,2.925,19.127,196.3354,93800.1,0
BLK-0260,DEMO-01,75.0,493.85,237.0,32068.4,2.909,17.784,221.9097,93287.0,0
BLK-0261,DEMO-01,75.0,536.92,103.0,32068.4,2.902,19.338,226.5037,93062.5,0
BLK-0262,DEMO-01,75.0,536.92,117.89,32068.4,2.911,19.338,226.5037,93351.1,0
BLK-0263,DEMO-01,75.0,536.92,132.78,32068.4,2.917,19.024,226.0149,93543.5,0
BLK-0264,DEMO-01,75.0,536.92,147.67,32068.4,2.919,19.645,225.0416,93607.7,0
BLK-0265,DEMO-01,75.0,536.92,162.56,32068.4,2.911,17.184,202.6378,93351.1,0
BLK-0266,DEMO-01,75.0,536.92,177.44,32068.4,2.986,12.743,132.669,95756.2,0
BLK-0267,DEMO-01,75.0,536.92,192.33,32068.4,2.98,10.042,73.5537,95563.8,0
BLK-0268,DEMO-01,75.0,536.92,207.22,32068.4,2.914,13.457,139.9843,93447.3,0
BLK-0269,DEMO-01,75.0,536.92,222.11,32068.4,2.909,16.802,201.7552,93287.0,0
BLK-0270,DEMO-01,75.0,536.92,237.0,32068.4,2.93,17.356,222.1225,93960.4,0
BLK-0271,DEMO-01,75.0,580.0,103.0,32068.4,2.914,17.866,225.615,93447.3,0
BLK-0272,DEMO-01,75.0,580.0,117.89,32068.4,2.907,17.433,225.5386,93222.8,0
BLK-0273,DEMO-01,75.0,580.0,132.78,32068.4,2.928,19.024,226.0149,93896.3,0
BLK-0274,DEMO-01,75.0,580.0,147.67,32068.4,2.944,19.014,225.9983,94409.4,0
BLK-0275,DEMO-01,75.0,580.0,162.56,32068.4,2.919,16.619,212.8017,93607.7,0
BLK-0276,DEMO-01,75.0,580.0,177.44,32068.4,2.937,11.487,153.2571,94184.9,0
BLK-0277,DEMO-01,75.0,580.0,192.33,32068.4,2.952,6.755,51.631,94665.9,0
BLK-0278,DEMO-01,75.0,580.0,207.22,32068.4,2.919,11.389,144.8104,93607.7,0
BLK-0279,DEMO-01,75.0,580.0,222.11,32068.4,2.917,15.476,205.5975,93543.5,0
BLK-0280,DEMO-01,75.0,580.0,237.0,32068.4,2.899,17.927,222.6865,92966.3,0
BLK-0281,DEMO-01,125.0,20.0,103.0,32068.4,2.913,17.175,222.5309,93415.2,0
BLK-0282,DEMO-01,125.0,20.0,117.89,32068.4,2.908,20.134,222.3982,93254.9,1
BLK-0283,DEMO-01,125.0,20.0,132.78,32068.4,2.911,23.092,224.5299,93351.1,1
BLK-0284,DEMO-01,125.0,20.0,147.67,32068.4,2.906,20.903,224.9003,93190.8,1
BLK-0285,DEMO-01,125.0,20.0,162.56,32068.4,2.912,17.332,206.4288,93383.2,0
BLK-0286,DEMO-01,125.0,20.0,177.44,32068.4,2.923,9.097,156.7783,93735.9,0
BLK-0287,DEMO-01,125.0,20.0,192.33,32068.4,2.915,5.2,117.7963,93479.4,0
BLK-0288,DEMO-01,125.0,20.0,207.22,32068.4,2.892,5.559,81.8898,92741.8,0
BLK-0289,DEMO-01,125.0,20.0,222.11,32068.4,2.906,8.414,128.815,93190.8,0
BLK-0290,DEMO-01,125.0,20.0,237.0,32068.4,2.896,10.589,200.5704,92870.1,0
BLK-0291,DEMO-01,125.0,63.08,103.0,32068.4,2.919,19.933,220.5897,93607.7,0
BLK-0292,DEMO-01,125.0,63.08,117.89,32068.4,2.923,21.709,223.0454,93735.9,1
BLK-0293,DEMO-01,125.0,63.08,132.78,32068.4,2.92,22.949,224.9179,93639.7,1
BLK-0294,DEMO-01,125.0,63.08,147.67,32068.4,2.906,21.711,222.3646,93190.8,1
BLK-0295,DEMO-01,125.0,63.08,162.56,32068.4,2.919,17.102,194.0283,93607.7,0
BLK-0296,DEMO-01,125.0,63.08,177.44,32068.4,2.91,8.218,117.0465,93319.0,0
BLK-0297,DEMO-01,125.0,63.08,192.33,32068.4,2.902,2.339,93.4056,93062.5,0
BLK-0298,DEMO-01,125.0,63.08,207.22,32068.4,2.926,2.513,72.5025,93832.1,0
BLK-0299,DEMO-01,125.0,63.08,222.11,32068.4,2.927,6.038,91.8973,93864.2,0
BLK-0300,DEMO-01,125.0,63.08,237.0,32068.4,2.929,8.797,184.5525,93928.3,0
BLK-0301,DEMO-01,125.0,106.15,103.0,32068.4,2.908,22.787,222.0103,93254.9,1
BLK-0302,DEMO-01,125.0,106.15,117.89,32068.4,2.932,22.584,222.6342,94024.5,1
BLK-0303,DEMO-01,125.0,106.15,132.78,32068.4,2.91,24.167,224.0879,93319.0,1
BLK-0304,DEMO-01,125.0,106.15,147.67,32068.4,2.925,22.587,221.7685,93800.1,1
BLK-0305,DEMO-01,125.0,106.15,162.56,32068.4,2.91,17.828,187.6783,93319.0,0
BLK-0306,DEMO-01,125.0,106.15,177.44,32068.4,2.916,9.255,96.5375,93511.5,0
BLK-0307,DEMO-01,125.0,106.15,192.33,32068.4,2.888,3.661,85.4586,92613.5,0
BLK-0308,DEMO-01,125.0,106.15,207.22,32068.4,2.913,2.511,92.744,93415.2,0
BLK-0309,DEMO-01,125.0,106.15,222.11,32068.4,2.917,5.438,82.9912,93543.5,0
BLK-0310,DEMO-01,125.0,106.15,237.0,32068.4,2.911,8.553,172.9643,93351.1,0
BLK-0311,DEMO-01,125.0,149.23,103.0,32068.4,2.939,23.384,222.6828,94249.0,1
BLK-0312,DEMO-01,125.0,149.23,117.89,32068.4,2.901,22.313,222.2497,93030.4,1
BLK-0313,DEMO-01,125.0,149.23,132.78,32068.4,2.909,22.584,222.6342,93287.0,1
BLK-0314,DEMO-01,125.0,149.23,147.67,32068.4,2.904,24.009,219.8421,93126.6,1
BLK-0315,DEMO-01,125.0,149.23,162.56,32068.4,2.912,19.938,185.9609,93383.2,0
BLK-0316,DEMO-01,125.0,149.23,177.44,32068.4,2.949,13.123,109.2771,94569.7,0
BLK-0317,DEMO-01,125.0,149.23,192.33,32068.4,2.949,9.966,91.4517,94569.7,0
BLK-0318,DEMO-01,125.0,149.23,207.22,32068.4,2.908,8.796,94.3353,93254.9,0
BLK-0319,DEMO-01,125.0,149.23,222.11,32068.4,2.907,6.938,77.622,93222.8,0
BLK-0320,DEMO-01,125.0,149.23,237.0,32068.4,2.901,10.049,166.7857,93030.4,0
BLK-0321,DEMO-01,125.0,192.31,103.0,32068.4,2.933,23.215,222.9478,94056.6,1
BLK-0322,DEMO-01,125.0,192.31,117.89,32068.4,2.931,23.215,222.9478,93992.5,1
BLK-0323,DEMO-01,125.0,192.31,132.78,32068.4,2.915,23.586,221.8364,93479.4,1
BLK-0324,DEMO-01,125.0,192.31,147.67,32068.4,2.898,22.948,215.7211,92934.2,1
BLK-0325,DEMO-01,125.0,192.31,162.56,32068.4,2.905,23.313,178.0015,93158.7,1
BLK-0326,DEMO-01,125.0,192.31,177.44,32068.4,2.979,20.462,110.1607,95531.8,1
BLK-0327,DEMO-01,125.0,192.31,192.33,32068.4,2.987,19.237,103.235,95788.3,0
BLK-0328,DEMO-01,125.0,192.31,207.22,32068.4,2.896,18.581,72.5484,92870.1,0
BLK-0329,DEMO-01,125.0,192.31,222.11,32068.4,2.912,11.556,54.3573,93383.2,0
BLK-0330,DEMO-01,125.0,192.31,237.0,32068.4,2.938,12.948,167.3185,94217.0,0
BLK-0331,DEMO-01,125.0,235.38,103.0,32068.4,2.913,21.255,220.4156,93415.2,1
BLK-0332,DEMO-01,125.0,235.38,117.89,32068.4,2.936,21.886,221.0165,94152.8,1
BLK-0333,DEMO-01,125.0,235.38,132.78,32068.4,2.925,22.976,220.8995,93800.1,1
BLK-0334,DEMO-01,125.0,235.38,147.67,32068.4,2.902,23.341,213.2835,93062.5,1
BLK-0335,DEMO-01,125.0,235.38,162.56,32068.4,2.914,26.005,168.3306,93447.3,1
BLK-0336,DEMO-01,125.0,235.38,177.44,32068.4,2.971,28.487,94.7072,95275.2,1
BLK-0337,DEMO-01,125.0,235.38,192.33,32068.4,3.127,29.267,108.3304,100277.9,1
BLK-0338,DEMO-01,125.0,235.38,207.22,32068.4,2.995,28.377,76.8116,96044.9,1
BLK-0339,DEMO-01,125.0,235.38,222.11,32068.4,2.94,19.928,102.2074,94281.1,0
BLK-0340,DEMO-01,125.0,235.38,237.0,32068.4,2.903,15.216,182.107,93094.6,0
BLK-0341,DEMO-01,125.0,278.46,103.0,32068.4,2.93,20.604,219.3313,93960.4,1
BLK-0342,DEMO-01,125.0,278.46,117.89,32068.4,2.91,21.21,219.2066,93319.0,1
BLK-0343,DEMO-01,125.0,278.46,132.78,32068.4,2.916,21.87,219.8186,93511.5,1
BLK-0344,DEMO-01,125.0,278.46,147.67,32068.4,2.924,22.489,213.697,93768.0,1
BLK-0345,DEMO-01,125.0,278.46,162.56,32068.4,2.908,25.988,170.3587,93254.9,1
BLK-0346,DEMO-01,125.0,278.46,177.44,32068.4,2.946,33.748,103.0554,94473.5,1
BLK-0347,DEMO-01,125.0,278.46,192.33,32068.4,3.185,37.537,106.0217,102137.9,1
BLK-0348,DEMO-01,125.0,278.46,207.22,32068.4,3.333,34.051,86.0429,106884.0,1
BLK-0349,DEMO-01,125.0,278.46,222.11,32068.4,2.943,24.206,139.7465,94377.3,1
BLK-0350,DEMO-01,125.0,278.46,237.0,32068.4,2.914,16.445,199.2272,93447.3,0
BLK-0351,DEMO-01,125.0,321.54,103.0,32068.4,2.927,20.171,219.4772,93864.2,1
BLK-0352,DEMO-01,125.0,321.54,117.89,32068.4,2.924,20.459,219.4538,93768.0,1
BLK-0353,DEMO-01,125.0,321.54,132.78,32068.4,2.899,19.436,220.8639,92966.3,0
BLK-0354,DEMO-01,125.0,321.54,147.67,32068.4,2.901,20.875,216.8358,93030.4,1
BLK-0355,DEMO-01,125.0,321.54,162.56,32068.4,2.907,26.68,174.25,93222.8,1
BLK-0356,DEMO-01,125.0,321.54,177.44,32068.4,2.946,37.048,110.9006,94473.5,1
BLK-0357,DEMO-01,125.0,321.54,192.33,32068.4,3.314,42.301,100.4663,106274.7,1
BLK-0358,DEMO-01,125.0,321.54,207.22,32068.4,3.606,37.585,90.8584,115638.7,1
BLK-0359,DEMO-01,125.0,321.54,222.11,32068.4,3.037,26.256,162.3528,97391.7,1
BLK-0360,DEMO-01,125.0,321.54,237.0,32068.4,2.915,17.194,211.1366,93479.4,0
BLK-0361,DEMO-01,125.0,364.62,103.0,32068.4,2.923,19.016,221.7823,93735.9,0
BLK-0362,DEMO-01,125.0,364.62,117.89,32068.4,2.919,19.15,221.6633,93607.7,0
BLK-0363,DEMO-01,125.0,364.62,132.78,32068.4,2.909,19.15,221.6633,93287.0,0
BLK-0364,DEMO-01,125.0,364.62,147.67,32068.4,2.891,21.021,216.2376,92709.7,1
BLK-0365,DEMO-01,125.0,364.62,162.56,32068.4,2.921,26.881,169.1928,93671.8,1
BLK-0366,DEMO-01,125.0,364.62,177.44,32068.4,3.076,36.201,96.3781,98642.4,1
BLK-0367,DEMO-01,125.0,364.62,192.33,32068.4,3.788,41.799,92.453,121475.1,1
BLK-0368,DEMO-01,125.0,364.62,207.22,32068.4,3.388,39.438,84.8474,108647.7,1
BLK-0369,DEMO-01,125.0,364.62,222.11,32068.4,2.961,25.964,171.1457,94954.5,1
BLK-0370,DEMO-01,125.0,364.62,237.0,32068.4,2.916,17.804,216.7329,93511.5,0
BLK-0371,DEMO-01,125.0,407.69,103.0,32068.4,2.924,20.26,223.0147,93768.0,1
BLK-0372,DEMO-01,125.0,407.69,117.89,32068.4,2.897,21.088,224.1486,92902.2,1
BLK-0373,DEMO-01,125.0,407.69,132.78,32068.4,2.919,21.088,224.1486,93607.7,1
BLK-0374,DEMO-01,125.0,407.69,147.67,32068.4,2.916,22.943,217.2109,93511.5,1
BLK-0375,DEMO-01,125.0,407.69,162.56,32068.4,3.011,26.013,163.8109,96558.0,1
BLK-0376,DEMO-01,125.0,407.69,177.44,32068.4,3.6,33.209,67.7121,115446.2,1
BLK-0377,DEMO-01,125.0,407.69,192.33,32068.4,3.546,36.743,81.58,113714.5,1
BLK-0378,DEMO-01,125.0,407.69,207.22,32068.4,2.99,36.281,63.1462,95884.5,1
BLK-0379,DEMO-01,125.0,407.69,222.11,32068.4,2.916,24.211,174.0521,93511.5,1
BLK-0380,DEMO-01,125.0,407.69,237.0,32068.4,2.902,17.581,218.4023,93062.5,0
BLK-0381,DEMO-01,125.0,450.77,103.0,32068.4,2.95,20.26,223.0147,94601.8,1
BLK-0382,DEMO-01,125.0,450.77,117.89,32068.4,2.902,21.088,224.1486,93062.5,1
BLK-0383,DEMO-01,125.0,450.77,132.78,32068.4,2.915,21.088,224.1486,93479.4,1
BLK-0384,DEMO-01,125.0,450.77,147.67,32068.4,2.93,23.946,219.717,93960.4,1
BLK-0385,DEMO-01,125.0,450.77,162.56,32068.4,3.158,24.007,172.064,101272.0,1
BLK-0386,DEMO-01,125.0,450.77,177.44,32068.4,3.548,26.078,94.8837,113778.7,1
BLK-0387,DEMO-01,125.0,450.77,192.33,32068.4,3.09,27.653,79.9543,99091.4,1
BLK-0388,DEMO-01,125.0,450.77,207.22,32068.4,2.918,26.987,86.8507,93575.6,1
BLK-0389,DEMO-01,125.0,450.77,222.11,32068.4,2.901,21.033,178.4175,93030.4,1
BLK-0390,DEMO-01,125.0,450.77,237.0,32068.4,2.945,17.98,219.3547,94441.4,0
BLK-0391,DEMO-01,125.0,493.85,103.0,32068.4,2.913,19.331,222.9544,93415.2,0
BLK-0392,DEMO-01,125.0,493.85,117.89,32068.4,2.924,22.246,225.6097,93768.0,1
BLK-0393,DEMO-01,125.0,493.85,132.78,32068.4,2.912,22.246,225.6097,93383.2,1
BLK-0394,DEMO-01,125.0,493.85,147.67,32068.4,2.916,19.516,223.8594,93511.5,0
BLK-0395,DEMO-01,125.0,493.85,162.56,32068.4,3.033,19.775,189.4421,97263.5,0
BLK-0396,DEMO-01,125.0,493.85,177.44,32068.4,3.243,17.961,115.7335,103997.8,0
BLK-0397,DEMO-01,125.0,493.85,192.33,32068.4,3.016,16.628,70.1315,96718.3,0
BLK-0398,DEMO-01,125.0,493.85,207.22,32068.4,2.914,17.536,106.1787,93447.3,0
BLK-0399,DEMO-01,125.0,493.85,222.11,32068.4,2.932,17.802,180.3594,94024.5,0
BLK-0400,DEMO-01,125.0,493.85,237.0,32068.4,2.9,17.113,218.3659,92998.4,0
BLK-0401,DEMO-01,125.0,536.92,103.0,32068.4,2.909,17.141,223.1055,93287.0,0
BLK-0402,DEMO-01,125.0,536.92,117.89,32068.4,2.904,17.866,225.615,93126.6,0
BLK-0403,DEMO-01,125.0,536.92,132.78,32068.4,2.935,19.338,226.5037,94120.8,0
BLK-0404,DEMO-01,125.0,536.92,147.67,32068.4,2.905,19.118,225.639,93158.7,0
BLK-0405,DEMO-01,125.0,536.92,162.56,32068.4,2.936,17.569,203.6595,94152.8,0
BLK-0406,DEMO-01,125.0,536.92,177.44,32068.4,3.037,13.131,130.3899,97391.7,0
BLK-0407,DEMO-01,125.0,536.92,192.33,32068.4,3.015,9.271,66.836,96686.2,0
BLK-0408,DEMO-01,125.0,536.92,207.22,32068.4,2.908,11.179,121.1274,93254.9,0
BLK-0409,DEMO-01,125.0,536.92,222.11,32068.4,2.898,14.758,183.7855,92934.2,0
BLK-0410,DEMO-01,125.0,536.92,237.0,32068.4,2.928,16.991,217.6713,93896.3,0
BLK-0411,DEMO-01,125.0,580.0,103.0,32068.4,2.9,17.866,225.615,92998.4,0
BLK-0412,DEMO-01,125.0,580.0,117.89,32068.4,2.921,17.866,225.615,93671.8,0
BLK-0413,DEMO-01,125.0,580.0,132.78,32068.4,2.918,17.433,225.5386,93575.6,0
BLK-0414,DEMO-01,125.0,580.0,147.67,32068.4,2.921,17.658,226.8541,93671.8,0
BLK-0415,DEMO-01,125.0,580.0,162.56,32068.4,2.923,15.968,213.5286,93735.9,0
BLK-0416,DEMO-01,125.0,580.0,177.44,32068.4,2.915,11.946,155.5539,93479.4,0
BLK-0417,DEMO-01,125.0,580.0,192.33,32068.4,2.944,7.086,89.2659,94409.4,0
BLK-0418,DEMO-01,125.0,580.0,207.22,32068.4,2.94,9.462,137.0303,94281.1,0
BLK-0419,DEMO-01,125.0,580.0,222.11,32068.4,2.908,12.988,192.0986,93254.9,0
BLK-0420,DEMO-01,125.0,580.0,237.0,32068.4,2.88,17.167,218.8617,92357.0,0
BLK-0421,DEMO-01,175.0,20.0,103.0,32068.4,2.925,19.019,223.3177,93800.1,0
BLK-0422,DEMO-01,175.0,20.0,117.89,32068.4,2.903,18.258,222.6304,93094.6,0
BLK-0423,DEMO-01,175.0,20.0,132.78,32068.4,2.922,19.512,223.6057,93703.9,0
BLK-0424,DEMO-01,175.0,20.0,147.67,32068.4,2.935,19.419,223.3342,94120.8,0
BLK-0425,DEMO-01,175.0,20.0,162.56,32068.4,2.916,17.595,212.094,93511.5,0
BLK-0426,DEMO-01,175.0,20.0,177.44,32068.4,2.929,10.872,168.3608,93928.3,0
BLK-0427,DEMO-01,175.0,20.0,192.33,32068.4,2.918,5.65,124.4493,93575.6,0
BLK-0428,DEMO-01,175.0,20.0,207.22,32068.4,2.937,4.026,88.2918,94184.9,0
BLK-0429,DEMO-01,175.0,20.0,222.11,32068.4,2.902,6.623,138.7124,93062.5,0
BLK-0430,DEMO-01,175.0,20.0,237.0,32068.4,2.916,10.034,205.3475,93511.5,0
BLK-0431,DEMO-01,175.0,63.08,103.0,32068.4,2.925,19.201,222.3176,93800.1,0
BLK-0432,DEMO-01,175.0,63.08,117.89,32068.4,2.914,18.833,223.3379,93447.3,0
BLK-0433,DEMO-01,175.0,63.08,132.78,32068.4,2.931,17.175,222.5309,93992.5,0
BLK-0434,DEMO-01,175.0,63.08,147.67,32068.4,2.91,21.755,225.2727,93319.0,1
BLK-0435,DEMO-01,175.0,63.08,162.56,32068.4,2.944,19.014,200.021,94409.4,0
BLK-0436,DEMO-01,175.0,63.08,177.44,32068.4,2.945,10.897,128.7231,94441.4,0
BLK-0437,DEMO-01,175.0,63.08,192.33,32068.4,2.921,3.025,90.3371,93671.8,0
BLK-0438,DEMO-01,175.0,63.08,207.22,32068.4,2.924,2.344,76.4387,93768.0,0
BLK-0439,DEMO-01,175.0,63.08,222.11,32068.4,2.932,4.56,113.9309,94024.5,0
BLK-0440,DEMO-01,175.0,63.08,237.0,32068.4,2.901,8.249,190.184,93030.4,0
BLK-0441,DEMO-01,175.0,106.15,103.0,32068.4,2.899,21.866,221.1944,92966.3,1
BLK-0442,DEMO-01,175.0,106.15,117.89,32068.4,2.933,20.065,221.948,94056.6,1
BLK-0443,DEMO-01,175.0,106.15,132.78,32068.4,2.92,21.961,224.7231,93639.7,1
BLK-0444,DEMO-01,175.0,106.15,147.67,32068.4,2.913,21.479,225.2788,93415.2,1
BLK-0445,DEMO-01,175.0,106.15,162.56,32068.4,2.92,18.911,194.1989,93639.7,0
BLK-0446,DEMO-01,175.0,106.15,177.44,32068.4,2.894,11.016,100.1855,92805.9,0
BLK-0447,DEMO-01,175.0,106.15,192.33,32068.4,2.916,3.313,72.1695,93511.5,0
BLK-0448,DEMO-01,175.0,106.15,207.22,32068.4,2.906,2.999,92.2593,93190.8,0
BLK-0449,DEMO-01,175.0,106.15,222.11,32068.4,2.928,4.366,104.0806,93896.3,0
BLK-0450,DEMO-01,175.0,106.15,237.0,32068.4,2.929,7.755,176.9035,93928.3,0
BLK-0451,DEMO-01,175.0,149.23,103.0,32068.4,2.924,21.866,221.1944,93768.0,1
BLK-0452,DEMO-01,175.0,149.23,117.89,32068.4,2.921,23.214,223.409,93671.8,1
BLK-0453,DEMO-01,175.0,149.23,132.78,32068.4,2.896,23.214,223.409,92870.1,1
BLK-0454,DEMO-01,175.0,149.23,147.67,32068.4,2.927,21.838,223.0072,93864.2,1
BLK-0455,DEMO-01,175.0,149.23,162.56,32068.4,2.954,20.589,194.1673,94730.1,1
BLK-0456,DEMO-01,175.0,149.23,177.44,32068.4,2.964,15.644,112.2522,95050.7,0
BLK-0457,DEMO-01,175.0,149.23,192.33,32068.4,2.948,7.565,44.0216,94537.6,0
BLK-0458,DEMO-01,175.0,149.23,207.22,32068.4,2.894,6.195,88.9325,92805.9,0
BLK-0459,DEMO-01,175.0,149.23,222.11,32068.4,2.911,5.614,94.2287,93351.1,0
BLK-0460,DEMO-01,175.0,149.23,237.0,32068.4,2.906,10.206,170.0323,93190.8,0
BLK-0461,DEMO-01,175.0,192.31,103.0,32068.4,2.918,23.168,222.5511,93575.6,1
BLK-0462,DEMO-01,175.0,192.31,117.89,32068.4,2.916,23.234,223.3408,93511.5,1
BLK-0463,DEMO-01,175.0,192.31,132.78,32068.4,2.913,23.215,222.9478,93415.2,1
BLK-0464,DEMO-01,175.0,192.31,147.67,32068.4,2.935,23.352,221.3841,94120.8,1
BLK-0465,DEMO-01,175.0,192.31,162.56,32068.4,2.979,24.432,194.1124,95531.8,1
BLK-0466,DEMO-01,175.0,192.31,177.44,32068.4,3.019,21.761,127.3913,96814.5,1
BLK-0467,DEMO-01,175.0,192.31,192.33,32068.4,2.921,18.181,83.2008,93671.8,0
BLK-0468,DEMO-01,175.0,192.31,207.22,32068.4,2.912,14.837,79.4322,93383.2,0
BLK-0469,DEMO-01,175.0,192.31,222.11,32068.4,2.9,10.538,92.1153,92998.4,0
BLK-0470,DEMO-01,175.0,192.31,237.0,32068.4,2.916,10.028,173.9959,93511.5,0
BLK-0471,DEMO-01,175.0,235.38,103.0,32068.4,2.914,22.061,221.1684,93447.3,1
BLK-0472,DEMO-01,175.0,235.38,117.89,32068.4,2.906,21.997,221.449,93190.8,1
BLK-0473,DEMO-01,175.0,235.38,132.78,32068.4,2.928,22.64,222.3262,93896.3,1
BLK-0474,DEMO-01,175.0,235.38,147.67,32068.4,2.916,23.74,220.1003,93511.5,1
BLK-0475,DEMO-01,175.0,235.38,162.56,32068.4,2.986,27.702,189.9309,95756.2,1
BLK-0476,DEMO-01,175.0,235.38,177.44,32068.4,3.214,30.056,128.6539,103067.8,1
BLK-0477,DEMO-01,175.0,235.38,192.33,32068.4,3.083,28.248,105.6149,98866.9,1
BLK-0478,DEMO-01,175.0,235.38,207.22,32068.4,2.918,24.047,97.7517,93575.6,1
BLK-0479,DEMO-01,175.0,235.38,222.11,32068.4,2.916,16.993,128.1084,93511.5,0
BLK-0480,DEMO-01,175.0,235.38,237.0,32068.4,2.926,13.089,189.8888,93832.1,0
BLK-0481,DEMO-01,175.0,278.46,103.0,32068.4,2.911,21.199,219.7902,93351.1,1
BLK-0482,DEMO-01,175.0,278.46,117.89,32068.4,2.923,21.576,220.4414,93735.9,1
BLK-0483,DEMO-01,175.0,278.46,132.78,32068.4,2.905,22.061,221.1684,93158.7,1
BLK-0484,DEMO-01,175.0,278.46,147.67,32068.4,2.926,23.445,217.7128,93832.1,1
BLK-0485,DEMO-01,175.0,278.46,162.56,32068.4,2.926,28.495,181.4853,93832.1,1
BLK-0486,DEMO-01,175.0,278.46,177.44,32068.4,3.234,34.984,113.9186,103709.2,1
BLK-0487,DEMO-01,175.0,278.46,192.33,32068.4,3.478,36.336,97.4337,111533.9,1
BLK-0488,DEMO-01,175.0,278.46,207.22,32068.4,3.043,30.454,115.0435,97584.1,1
BLK-0489,DEMO-01,175.0,278.46,222.11,32068.4,2.903,22.688,163.4042,93094.6,1
BLK-0490,DEMO-01,175.0,278.46,237.0,32068.4,2.897,16.414,206.2565,92902.2,0
BLK-0491,DEMO-01,175.0,321.54,103.0,32068.4,2.908,19.481,219.0616,93254.9,0
BLK-0492,DEMO-01,175.0,321.54,117.89,32068.4,2.898,21.16,219.6056,92934.2,1
BLK-0493,DEMO-01,175.0,321.54,132.78,32068.4,2.898,21.939,220.125,92934.2,1
BLK-0494,DEMO-01,175.0,321.54,147.67,32068.4,2.924,22.123,217.9457,93768.0,1
BLK-0495,DEMO-01,175.0,321.54,162.56,32068.4,2.936,27.701,175.0812,94152.8,1
BLK-0496,DEMO-01,175.0,321.54,177.44,32068.4,3.301,37.68,86.4012,105857.8,1
BLK-0497,DEMO-01,175.0,321.54,192.33,32068.4,3.732,41.333,82.2235,119679.3,1
BLK-0498,DEMO-01,175.0,321.54,207.22,32068.4,3.088,35.273,116.1966,99027.2,1
BLK-0499,DEMO-01,175.0,321.54,222.11,32068.4,2.942,24.487,179.5305,94345.2,1
BLK-0500,DEMO-01,175.0,321.54,237.0,32068.4,2.906,18.291,215.0757,93190.8,0
BLK-0501,DEMO-01,175.0,364.62,103.0,32068.4,2.899,18.364,221.8651,92966.3,0
BLK-0502,DEMO-01,175.0,364.62,117.89,32068.4,2.927,19.016,221.7823,93864.2,0
BLK-0503,DEMO-01,175.0,364.62,132.78,32068.4,2.913,19.903,222.5619,93415.2,0
BLK-0504,DEMO-01,175.0,364.62,147.67,32068.4,2.945,21.803,218.2731,94441.4,1
BLK-0505,DEMO-01,175.0,364.62,162.56,32068.4,3.035,27.188,169.7151,97327.6,1
BLK-0506,DEMO-01,175.0,364.62,177.44,32068.4,3.751,36.296,81.9074,120288.6,1
BLK-0507,DEMO-01,175.0,364.62,192.33,32068.4,3.492,40.532,82.9577,111982.9,1
BLK-0508,DEMO-01,175.0,364.62,207.22,32068.4,2.949,35.331,105.6367,94569.7,1
BLK-0509,DEMO-01,175.0,364.62,222.11,32068.4,2.907,24.634,182.0447,93222.8,1
BLK-0510,DEMO-01,175.0,364.62,237.0,32068.4,2.926,16.346,217.7514,93832.1,0
BLK-0511,DEMO-01,175.0,407.69,103.0,32068.4,2.924,19.478,223.4067,93768.0,0
BLK-0512,DEMO-01,175.0,407.69,117.89,32068.4,2.898,20.845,224.1096,92934.2,1
BLK-0513,DEMO-01,175.0,407.69,132.78,32068.4,2.902,21.442,224.2678,93062.5,1
BLK-0514,DEMO-01,175.0,407.69,147.67,32068.4,2.929,22.705,218.9166,93928.3,1
BLK-0515,DEMO-01,175.0,407.69,162.56,32068.4,3.463,25.732,168.7831,111052.9,1
BLK-0516,DEMO-01,175.0,407.69,177.44,32068.4,3.558,32.488,69.5381,114099.4,1
BLK-0517,DEMO-01,175.0,407.69,192.33,32068.4,2.994,33.95,82.9533,96012.8,1
BLK-0518,DEMO-01,175.0,407.69,207.22,32068.4,2.895,30.487,93.7069,92838.0,1
BLK-0519,DEMO-01,175.0,407.69,222.11,32068.4,2.902,20.814,178.5414,93062.5,1
BLK-0520,DEMO-01,175.0,407.69,237.0,32068.4,2.91,16.853,218.2416,93319.0,0
BLK-0521,DEMO-01,175.0,450.77,103.0,32068.4,2.907,19.009,222.4023,93222.8,0
BLK-0522,DEMO-01,175.0,450.77,117.89,32068.4,2.918,19.009,222.4023,93575.6,0
BLK-0523,DEMO-01,175.0,450.77,132.78,32068.4,2.928,20.26,223.0147,93896.3,1
BLK-0524,DEMO-01,175.0,450.77,147.67,32068.4,3.087,22.486,219.9887,98995.2,1
BLK-0525,DEMO-01,175.0,450.77,162.56,32068.4,3.422,23.78,178.0743,109738.1,1
BLK-0526,DEMO-01,175.0,450.77,177.44,32068.4,3.12,25.119,102.2145,100053.4,1
BLK-0527,DEMO-01,175.0,450.77,192.33,32068.4,2.913,23.932,85.4199,93415.2,1
BLK-0528,DEMO-01,175.0,450.77,207.22,32068.4,2.894,22.102,85.9374,92805.9,1
BLK-0529,DEMO-01,175.0,450.77,222.11,32068.4,2.912,18.312,172.0641,93383.2,0
BLK-0530,DEMO-01,175.0,450.77,237.0,32068.4,2.895,17.023,216.86,92838.0,0
BLK-0531,DEMO-01,175.0,493.85,103.0,32068.4,2.916,18.632,222.2116,93511.5,0
BLK-0532,DEMO-01,175.0,493.85,117.89,32068.4,2.906,18.632,222.2116,93190.8,0
BLK-0533,DEMO-01,175.0,493.85,132.78,32068.4,2.892,18.522,224.9575,92741.8,0
BLK-0534,DEMO-01,175.0,493.85,147.67,32068.4,2.999,19.998,224.1367,96173.1,0
BLK-0535,DEMO-01,175.0,493.85,162.56,32068.4,3.151,19.305,192.893,101047.5,0
BLK-0536,DEMO-01,175.0,493.85,177.44,32068.4,2.995,16.978,130.0078,96044.9,0
BLK-0537,DEMO-01,175.0,493.85,192.33,32068.4,2.932,14.443,86.4306,94024.5,0
BLK-0538,DEMO-01,175.0,493.85,207.22,32068.4,2.907,13.195,74.0878,93222.8,0
BLK-0539,DEMO-01,175.0,493.85,222.11,32068.4,2.931,14.904,159.4304,93992.5,0
BLK-0540,DEMO-01,175.0,493.85,237.0,32068.4,2.907,16.039,212.7838,93222.8,0
BLK-0541,DEMO-01,175.0,536.92,103.0,32068.4,2.909,16.601,222.9978,93287.0,0
BLK-0542,DEMO-01,175.0,536.92,117.89,32068.4,2.921,17.141,223.1055,93671.8,0
BLK-0543,DEMO-01,175.0,536.92,132.78,32068.4,2.924,17.866,225.615,93768.0,0
BLK-0544,DEMO-01,175.0,536.92,147.67,32068.4,2.93,16.333,225.44,93960.4,0
BLK-0545,DEMO-01,175.0,536.92,162.56,32068.4,2.969,16.63,204.5406,95211.1,0
BLK-0546,DEMO-01,175.0,536.92,177.44,32068.4,2.999,12.305,148.4912,96173.1,0
BLK-0547,DEMO-01,175.0,536.92,192.33,32068.4,2.937,8.831,106.3205,94184.9,0
BLK-0548,DEMO-01,175.0,536.92,207.22,32068.4,2.919,7.799,91.6429,93607.7,0
BLK-0549,DEMO-01,175.0,536.92,222.11,32068.4,2.914,11.757,152.9079,93447.3,0
BLK-0550,DEMO-01,175.0,536.92,237.0,32068.4,2.897,15.979,210.1906,92902.2,0
BLK-0551,DEMO-01,175.0,580.0,103.0,32068.4,2.924,16.309,223.4319,93768.0,0
BLK-0552,DEMO-01,175.0,580.0,117.89,32068.4,2.917,17.448,225.6299,93543.5,0
BLK-0553,DEMO-01,175.0,580.0,132.78,32068.4,2.911,14.807,227.3687,93351.1,0
BLK-0554,DEMO-01,175.0,580.0,147.67,32068.4,2.933,16.219,225.7659,94056.6,0
BLK-0555,DEMO-01,175.0,580.0,162.56,32068.4,2.901,16.156,213.3346,93030.4,0
BLK-0556,DEMO-01,175.0,580.0,177.44,32068.4,2.959,11.609,171.558,94890.4,0
BLK-0557,DEMO-01,175.0,580.0,192.33,32068.4,2.928,7.319,135.7572,93896.3,0
BLK-0558,DEMO-01,175.0,580.0,207.22,32068.4,2.921,6.891,125.4676,93671.8,0
BLK-0559,DEMO-01,175.0,580.0,222.11,32068.4,2.911,10.848,166.9268,93351.1,0
BLK-0560,DEMO-01,175.0,580.0,237.0,32068.4,2.894,14.752,212.7614,92805.9,0
BLK-0561,DEMO-01,225.0,20.0,103.0,32068.4,2.914,19.019,223.3177,93447.3,0
BLK-0562,DEMO-01,225.0,20.0,117.89,32068.4,2.921,19.019,223.3177,93671.8,0
BLK-0563,DEMO-01,225.0,20.0,132.78,32068.4,2.925,17.166,224.4742,93800.1,0
BLK-0564,DEMO-01,225.0,20.0,147.67,32068.4,2.914,18.586,224.8571,93447.3,0
BLK-0565,DEMO-01,225.0,20.0,162.56,32068.4,2.888,18.402,212.8255,92613.5,0
BLK-0566,DEMO-01,225.0,20.0,177.44,32068.4,2.898,12.635,171.1243,92934.2,0
BLK-0567,DEMO-01,225.0,20.0,192.33,32068.4,2.944,7.03,107.3262,94409.4,0
BLK-0568,DEMO-01,225.0,20.0,207.22,32068.4,2.902,3.301,104.2495,93062.5,0
BLK-0569,DEMO-01,225.0,20.0,222.11,32068.4,2.935,5.425,156.2634,94120.8,0
BLK-0570,DEMO-01,225.0,20.0,237.0,32068.4,2.904,10.516,208.2663,93126.6,0
BLK-0571,DEMO-01,225.0,63.08,103.0,32068.4,2.914,19.019,223.3177,93447.3,0
BLK-0572,DEMO-01,225.0,63.08,117.89,32068.4,2.924,19.019,223.3177,93768.0,0
BLK-0573,DEMO-01,225.0,63.08,132.78,32068.4,2.905,18.833,223.3379,93158.7,0
BLK-0574,DEMO-01,225.0,63.08,147.67,32068.4,2.938,18.878,222.6244,94217.0,0
BLK-0575,DEMO-01,225.0,63.08,162.56,32068.4,2.925,18.35,202.238,93800.1,0
BLK-0576,DEMO-01,225.0,63.08,177.44,32068.4,2.929,15.492,145.264,93928.3,0
BLK-0577,DEMO-01,225.0,63.08,192.33,32068.4,2.913,7.71,67.6828,93415.2,0
BLK-0578,DEMO-01,225.0,63.08,207.22,32068.4,2.925,3.357,76.6954,93800.1,0
BLK-0579,DEMO-01,225.0,63.08,222.11,32068.4,2.937,4.862,116.2582,94184.9,0
BLK-0580,DEMO-01,225.0,63.08,237.0,32068.4,2.914,9.174,190.3331,93447.3,0
BLK-0581,DEMO-01,225.0,106.15,103.0,32068.4,2.939,19.212,221.7167,94249.0,0
BLK-0582,DEMO-01,225.0,106.15,117.89,32068.4,2.908,19.597,222.9882,93254.9,0
BLK-0583,DEMO-01,225.0,106.15,132.78,32068.4,2.928,18.833,223.3379,93896.3,0
BLK-0584,DEMO-01,225.0,106.15,147.67,32068.4,2.949,21.582,224.6285,94569.7,1
BLK-0585,DEMO-01,225.0,106.15,162.56,32068.4,2.942,22.196,199.5064,94345.2,1
BLK-0586,DEMO-01,225.0,106.15,177.44,32068.4,2.926,16.771,131.8954,93832.1,0
BLK-0587,DEMO-01,225.0,106.15,192.33,32068.4,2.916,9.954,74.3965,93511.5,0
BLK-0588,DEMO-01,225.0,106.15,207.22,32068.4,2.905,4.073,71.6323,93158.7,0
BLK-0589,DEMO-01,225.0,106.15,222.11,32068.4,2.921,4.765,78.9118,93671.8,0
BLK-0590,DEMO-01,225.0,106.15,237.0,32068.4,2.918,10.708,176.8532,93575.6,0
BLK-0591,DEMO-01,225.0,149.23,103.0,32068.4,2.915,20.496,222.2449,93479.4,1
BLK-0592,DEMO-01,225.0,149.23,117.89,32068.4,2.916,20.058,222.3662,93511.5,1
BLK-0593,DEMO-01,225.0,149.23,132.78,32068.4,2.939,20.058,222.3662,94249.0,1
BLK-0594,DEMO-01,225.0,149.23,147.67,32068.4,3.045,23.557,224.5864,97648.3,1
BLK-0595,DEMO-01,225.0,149.23,162.56,32068.4,2.996,23.289,200.9597,96076.9,1
BLK-0596,DEMO-01,225.0,149.23,177.44,32068.4,2.912,20.512,135.1264,93383.2,1
BLK-0597,DEMO-01,225.0,149.23,192.33,32068.4,2.951,12.784,83.0544,94633.8,0
BLK-0598,DEMO-01,225.0,149.23,207.22,32068.4,2.898,4.184,70.9108,92934.2,0
BLK-0599,DEMO-01,225.0,149.23,222.11,32068.4,2.908,5.261,97.7129,93254.9,0
BLK-0600,DEMO-01,225.0,149.23,237.0,32068.4,2.91,14.011,177.2039,93319.0,0
BLK-0601,DEMO-01,225.0,192.31,103.0,32068.4,2.943,20.887,219.7078,94377.3,1
BLK-0602,DEMO-01,225.0,192.31,117.89,32068.4,2.899,21.724,221.8097,92966.3,1
BLK-0603,DEMO-01,225.0,192.31,132.78,32068.4,2.96,23.256,223.8416,94922.5,1
BLK-0604,DEMO-01,225.0,192.31,147.67,32068.4,3.211,22.13,224.9266,102971.6,1
BLK-0605,DEMO-01,225.0,192.31,162.56,32068.4,3.153,24.952,201.4738,101111.7,1
BLK-0606,DEMO-01,225.0,192.31,177.44,32068.4,2.952,27.39,140.6379,94665.9,1
BLK-0607,DEMO-01,225.0,192.31,192.33,32068.4,2.932,20.663,93.3697,94024.5,1
BLK-0608,DEMO-01,225.0,192.31,207.22,32068.4,2.91,11.158,70.8931,93319.0,0
BLK-0609,DEMO-01,225.0,192.31,222.11,32068.4,2.919,8.912,128.7431,93607.7,0
BLK-0610,DEMO-01,225.0,192.31,237.0,32068.4,2.892,12.131,188.1183,92741.8,0
BLK-0611,DEMO-01,225.0,235.38,103.0,32068.4,2.918,21.891,220.8692,93575.6,1
BLK-0612,DEMO-01,225.0,235.38,117.89,32068.4,2.906,21.891,220.8692,93190.8,1
BLK-0613,DEMO-01,225.0,235.38,132.78,32068.4,2.922,21.545,221.498,93703.9,1
BLK-0614,DEMO-01,225.0,235.38,147.67,32068.4,3.117,23.901,222.8788,99957.2,1
BLK-0615,DEMO-01,225.0,235.38,162.56,32068.4,3.553,28.22,197.3443,113939.0,1
BLK-0616,DEMO-01,225.0,235.38,177.44,32068.4,3.08,33.27,132.5135,98770.7,1
BLK-0617,DEMO-01,225.0,235.38,192.33,32068.4,2.924,30.688,99.6692,93768.0,1
BLK-0618,DEMO-01,225.0,235.38,207.22,32068.4,2.9,20.354,109.0718,92998.4,1
BLK-0619,DEMO-01,225.0,235.38,222.11,32068.4,2.905,14.478,158.8782,93158.7,0
BLK-0620,DEMO-01,225.0,235.38,237.0,32068.4,2.931,15.568,204.5278,93992.5,0
BLK-0621,DEMO-01,225.0,278.46,103.0,32068.4,2.924,22.196,221.1008,93768.0,1
BLK-0622,DEMO-01,225.0,278.46,117.89,32068.4,2.931,22.242,220.7748,93992.5,1
BLK-0623,DEMO-01,225.0,278.46,132.78,32068.4,2.938,22.846,221.7069,94217.0,1
BLK-0624,DEMO-01,225.0,278.46,147.67,32068.4,2.977,22.254,220.2403,95467.6,1
BLK-0625,DEMO-01,225.0,278.46,162.56,32068.4,3.599,29.161,187.6178,115414.2,1
BLK-0626,DEMO-01,225.0,278.46,177.44,32068.4,3.545,36.627,112.0496,113682.5,1
BLK-0627,DEMO-01,225.0,278.46,192.33,32068.4,2.992,37.831,74.2653,95948.7,1
BLK-0628,DEMO-01,225.0,278.46,207.22,32068.4,2.91,27.126,122.8986,93319.0,1
BLK-0629,DEMO-01,225.0,278.46,222.11,32068.4,2.904,18.351,181.8009,93126.6,0
BLK-0630,DEMO-01,225.0,278.46,237.0,32068.4,2.924,16.984,214.4075,93768.0,0
BLK-0631,DEMO-01,225.0,321.54,103.0,32068.4,2.929,22.045,220.7964,93928.3,1
BLK-0632,DEMO-01,225.0,321.54,117.89,32068.4,2.928,22.045,220.7964,93896.3,1
BLK-0633,DEMO-01,225.0,321.54,132.78,32068.4,2.92,22.242,220.7748,93639.7,1
BLK-0634,DEMO-01,225.0,321.54,147.67,32068.4,2.976,22.802,218.8129,95435.6,1
BLK-0635,DEMO-01,225.0,321.54,162.56,32068.4,3.564,27.377,182.49,114291.8,1
BLK-0636,DEMO-01,225.0,321.54,177.44,32068.4,3.661,35.813,92.2323,117402.4,1
BLK-0637,DEMO-01,225.0,321.54,192.33,32068.4,3.012,40.001,47.8701,96590.0,1
BLK-0638,DEMO-01,225.0,321.54,207.22,32068.4,2.92,30.308,119.6128,93639.7,1
BLK-0639,DEMO-01,225.0,321.54,222.11,32068.4,2.927,19.828,187.5071,93864.2,0
BLK-0640,DEMO-01,225.0,321.54,237.0,32068.4,2.895,16.854,216.1525,92838.0,0
BLK-0641,DEMO-01,225.0,364.62,103.0,32068.4,2.914,19.364,223.209,93447.3,0
BLK-0642,DEMO-01,225.0,364.62,117.89,32068.4,2.898,19.364,223.209,92934.2,0
BLK-0643,DEMO-01,225.0,364.62,132.78,32068.4,2.925,21.336,223.3392,93800.1,1
BLK-0644,DEMO-01,225.0,364.62,147.67,32068.4,3.135,21.813,221.8171,100534.4,1
BLK-0645,DEMO-01,225.0,364.62,162.56,32068.4,3.654,26.72,184.1001,117177.9,1
BLK-0646,DEMO-01,225.0,364.62,177.44,32068.4,3.21,32.125,103.4956,102939.6,1
BLK-0647,DEMO-01,225.0,364.62,192.33,32068.4,2.938,35.166,68.7308,94217.0,1
BLK-0648,DEMO-01,225.0,364.62,207.22,32068.4,2.889,27.709,112.191,92645.6,1
BLK-0649,DEMO-01,225.0,364.62,222.11,32068.4,2.909,19.926,183.5873,93287.0,0
BLK-0650,DEMO-01,225.0,364.62,237.0,32068.4,2.921,17.716,215.3152,93671.8,0
BLK-0651,DEMO-01,225.0,407.69,103.0,32068.4,2.878,18.405,223.9553,92292.9,0
BLK-0652,DEMO-01,225.0,407.69,117.89,32068.4,2.904,18.405,223.9553,93126.6,0
BLK-0653,DEMO-01,225.0,407.69,132.78,32068.4,2.988,18.405,223.9553,95820.4,0
BLK-0654,DEMO-01,225.0,407.69,147.67,32068.4,3.336,22.028,221.7517,106980.2,1
BLK-0655,DEMO-01,225.0,407.69,162.56,32068.4,3.219,23.977,185.2105,103228.2,1
BLK-0656,DEMO-01,225.0,407.69,177.44,32068.4,2.95,26.205,113.993,94601.8,1
BLK-0657,DEMO-01,225.0,407.69,192.33,32068.4,2.919,26.524,64.3837,93607.7,1
BLK-0658,DEMO-01,225.0,407.69,207.22,32068.4,2.924,21.808,104.6336,93768.0,1
BLK-0659,DEMO-01,225.0,407.69,222.11,32068.4,2.912,17.642,178.6742,93383.2,0
BLK-0660,DEMO-01,225.0,407.69,237.0,32068.4,2.918,14.032,214.6044,93575.6,0
BLK-0661,DEMO-01,225.0,450.77,103.0,32068.4,2.908,18.405,223.9553,93254.9,0
BLK-0662,DEMO-01,225.0,450.77,117.89,32068.4,2.937,18.405,223.9553,94184.9,0
BLK-0663,DEMO-01,225.0,450.77,132.78,32068.4,3.03,18.405,223.9553,97167.3,0
BLK-0664,DEMO-01,225.0,450.77,147.67,32068.4,3.156,19.315,221.1593,101207.9,0
BLK-0665,DEMO-01,225.0,450.77,162.56,32068.4,2.965,19.593,185.7242,95082.8,0
BLK-0666,DEMO-01,225.0,450.77,177.44,32068.4,2.905,19.021,117.3485,93158.7,0
BLK-0667,DEMO-01,225.0,450.77,192.33,32068.4,2.933,17.713,84.1512,94056.6,0
BLK-0668,DEMO-01,225.0,450.77,207.22,32068.4,2.923,14.991,101.2109,93735.9,0
BLK-0669,DEMO-01,225.0,450.77,222.11,32068.4,2.921,13.343,168.7812,93671.8,0
BLK-0670,DEMO-01,225.0,450.77,237.0,32068.4,2.908,14.48,213.4575,93254.9,0
BLK-0671,DEMO-01,225.0,493.85,103.0,32068.4,2.922,17.307,222.8415,93703.9,0
BLK-0672,DEMO-01,225.0,493.85,117.89,32068.4,2.903,17.307,222.8415,93094.6,0
BLK-0673,DEMO-01,225.0,493.85,132.78,32068.4,2.952,15.853,225.1044,94665.9,0
BLK-0674,DEMO-01,225.0,493.85,147.67,32068.4,3.014,15.939,222.6126,96654.2,0
BLK-0675,DEMO-01,225.0,493.85,162.56,32068.4,2.961,15.035,188.8339,94954.5,0
BLK-0676,DEMO-01,225.0,493.85,177.44,32068.4,2.926,11.817,125.4079,93832.1,0
BLK-0677,DEMO-01,225.0,493.85,192.33,32068.4,2.898,9.817,93.3403,92934.2,0
BLK-0678,DEMO-01,225.0,493.85,207.22,32068.4,2.919,8.489,80.8062,93607.7,0
BLK-0679,DEMO-01,225.0,493.85,222.11,32068.4,2.944,10.803,148.4671,94409.4,0
BLK-0680,DEMO-01,225.0,493.85,237.0,32068.4,2.905,14.887,209.4494,93158.7,0
BLK-0681,DEMO-01,225.0,536.92,103.0,32068.4,2.915,13.344,225.4062,93479.4,0
BLK-0682,DEMO-01,225.0,536.92,117.89,32068.4,2.935,13.725,226.0191,94120.8,0
BLK-0683,DEMO-01,225.0,536.92,132.78,32068.4,2.926,14.793,226.1159,93832.1,0
BLK-0684,DEMO-01,225.0,536.92,147.67,32068.4,2.964,13.896,224.188,95050.7,0
BLK-0685,DEMO-01,225.0,536.92,162.56,32068.4,2.923,12.637,193.2462,93735.9,0
BLK-0686,DEMO-01,225.0,536.92,177.44,32068.4,2.905,8.992,139.6952,93158.7,0
BLK-0687,DEMO-01,225.0,536.92,192.33,32068.4,2.932,5.455,114.4029,94024.5,0
BLK-0688,DEMO-01,225.0,536.92,207.22,32068.4,2.9,4.466,53.2259,92998.4,0
BLK-0689,DEMO-01,225.0,536.92,222.11,32068.4,2.914,9.74,131.9907,93447.3,0
BLK-0690,DEMO-01,225.0,536.92,237.0,32068.4,2.915,13.858,206.2234,93479.4,0
BLK-0691,DEMO-01,225.0,580.0,103.0,32068.4,2.93,13.674,225.2189,93960.4,0
BLK-0692,DEMO-01,225.0,580.0,117.89,32068.4,2.924,13.674,225.2189,93768.0,0
BLK-0693,DEMO-01,225.0,580.0,132.78,32068.4,2.922,14.52,228.1923,93703.9,0
BLK-0694,DEMO-01,225.0,580.0,147.67,32068.4,2.912,13.965,224.8816,93383.2,0
BLK-0695,DEMO-01,225.0,580.0,162.56,32068.4,2.936,12.8,200.7127,94152.8,0
BLK-0696,DEMO-01,225.0,580.0,177.44,32068.4,2.971,8.696,162.5871,95275.2,0
BLK-0697,DEMO-01,225.0,580.0,192.33,32068.4,2.925,4.916,144.8376,93800.1,0
BLK-0698,DEMO-01,225.0,580.0,207.22,32068.4,2.918,5.515,109.0925,93575.6,0
BLK-0699,DEMO-01,225.0,580.0,222.11,32068.4,2.899,9.563,151.3551,92966.3,0
BLK-0700,DEMO-01,225.0,580.0,237.0,32068.4,2.908,13.838,208.3433,93254.9,0
BLK-0701,DEMO-01,275.0,20.0,103.0,32068.4,2.913,19.019,223.3177,93415.2,0
BLK-0702,DEMO-01,275.0,20.0,117.89,32068.4,2.909,19.019,223.3177,93287.0,0
BLK-0703,DEMO-01,275.0,20.0,132.78,32068.4,2.916,17.166,224.4742,93511.5,0
BLK-0704,DEMO-01,275.0,20.0,147.67,32068.4,2.946,17.482,223.5744,94473.5,0
BLK-0705,DEMO-01,275.0,20.0,162.56,32068.4,2.949,15.433,208.4904,94569.7,0
BLK-0706,DEMO-01,275.0,20.0,177.44,32068.4,2.918,15.756,165.069,93575.6,0
BLK-0707,DEMO-01,275.0,20.0,192.33,32068.4,2.9,13.447,92.1723,92998.4,0
BLK-0708,DEMO-01,275.0,20.0,207.22,32068.4,2.934,8.431,98.0633,94088.7,0
BLK-0709,DEMO-01,275.0,20.0,222.11,32068.4,2.916,9.958,166.683,93511.5,0
BLK-0710,DEMO-01,275.0,20.0,237.0,32068.4,2.893,12.261,211.6318,92773.9,0
BLK-0711,DEMO-01,275.0,63.08,103.0,32068.4,2.926,19.027,223.857,93832.1,0
BLK-0712,DEMO-01,275.0,63.08,117.89,32068.4,2.93,19.04,223.9797,93960.4,0
BLK-0713,DEMO-01,275.0,63.08,132.78,32068.4,2.893,19.04,223.9797,92773.9,0
BLK-0714,DEMO-01,275.0,63.08,147.67,32068.4,2.964,15.945,222.4295,95050.7,0
BLK-0715,DEMO-01,275.0,63.08,162.56,32068.4,2.955,14.992,194.2876,94762.1,0
BLK-0716,DEMO-01,275.0,63.08,177.44,32068.4,2.929,20.39,135.1603,93928.3,1
BLK-0717,DEMO-01,275.0,63.08,192.33,32068.4,2.909,15.143,77.422,93287.0,0
BLK-0718,DEMO-01,275.0,63.08,207.22,32068.4,2.905,6.484,66.6286,93158.7,0
BLK-0719,DEMO-01,275.0,63.08,222.11,32068.4,2.926,7.7,125.0882,93832.1,0
BLK-0720,DEMO-01,275.0,63.08,237.0,32068.4,2.91,15.783,193.4818,93319.0,0
BLK-0721,DEMO-01,275.0,106.15,103.0,32068.4,2.923,20.607,222.4345,93735.9,1
BLK-0722,DEMO-01,275.0,106.15,117.89,32068.4,2.913,18.554,223.2515,93415.2,0
BLK-0723,DEMO-01,275.0,106.15,132.78,32068.4,3.035,19.04,223.9797,97327.6,0
BLK-0724,DEMO-01,275.0,106.15,147.67,32068.4,3.094,19.733,221.1799,99219.6,0
BLK-0725,DEMO-01,275.0,106.15,162.56,32068.4,2.941,20.134,188.9704,94313.2,1
BLK-0726,DEMO-01,275.0,106.15,177.44,32068.4,2.929,25.395,121.747,93928.3,1
BLK-0727,DEMO-01,275.0,106.15,192.33,32068.4,2.909,17.882,82.1146,93287.0,0
BLK-0728,DEMO-01,275.0,106.15,207.22,32068.4,2.906,5.872,46.076,93190.8,0
BLK-0729,DEMO-01,275.0,106.15,222.11,32068.4,2.934,4.633,84.6211,94088.7,0
BLK-0730,DEMO-01,275.0,106.15,237.0,32068.4,2.896,14.92,183.7617,92870.1,0
BLK-0731,DEMO-01,275.0,149.23,103.0,32068.4,2.935,21.666,222.2586,94120.8,1
BLK-0732,DEMO-01,275.0,149.23,117.89,32068.4,3.033,21.666,222.2586,97263.5,1
BLK-0733,DEMO-01,275.0,149.23,132.78,32068.4,3.371,20.038,223.4624,108102.6,1
BLK-0734,DEMO-01,275.0,149.23,147.67,32068.4,3.114,20.184,221.7005,99861.0,1
BLK-0735,DEMO-01,275.0,149.23,162.56,32068.4,2.915,23.921,195.1721,93479.4,1
BLK-0736,DEMO-01,275.0,149.23,177.44,32068.4,2.913,28.483,131.8683,93415.2,1
BLK-0737,DEMO-01,275.0,149.23,192.33,32068.4,2.899,21.617,93.0472,92966.3,1
BLK-0738,DEMO-01,275.0,149.23,207.22,32068.4,2.903,7.521,73.2692,93094.6,0
BLK-0739,DEMO-01,275.0,149.23,222.11,32068.4,2.925,4.748,104.5417,93800.1,0
BLK-0740,DEMO-01,275.0,149.23,237.0,32068.4,2.925,12.241,185.5004,93800.1,0
BLK-0741,DEMO-01,275.0,192.31,103.0,32068.4,2.904,19.541,220.246,93126.6,0
BLK-0742,DEMO-01,275.0,192.31,117.89,32068.4,3.034,19.541,220.246,97295.5,0
BLK-0743,DEMO-01,275.0,192.31,132.78,32068.4,3.606,21.38,222.38,115638.7,1
BLK-0744,DEMO-01,275.0,192.31,147.67,32068.4,3.384,22.421,222.4675,108519.5,1
BLK-0745,DEMO-01,275.0,192.31,162.56,32068.4,2.954,25.611,197.8528,94730.1,1
BLK-0746,DEMO-01,275.0,192.31,177.44,32068.4,2.93,33.317,134.119,93960.4,1
BLK-0747,DEMO-01,275.0,192.31,192.33,32068.4,2.922,27.191,96.6362,93703.9,1
BLK-0748,DEMO-01,275.0,192.31,207.22,32068.4,2.929,12.378,84.6399,93928.3,0
BLK-0749,DEMO-01,275.0,192.31,222.11,32068.4,2.899,6.824,140.1259,92966.3,0
BLK-0750,DEMO-01,275.0,192.31,237.0,32068.4,2.915,12.29,197.7281,93479.4,0
BLK-0751,DEMO-01,275.0,235.38,103.0,32068.4,2.916,19.121,219.1268,93511.5,0
BLK-0752,DEMO-01,275.0,235.38,117.89,32068.4,2.93,19.121,219.1268,93960.4,0
BLK-0753,DEMO-01,275.0,235.38,132.78,32068.4,3.311,21.221,223.051,106178.5,1
BLK-0754,DEMO-01,275.0,235.38,147.67,32068.4,3.867,21.661,221.6953,124008.5,1
BLK-0755,DEMO-01,275.0,235.38,162.56,32068.4,3.158,29.587,191.5786,101272.0,1
BLK-0756,DEMO-01,275.0,235.38,177.44,32068.4,2.92,38.282,111.0439,93639.7,1
BLK-0757,DEMO-01,275.0,235.38,192.33,32068.4,2.906,37.027,88.4447,93190.8,1
BLK-0758,DEMO-01,275.0,235.38,207.22,32068.4,2.931,19.402,116.8975,93992.5,0
BLK-0759,DEMO-01,275.0,235.38,222.11,32068.4,2.921,10.727,169.3684,93671.8,0
BLK-0760,DEMO-01,275.0,235.38,237.0,32068.4,2.903,16.135,210.1164,93094.6,0
BLK-0761,DEMO-01,275.0,278.46,103.0,32068.4,2.914,20.785,221.0517,93447.3,1
BLK-0762,DEMO-01,275.0,278.46,117.89,32068.4,2.894,21.505,222.5852,92805.9,1
BLK-0763,DEMO-01,275.0,278.46,132.78,32068.4,3.002,21.505,222.5852,96269.3,1
BLK-0764,DEMO-01,275.0,278.46,147.67,32068.4,3.636,21.131,220.3376,116600.7,1
BLK-0765,DEMO-01,275.0,278.46,162.56,32068.4,3.546,26.455,184.4333,113714.5,1
BLK-0766,DEMO-01,275.0,278.46,177.44,32068.4,2.996,36.879,97.1947,96076.9,1
BLK-0767,DEMO-01,275.0,278.46,192.33,32068.4,2.901,38.797,81.9901,93030.4,1
BLK-0768,DEMO-01,275.0,278.46,207.22,32068.4,2.926,24.299,131.0355,93832.1,1
BLK-0769,DEMO-01,275.0,278.46,222.11,32068.4,2.945,15.108,182.4664,94441.4,0
BLK-0770,DEMO-01,275.0,278.46,237.0,32068.4,2.93,17.439,215.299,93960.4,0
BLK-0771,DEMO-01,275.0,321.54,103.0,32068.4,2.916,22.354,222.4695,93511.5,1
BLK-0772,DEMO-01,275.0,321.54,117.89,32068.4,2.902,22.121,223.4141,93062.5,1
BLK-0773,DEMO-01,275.0,321.54,132.78,32068.4,2.942,22.121,223.4141,94345.2,1
BLK-0774,DEMO-01,275.0,321.54,147.67,32068.4,3.379,22.21,221.6582,108359.1,1
BLK-0775,DEMO-01,275.0,321.54,162.56,32068.4,3.43,24.903,186.7277,109994.6,1
BLK-0776,DEMO-01,275.0,321.54,177.44,32068.4,2.967,31.682,116.8314,95146.9,1
BLK-0777,DEMO-01,275.0,321.54,192.33,32068.4,2.913,33.551,92.0639,93415.2,1
BLK-0778,DEMO-01,275.0,321.54,207.22,32068.4,2.915,23.413,126.878,93479.4,1
BLK-0779,DEMO-01,275.0,321.54,222.11,32068.4,2.923,13.791,174.446,93735.9,0
BLK-0780,DEMO-01,275.0,321.54,237.0,32068.4,2.9,15.924,210.0704,92998.4,0
BLK-0781,DEMO-01,275.0,364.62,103.0,32068.4,2.907,22.098,222.0947,93222.8,1
BLK-0782,DEMO-01,275.0,364.62,117.89,32068.4,2.917,21.415,223.7458,93543.5,1
BLK-0783,DEMO-01,275.0,364.62,132.78,32068.4,3.007,22.235,226.0686,96429.7,1
BLK-0784,DEMO-01,275.0,364.62,147.67,32068.4,3.309,23.559,225.3609,106114.3,1
BLK-0785,DEMO-01,275.0,364.62,162.56,32068.4,3.07,23.852,193.0218,98450.0,1
BLK-0786,DEMO-01,275.0,364.62,177.44,32068.4,2.901,25.413,131.5039,93030.4,1
BLK-0787,DEMO-01,275.0,364.62,192.33,32068.4,2.922,26.777,97.7862,93703.9,1
BLK-0788,DEMO-01,275.0,364.62,207.22,32068.4,2.923,19.778,115.3056,93735.9,0
BLK-0789,DEMO-01,275.0,364.62,222.11,32068.4,2.915,13.063,161.5036,93479.4,0
BLK-0790,DEMO-01,275.0,364.62,237.0,32068.4,2.9,14.775,205.1428,92998.4,0
BLK-0791,DEMO-01,275.0,407.69,103.0,32068.4,2.94,17.956,224.124,94281.1,0
BLK-0792,DEMO-01,275.0,407.69,117.89,32068.4,2.919,19.218,225.345,93607.7,0
BLK-0793,DEMO-01,275.0,407.69,132.78,32068.4,3.058,18.37,225.3246,98065.2,0
BLK-0794,DEMO-01,275.0,407.69,147.67,32068.4,3.03,17.669,226.8529,97167.3,0
BLK-0795,DEMO-01,275.0,407.69,162.56,32068.4,2.934,18.853,192.0677,94088.7,0
BLK-0796,DEMO-01,275.0,407.69,177.44,32068.4,2.939,18.996,126.2804,94249.0,0
BLK-0797,DEMO-01,275.0,407.69,192.33,32068.4,2.924,17.546,89.4298,93768.0,0
BLK-0798,DEMO-01,275.0,407.69,207.22,32068.4,2.909,13.802,114.005,93287.0,0
BLK-0799,DEMO-01,275.0,407.69,222.11,32068.4,2.931,12.363,162.188,93992.5,0
BLK-0800,DEMO-01,275.0,407.69,237.0,32068.4,2.908,14.698,206.2123,93254.9,0
BLK-0801,DEMO-01,275.0,450.77,103.0,32068.4,2.919,17.956,224.124,93607.7,0
BLK-0802,DEMO-01,275.0,450.77,117.89,32068.4,2.917,17.144,226.7971,93543.5,0
BLK-0803,DEMO-01,275.0,450.77,132.78,32068.4,2.956,16.913,226.9207,94794.2,0
BLK-0804,DEMO-01,275.0,450.77,147.67,32068.4,2.933,16.523,224.7831,94056.6,0
BLK-0805,DEMO-01,275.0,450.77,162.56,32068.4,2.922,15.174,184.4329,93703.9,0
BLK-0806,DEMO-01,275.0,450.77,177.44,32068.4,2.894,12.317,101.9628,92805.9,0
BLK-0807,DEMO-01,275.0,450.77,192.33,32068.4,2.923,9.545,78.6895,93735.9,0
BLK-0808,DEMO-01,275.0,450.77,207.22,32068.4,2.905,8.787,121.9352,93158.7,0
BLK-0809,DEMO-01,275.0,450.77,222.11,32068.4,2.933,9.352,169.7147,94056.6,0
BLK-0810,DEMO-01,275.0,450.77,237.0,32068.4,2.912,13.329,210.1872,93383.2,0
BLK-0811,DEMO-01,275.0,493.85,103.0,32068.4,2.901,16.377,226.3435,93030.4,0
BLK-0812,DEMO-01,275.0,493.85,117.89,32068.4,2.92,16.018,226.0009,93639.7,0
BLK-0813,DEMO-01,275.0,493.85,132.78,32068.4,2.917,17.144,226.7971,93543.5,0
BLK-0814,DEMO-01,275.0,493.85,147.67,32068.4,2.938,16.367,222.2821,94217.0,0
BLK-0815,DEMO-01,275.0,493.85,162.56,32068.4,2.916,12.617,175.5104,93511.5,0
BLK-0816,DEMO-01,275.0,493.85,177.44,32068.4,2.914,7.095,91.8202,93447.3,0
BLK-0817,DEMO-01,275.0,493.85,192.33,32068.4,2.924,4.417,78.7242,93768.0,0
BLK-0818,DEMO-01,275.0,493.85,207.22,32068.4,2.903,5.604,115.9223,93094.6,0
BLK-0819,DEMO-01,275.0,493.85,222.11,32068.4,2.899,8.991,165.4786,92966.3,0
BLK-0820,DEMO-01,275.0,493.85,237.0,32068.4,2.922,12.554,210.2351,93703.9,0
BLK-0821,DEMO-01,275.0,536.92,103.0,32068.4,2.902,15.602,226.1626,93062.5,0
BLK-0822,DEMO-01,275.0,536.92,117.89,32068.4,2.902,14.602,226.5782,93062.5,0
BLK-0823,DEMO-01,275.0,536.92,132.78,32068.4,2.929,13.962,226.4074,93928.3,0
BLK-0824,DEMO-01,275.0,536.92,147.67,32068.4,2.925,13.5,219.0582,93800.1,0
BLK-0825,DEMO-01,275.0,536.92,162.56,32068.4,2.9,9.915,170.875,92998.4,0
BLK-0826,DEMO-01,275.0,536.92,177.44,32068.4,2.908,6.206,87.3139,93254.9,0
BLK-0827,DEMO-01,275.0,536.92,192.33,32068.4,2.904,3.793,93.9528,93126.6,0
BLK-0828,DEMO-01,275.0,536.92,207.22,32068.4,2.94,5.183,108.3115,94281.1,0
BLK-0829,DEMO-01,275.0,536.92,222.11,32068.4,2.928,9.648,159.0248,93896.3,0
BLK-0830,DEMO-01,275.0,536.92,237.0,32068.4,2.911,12.668,209.9284,93351.1,0
BLK-0831,DEMO-01,275.0,580.0,103.0,32068.4,2.924,14.431,224.9704,93768.0,0
BLK-0832,DEMO-01,275.0,580.0,117.89,32068.4,2.898,14.276,225.1616,92934.2,0
BLK-0833,DEMO-01,275.0,580.0,132.78,32068.4,2.907,14.484,227.5718,93222.8,0
BLK-0834,DEMO-01,275.0,580.0,147.67,32068.4,2.918,12.987,221.3427,93575.6,0
BLK-0835,DEMO-01,275.0,580.0,162.56,32068.4,2.922,10.836,179.9428,93703.9,0
BLK-0836,DEMO-01,275.0,580.0,177.44,32068.4,2.915,7.34,119.1016,93479.4,0
BLK-0837,DEMO-01,275.0,580.0,192.33,32068.4,2.919,5.305,127.279,93607.7,0
BLK-0838,DEMO-01,275.0,580.0,207.22,32068.4,2.917,6.727,134.6731,93543.5,0
BLK-0839,DEMO-01,275.0,580.0,222.11,32068.4,2.914,9.575,171.8128,93447.3,0
BLK-0840,DEMO-01,275.0,580.0,237.0,32068.4,2.912,12.974,212.4812,93383.2,0
BLK-0841,DEMO-01,325.0,20.0,103.0,32068.4,2.911,20.292,223.1935,93351.1,1
BLK-0842,DEMO-01,325.0,20.0,117.89,32068.4,2.919,18.697,224.7103,93607.7,0
BLK-0843,DEMO-01,325.0,20.0,132.78,32068.4,2.928,14.904,227.2695,93896.3,0
BLK-0844,DEMO-01,325.0,20.0,147.67,32068.4,2.973,15.327,225.1199,95339.4,0
BLK-0845,DEMO-01,325.0,20.0,162.56,32068.4,2.951,18.778,201.9191,94633.8,0
BLK-0846,DEMO-01,325.0,20.0,177.44,32068.4,2.908,21.724,158.0981,93254.9,1
BLK-0847,DEMO-01,325.0,20.0,192.33,32068.4,2.922,20.293,120.3278,93703.9,1
BLK-0848,DEMO-01,325.0,20.0,207.22,32068.4,2.936,12.958,129.276,94152.8,0
BLK-0849,DEMO-01,325.0,20.0,222.11,32068.4,2.918,13.266,185.9559,93575.6,0
BLK-0850,DEMO-01,325.0,20.0,237.0,32068.4,2.911,16.035,222.8506,93351.1,0
BLK-0851,DEMO-01,325.0,63.08,103.0,32068.4,2.919,20.292,223.1935,93607.7,1
BLK-0852,DEMO-01,325.0,63.08,117.89,32068.4,2.905,20.292,223.1935,93158.7,1
BLK-0853,DEMO-01,325.0,63.08,132.78,32068.4,3.019,18.709,224.8329,96814.5,0
BLK-0854,DEMO-01,325.0,63.08,147.67,32068.4,3.13,15.664,222.5926,100374.1,0
BLK-0855,DEMO-01,325.0,63.08,162.56,32068.4,2.961,19.595,184.4375,94954.5,0
BLK-0856,DEMO-01,325.0,63.08,177.44,32068.4,2.915,27.501,104.7004,93479.4,1
BLK-0857,DEMO-01,325.0,63.08,192.33,32068.4,2.909,24.715,88.9387,93287.0,1
BLK-0858,DEMO-01,325.0,63.08,207.22,32068.4,2.934,12.842,99.8287,94088.7,0
BLK-0859,DEMO-01,325.0,63.08,222.11,32068.4,2.914,9.002,156.9206,93447.3,0
BLK-0860,DEMO-01,325.0,63.08,237.0,32068.4,2.918,14.444,211.2046,93575.6,0
BLK-0861,DEMO-01,325.0,106.15,103.0,32068.4,2.926,18.88,221.794,93832.1,0
BLK-0862,DEMO-01,325.0,106.15,117.89,32068.4,3.01,18.88,221.794,96525.9,0
BLK-0863,DEMO-01,325.0,106.15,132.78,32068.4,3.391,20.836,224.5666,108743.9,1
BLK-0864,DEMO-01,325.0,106.15,147.67,32068.4,3.144,15.917,222.9722,100823.0,0
BLK-0865,DEMO-01,325.0,106.15,162.56,32068.4,2.907,22.104,178.2407,93222.8,1
BLK-0866,DEMO-01,325.0,106.15,177.44,32068.4,2.92,32.832,64.0766,93639.7,1
BLK-0867,DEMO-01,325.0,106.15,192.33,32068.4,2.916,28.436,67.5017,93511.5,1
BLK-0868,DEMO-01,325.0,106.15,207.22,32068.4,2.918,11.487,82.8355,93575.6,0
BLK-0869,DEMO-01,325.0,106.15,222.11,32068.4,2.917,4.956,129.7647,93543.5,0
BLK-0870,DEMO-01,325.0,106.15,237.0,32068.4,2.92,12.426,200.9484,93639.7,0
BLK-0871,DEMO-01,325.0,149.23,103.0,32068.4,2.958,19.968,219.553,94858.3,0
BLK-0872,DEMO-01,325.0,149.23,117.89,32068.4,3.321,19.339,221.5987,106499.2,0
BLK-0873,DEMO-01,325.0,149.23,132.78,32068.4,3.683,20.204,224.5086,118107.9,1
BLK-0874,DEMO-01,325.0,149.23,147.67,32068.4,3.072,21.409,220.4904,98514.1,1
BLK-0875,DEMO-01,325.0,149.23,162.56,32068.4,2.925,24.043,184.9004,93800.1,1
BLK-0876,DEMO-01,325.0,149.23,177.44,32068.4,2.922,36.792,102.5193,93703.9,1
BLK-0877,DEMO-01,325.0,149.23,192.33,32068.4,2.953,31.874,68.5154,94698.0,1
BLK-0878,DEMO-01,325.0,149.23,207.22,32068.4,2.924,9.259,76.0358,93768.0,0
BLK-0879,DEMO-01,325.0,149.23,222.11,32068.4,2.931,3.498,118.799,93992.5,0
BLK-0880,DEMO-01,325.0,149.23,237.0,32068.4,2.912,8.298,197.3495,93383.2,0
BLK-0881,DEMO-01,325.0,192.31,103.0,32068.4,2.917,20.911,219.765,93543.5,1
BLK-0882,DEMO-01,325.0,192.31,117.89,32068.4,3.28,20.911,219.765,105184.4,1
BLK-0883,DEMO-01,325.0,192.31,132.78,32068.4,3.94,20.315,221.5492,126349.5,1
BLK-0884,DEMO-01,325.0,192.31,147.67,32068.4,3.212,20.614,220.4475,103003.7,1
BLK-0885,DEMO-01,325.0,192.31,162.56,32068.4,2.93,26.185,188.1305,93960.4,1
BLK-0886,DEMO-01,325.0,192.31,177.44,32068.4,2.913,38.2,115.4904,93415.2,1
BLK-0887,DEMO-01,325.0,192.31,192.33,32068.4,2.911,35.628,79.8099,93351.1,1
BLK-0888,DEMO-01,325.0,192.31,207.22,32068.4,2.914,13.629,89.821,93447.3,0
BLK-0889,DEMO-01,325.0,192.31,222.11,32068.4,2.926,3.88,135.7702,93832.1,0
BLK-0890,DEMO-01,325.0,192.31,237.0,32068.4,2.927,12.536,202.8042,93864.2,0
BLK-0891,DEMO-01,325.0,235.38,103.0,32068.4,2.903,19.466,219.5928,93094.6,0
BLK-0892,DEMO-01,325.0,235.38,117.89,32068.4,2.986,19.466,219.5928,95756.2,0
BLK-0893,DEMO-01,325.0,235.38,132.78,32068.4,3.567,19.466,219.5928,114388.0,0
BLK-0894,DEMO-01,325.0,235.38,147.67,32068.4,3.676,20.254,215.9988,117883.4,1
BLK-0895,DEMO-01,325.0,235.38,162.56,32068.4,3.003,25.285,178.8111,96301.4,1
BLK-0896,DEMO-01,325.0,235.38,177.44,32068.4,2.938,37.771,101.3993,94217.0,1
BLK-0897,DEMO-01,325.0,235.38,192.33,32068.4,2.911,39.116,71.3175,93351.1,1
BLK-0898,DEMO-01,325.0,235.38,207.22,32068.4,2.919,18.327,116.4328,93607.7,0
BLK-0899,DEMO-01,325.0,235.38,222.11,32068.4,2.924,7.924,163.3175,93768.0,0
BLK-0900,DEMO-01,325.0,235.38,237.0,32068.4,2.905,16.909,211.0783,93158.7,0
BLK-0901,DEMO-01,325.0,278.46,103.0,32068.4,2.915,19.254,219.0374,93479.4,0
BLK-0902,DEMO-01,325.0,278.46,117.89,32068.4,2.916,19.592,219.6116,93511.5,0
BLK-0903,DEMO-01,325.0,278.46,132.78,32068.4,3.056,21.828,221.7396,98001.0,1
BLK-0904,DEMO-01,325.0,278.46,147.67,32068.4,3.55,21.762,216.671,113842.8,1
BLK-0905,DEMO-01,325.0,278.46,162.56,32068.4,3.221,22.571,173.2088,103292.3,1
BLK-0906,DEMO-01,325.0,278.46,177.44,32068.4,2.922,32.677,91.987,93703.9,1
BLK-0907,DEMO-01,325.0,278.46,192.33,32068.4,2.924,35.685,88.1226,93768.0,1
BLK-0908,DEMO-01,325.0,278.46,207.22,32068.4,2.92,19.899,130.2583,93639.7,0
BLK-0909,DEMO-01,325.0,278.46,222.11,32068.4,2.898,10.847,169.783,92934.2,0
BLK-0910,DEMO-01,325.0,278.46,237.0,32068.4,2.923,16.799,211.1539,93735.9,0
BLK-0911,DEMO-01,325.0,321.54,103.0,32068.4,2.898,22.008,222.733,92934.2,1
BLK-0912,DEMO-01,325.0,321.54,117.89,32068.4,2.925,22.008,222.733,93800.1,1
BLK-0913,DEMO-01,325.0,321.54,132.78,32068.4,2.963,23.377,223.1943,95018.7,1
BLK-0914,DEMO-01,325.0,321.54,147.67,32068.4,3.237,21.657,220.4496,103805.4,1
BLK-0915,DEMO-01,325.0,321.54,162.56,32068.4,3.101,20.456,178.3731,99444.1,1
BLK-0916,DEMO-01,325.0,321.54,177.44,32068.4,2.931,24.198,113.8123,93992.5,1
BLK-0917,DEMO-01,325.0,321.54,192.33,32068.4,2.929,27.488,113.4026,93928.3,1
BLK-0918,DEMO-01,325.0,321.54,207.22,32068.4,2.906,16.524,121.3272,93190.8,0
BLK-0919,DEMO-01,325.0,321.54,222.11,32068.4,2.908,10.131,145.1199,93254.9,0
BLK-0920,DEMO-01,325.0,321.54,237.0,32068.4,2.922,13.093,199.835,93703.9,0
BLK-0921,DEMO-01,325.0,364.62,103.0,32068.4,2.923,21.021,224.5144,93735.9,1
BLK-0922,DEMO-01,325.0,364.62,117.89,32068.4,2.887,20.663,226.7099,92581.5,1
BLK-0923,DEMO-01,325.0,364.62,132.78,32068.4,3.003,20.819,226.8117,96301.4,1
BLK-0924,DEMO-01,325.0,364.62,147.67,32068.4,3.07,20.983,226.0346,98450.0,1
BLK-0925,DEMO-01,325.0,364.62,162.56,32068.4,2.962,17.977,188.3945,94986.6,0
BLK-0926,DEMO-01,325.0,364.62,177.44,32068.4,2.915,16.402,131.7286,93479.4,0
BLK-0927,DEMO-01,325.0,364.62,192.33,32068.4,2.892,18.059,123.1484,92741.8,0
BLK-0928,DEMO-01,325.0,364.62,207.22,32068.4,2.925,12.899,102.2934,93800.1,0
BLK-0929,DEMO-01,325.0,364.62,222.11,32068.4,2.909,7.497,112.1504,93287.0,0
BLK-0930,DEMO-01,325.0,364.62,237.0,32068.4,2.923,11.812,192.0897,93735.9,0
BLK-0931,DEMO-01,325.0,407.69,103.0,32068.4,2.913,18.075,227.0542,93415.2,0
BLK-0932,DEMO-01,325.0,407.69,117.89,32068.4,2.928,18.911,226.819,93896.3,0
BLK-0933,DEMO-01,325.0,407.69,132.78,32068.4,2.951,18.004,228.508,94633.8,0
BLK-0934,DEMO-01,325.0,407.69,147.67,32068.4,2.953,19.054,226.638,94698.0,0
BLK-0935,DEMO-01,325.0,407.69,162.56,32068.4,2.902,15.448,185.1758,93062.5,0
BLK-0936,DEMO-01,325.0,407.69,177.44,32068.4,2.946,12.23,123.9161,94473.5,0
BLK-0937,DEMO-01,325.0,407.69,192.33,32068.4,2.946,11.35,117.8618,94473.5,0
BLK-0938,DEMO-01,325.0,407.69,207.22,32068.4,2.938,7.939,111.728,94217.0,0
BLK-0939,DEMO-01,325.0,407.69,222.11,32068.4,2.933,8.602,126.7447,94056.6,0
BLK-0940,DEMO-01,325.0,407.69,237.0,32068.4,2.915,13.456,195.2517,93479.4,0
BLK-0941,DEMO-01,325.0,450.77,103.0,32068.4,2.932,18.075,227.0542,94024.5,0
BLK-0942,DEMO-01,325.0,450.77,117.89,32068.4,2.92,19.234,228.8184,93639.7,0
BLK-0943,DEMO-01,325.0,450.77,132.78,32068.4,2.907,19.234,228.8184,93222.8,0
BLK-0944,DEMO-01,325.0,450.77,147.67,32068.4,2.939,17.702,223.9377,94249.0,0
BLK-0945,DEMO-01,325.0,450.77,162.56,32068.4,2.931,12.662,172.2931,93992.5,0
BLK-0946,DEMO-01,325.0,450.77,177.44,32068.4,2.916,6.942,91.7741,93511.5,0
BLK-0947,DEMO-01,325.0,450.77,192.33,32068.4,2.9,6.131,99.5195,92998.4,0
BLK-0948,DEMO-01,325.0,450.77,207.22,32068.4,2.908,6.179,133.6511,93254.9,0
BLK-0949,DEMO-01,325.0,450.77,222.11,32068.4,2.892,7.665,163.8505,92741.8,0
BLK-0950,DEMO-01,325.0,450.77,237.0,32068.4,2.929,11.686,206.7316,93928.3,0
BLK-0951,DEMO-01,325.0,493.85,103.0,32068.4,2.895,17.679,226.6699,92838.0,0
BLK-0952,DEMO-01,325.0,493.85,117.89,32068.4,2.921,17.679,226.6699,93671.8,0
BLK-0953,DEMO-01,325.0,493.85,132.78,32068.4,2.907,19.234,228.8184,93222.8,0
BLK-0954,DEMO-01,325.0,493.85,147.67,32068.4,2.898,18.398,219.6701,92934.2,0
BLK-0955,DEMO-01,325.0,493.85,162.56,32068.4,2.919,9.044,161.4291,93607.7,0
BLK-0956,DEMO-01,325.0,493.85,177.44,32068.4,2.912,3.996,73.5047,93383.2,0
BLK-0957,DEMO-01,325.0,493.85,192.33,32068.4,2.927,3.341,74.1304,93864.2,0
BLK-0958,DEMO-01,325.0,493.85,207.22,32068.4,2.899,5.325,141.1748,92966.3,0
BLK-0959,DEMO-01,325.0,493.85,222.11,32068.4,2.906,8.74,183.349,93190.8,0
BLK-0960,DEMO-01,325.0,493.85,237.0,32068.4,2.885,12.801,214.3678,92517.3,0
BLK-0961,DEMO-01,325.0,536.92,103.0,32068.4,2.887,17.679,226.6699,92581.5,0
BLK-0962,DEMO-01,325.0,536.92,117.89,32068.4,2.94,15.844,227.0509,94281.1,0
BLK-0963,DEMO-01,325.0,536.92,132.78,32068.4,2.944,15.844,227.0509,94409.4,0
BLK-0964,DEMO-01,325.0,536.92,147.67,32068.4,2.918,15.237,217.2602,93575.6,0
BLK-0965,DEMO-01,325.0,536.92,162.56,32068.4,2.905,8.319,157.5548,93158.7,0
BLK-0966,DEMO-01,325.0,536.92,177.44,32068.4,2.912,3.963,49.6795,93383.2,0
BLK-0967,DEMO-01,325.0,536.92,192.33,32068.4,2.928,3.994,38.9895,93896.3,0
BLK-0968,DEMO-01,325.0,536.92,207.22,32068.4,2.909,5.805,142.3567,93287.0,0
BLK-0969,DEMO-01,325.0,536.92,222.11,32068.4,2.919,8.722,191.4424,93607.7,0
BLK-0970,DEMO-01,325.0,536.92,237.0,32068.4,2.916,10.837,217.2774,93511.5,0
BLK-0971,DEMO-01,325.0,580.0,103.0,32068.4,2.909,14.308,224.5069,93287.0,0
BLK-0972,DEMO-01,325.0,580.0,117.89,32068.4,2.909,15.844,227.0509,93287.0,0
BLK-0973,DEMO-01,325.0,580.0,132.78,32068.4,2.92,15.844,227.0509,93639.7,0
BLK-0974,DEMO-01,325.0,580.0,147.67,32068.4,2.903,14.183,219.969,93094.6,0
BLK-0975,DEMO-01,325.0,580.0,162.56,32068.4,2.922,11.076,168.073,93703.9,0
BLK-0976,DEMO-01,325.0,580.0,177.44,32068.4,2.91,6.391,90.3213,93319.0,0
BLK-0977,DEMO-01,325.0,580.0,192.33,32068.4,2.918,4.629,104.0472,93575.6,0
BLK-0978,DEMO-01,325.0,580.0,207.22,32068.4,2.934,5.389,160.3197,94088.7,0
BLK-0979,DEMO-01,325.0,580.0,222.11,32068.4,2.914,7.244,200.5421,93447.3,0
BLK-0980,DEMO-01,325.0,580.0,237.0,32068.4,2.928,11.458,220.2162,93896.3,0
BLK-0981,DEMO-01,375.0,20.0,103.0,32068.4,2.893,15.884,222.4833,92773.9,0
BLK-0982,DEMO-01,375.0,20.0,117.89,32068.4,2.91,14.52,225.9031,93319.0,0
BLK-0983,DEMO-01,375.0,20.0,132.78,32068.4,2.919,13.922,225.8764,93607.7,0
BLK-0984,DEMO-01,375.0,20.0,147.67,32068.4,2.991,13.992,222.6657,95916.6,0
BLK-0985,DEMO-01,375.0,20.0,162.56,32068.4,2.998,15.195,195.3227,96141.1,0
BLK-0986,DEMO-01,375.0,20.0,177.44,32068.4,2.939,21.085,157.0128,94249.0,1
BLK-0987,DEMO-01,375.0,20.0,192.33,32068.4,2.936,24.596,138.1133,94152.8,1
BLK-0988,DEMO-01,375.0,20.0,207.22,32068.4,2.906,18.912,154.2646,93190.8,0
BLK-0989,DEMO-01,375.0,20.0,222.11,32068.4,2.913,12.233,203.2908,93415.2,0
BLK-0990,DEMO-01,375.0,20.0,237.0,32068.4,2.921,16.107,229.2598,93671.8,0
BLK-0991,DEMO-01,375.0,63.08,103.0,32068.4,2.919,18.337,221.8492,93607.7,0
BLK-0992,DEMO-01,375.0,63.08,117.89,32068.4,2.938,14.67,223.7415,94217.0,0
BLK-0993,DEMO-01,375.0,63.08,132.78,32068.4,2.966,14.52,225.9031,95114.9,0
BLK-0994,DEMO-01,375.0,63.08,147.67,32068.4,3.209,14.474,222.6563,102907.5,0
BLK-0995,DEMO-01,375.0,63.08,162.56,32068.4,3.089,17.236,181.6815,99059.3,0
BLK-0996,DEMO-01,375.0,63.08,177.44,32068.4,2.918,28.02,117.6182,93575.6,1
BLK-0997,DEMO-01,375.0,63.08,192.33,32068.4,2.913,31.966,87.7049,93415.2,1
BLK-0998,DEMO-01,375.0,63.08,207.22,32068.4,2.901,20.084,109.464,93030.4,1
BLK-0999,DEMO-01,375.0,63.08,222.11,32068.4,2.923,9.446,178.7454,93735.9,0
BLK-1000,DEMO-01,375.0,63.08,237.0,32068.4,2.911,12.503,220.6708,93351.1,0
BLK-1001,DEMO-01,375.0,106.15,103.0,32068.4,2.908,19.296,220.496,93254.9,0
BLK-1002,DEMO-01,375.0,106.15,117.89,32068.4,2.956,18.28,221.9839,94794.2,0
BLK-1003,DEMO-01,375.0,106.15,132.78,32068.4,3.31,14.67,223.7415,106146.4,0
BLK-1004,DEMO-01,375.0,106.15,147.67,32068.4,3.455,14.762,222.6105,110796.3,0
BLK-1005,DEMO-01,375.0,106.15,162.56,32068.4,2.981,19.915,179.1712,95595.9,0
BLK-1006,DEMO-01,375.0,106.15,177.44,32068.4,2.932,33.682,94.0525,94024.5,1
BLK-1007,DEMO-01,375.0,106.15,192.33,32068.4,2.911,35.741,60.3164,93351.1,1
BLK-1008,DEMO-01,375.0,106.15,207.22,32068.4,2.925,16.823,76.8878,93800.1,0
BLK-1009,DEMO-01,375.0,106.15,222.11,32068.4,2.919,5.474,148.748,93607.7,0
BLK-1010,DEMO-01,375.0,106.15,237.0,32068.4,2.926,11.476,212.2673,93832.1,0
BLK-1011,DEMO-01,375.0,149.23,103.0,32068.4,2.921,18.968,219.2946,93671.8,0
BLK-1012,DEMO-01,375.0,149.23,117.89,32068.4,3.055,19.358,219.6937,97969.0,0
BLK-1013,DEMO-01,375.0,149.23,132.78,32068.4,3.804,17.673,222.0649,121988.2,0
BLK-1014,DEMO-01,375.0,149.23,147.67,32068.4,3.41,15.266,222.361,109353.2,0
BLK-1015,DEMO-01,375.0,149.23,162.56,32068.4,2.956,22.137,184.7751,94794.2,1
BLK-1016,DEMO-01,375.0,149.23,177.44,32068.4,2.925,37.615,101.2427,93800.1,1
BLK-1017,DEMO-01,375.0,149.23,192.33,32068.4,2.906,36.619,56.7552,93190.8,1
BLK-1018,DEMO-01,375.0,149.23,207.22,32068.4,2.904,8.899,46.9641,93126.6,0
BLK-1019,DEMO-01,375.0,149.23,222.11,32068.4,2.925,4.265,123.0898,93800.1,0
BLK-1020,DEMO-01,375.0,149.23,237.0,32068.4,2.912,8.087,206.6071,93383.2,0
BLK-1021,DEMO-01,375.0,192.31,103.0,32068.4,2.93,18.038,219.4533,93960.4,0
BLK-1022,DEMO-01,375.0,192.31,117.89,32068.4,3.004,18.968,219.2946,96333.5,0
BLK-1023,DEMO-01,375.0,192.31,132.78,32068.4,3.734,18.168,221.4321,119743.4,0
BLK-1024,DEMO-01,375.0,192.31,147.67,32068.4,3.669,17.434,219.2016,117659.0,0
BLK-1025,DEMO-01,375.0,192.31,162.56,32068.4,2.992,23.671,182.8117,95948.7,1
BLK-1026,DEMO-01,375.0,192.31,177.44,32068.4,2.912,37.772,101.9922,93383.2,1
BLK-1027,DEMO-01,375.0,192.31,192.33,32068.4,2.919,38.151,50.2287,93607.7,1
BLK-1028,DEMO-01,375.0,192.31,207.22,32068.4,2.932,12.113,75.5299,94024.5,0
BLK-1029,DEMO-01,375.0,192.31,222.11,32068.4,2.915,4.661,131.7295,93479.4,0
BLK-1030,DEMO-01,375.0,192.31,237.0,32068.4,2.923,11.219,206.9485,93735.9,0
BLK-1031,DEMO-01,375.0,235.38,103.0,32068.4,2.917,20.296,220.3233,93543.5,1
BLK-1032,DEMO-01,375.0,235.38,117.89,32068.4,2.923,20.296,220.3233,93735.9,1
BLK-1033,DEMO-01,375.0,235.38,132.78,32068.4,3.141,19.829,222.7835,100726.8,0
BLK-1034,DEMO-01,375.0,235.38,147.67,32068.4,3.753,19.437,217.177,120352.7,0
BLK-1035,DEMO-01,375.0,235.38,162.56,32068.4,3.264,21.809,172.0795,104671.3,1
BLK-1036,DEMO-01,375.0,235.38,177.44,32068.4,2.934,32.572,96.1684,94088.7,1
BLK-1037,DEMO-01,375.0,235.38,192.33,32068.4,2.907,36.488,47.9228,93222.8,1
BLK-1038,DEMO-01,375.0,235.38,207.22,32068.4,2.914,14.95,108.0698,93447.3,0
BLK-1039,DEMO-01,375.0,235.38,222.11,32068.4,2.92,6.202,156.5692,93639.7,0
BLK-1040,DEMO-01,375.0,235.38,237.0,32068.4,2.927,13.814,210.6462,93864.2,0
BLK-1041,DEMO-01,375.0,278.46,103.0,32068.4,2.926,18.581,221.6341,93832.1,0
BLK-1042,DEMO-01,375.0,278.46,117.89,32068.4,2.902,19.665,222.7287,93062.5,0
BLK-1043,DEMO-01,375.0,278.46,132.78,32068.4,2.945,20.802,223.1632,94441.4,1
BLK-1044,DEMO-01,375.0,278.46,147.67,32068.4,3.186,17.401,214.2873,102169.9,0
BLK-1045,DEMO-01,375.0,278.46,162.56,32068.4,3.381,17.575,158.8301,108423.3,0
BLK-1046,DEMO-01,375.0,278.46,177.44,32068.4,3.022,22.103,62.4437,96910.7,1
BLK-1047,DEMO-01,375.0,278.46,192.33,32068.4,2.937,26.773,87.3213,94184.9,1
BLK-1048,DEMO-01,375.0,278.46,207.22,32068.4,2.92,13.724,119.8803,93639.7,0
BLK-1049,DEMO-01,375.0,278.46,222.11,32068.4,2.926,7.848,160.0801,93832.1,0
BLK-1050,DEMO-01,375.0,278.46,237.0,32068.4,2.926,14.577,208.881,93832.1,0
BLK-1051,DEMO-01,375.0,321.54,103.0,32068.4,2.935,22.182,223.6741,94120.8,1
BLK-1052,DEMO-01,375.0,321.54,117.89,32068.4,2.926,21.235,224.9842,93832.1,1
BLK-1053,DEMO-01,375.0,321.54,132.78,32068.4,2.902,21.235,224.9842,93062.5,1
BLK-1054,DEMO-01,375.0,321.54,147.67,32068.4,3.035,19.232,218.1602,97327.6,0
BLK-1055,DEMO-01,375.0,321.54,162.56,32068.4,3.177,15.119,161.3811,101881.3,0
BLK-1056,DEMO-01,375.0,321.54,177.44,32068.4,2.978,13.831,75.4123,95499.7,0
BLK-1057,DEMO-01,375.0,321.54,192.33,32068.4,2.905,17.372,101.5729,93158.7,0
BLK-1058,DEMO-01,375.0,321.54,207.22,32068.4,2.923,11.517,112.0768,93735.9,0
BLK-1059,DEMO-01,375.0,321.54,222.11,32068.4,2.913,8.14,134.8954,93415.2,0
BLK-1060,DEMO-01,375.0,321.54,237.0,32068.4,2.921,13.334,199.3386,93671.8,0
BLK-1061,DEMO-01,375.0,364.62,103.0,32068.4,2.926,21.175,225.8658,93832.1,1
BLK-1062,DEMO-01,375.0,364.62,117.89,32068.4,2.909,21.175,225.8658,93287.0,1
BLK-1063,DEMO-01,375.0,364.62,132.78,32068.4,2.907,21.175,225.8658,93222.8,1
BLK-1064,DEMO-01,375.0,364.62,147.67,32068.4,2.987,17.696,223.038,95788.3,0
BLK-1065,DEMO-01,375.0,364.62,162.56,32068.4,2.985,12.566,172.8746,95724.2,0
BLK-1066,DEMO-01,375.0,364.62,177.44,32068.4,2.927,9.775,104.8653,93864.2,0
BLK-1067,DEMO-01,375.0,364.62,192.33,32068.4,2.899,9.48,114.6176,92966.3,0
BLK-1068,DEMO-01,375.0,364.62,207.22,32068.4,2.913,7.039,98.0965,93415.2,0
BLK-1069,DEMO-01,375.0,364.62,222.11,32068.4,2.926,4.71,102.4236,93832.1,0
BLK-1070,DEMO-01,375.0,364.62,237.0,32068.4,2.924,8.127,190.5633,93768.0,0
BLK-1071,DEMO-01,375.0,407.69,103.0,32068.4,2.906,18.339,227.1909,93190.8,0
BLK-1072,DEMO-01,375.0,407.69,117.89,32068.4,2.901,18.339,227.1909,93030.4,0
BLK-1073,DEMO-01,375.0,407.69,132.78,32068.4,2.926,18.834,227.5656,93832.1,0
BLK-1074,DEMO-01,375.0,407.69,147.67,32068.4,2.951,18.39,221.437,94633.8,0
BLK-1075,DEMO-01,375.0,407.69,162.56,32068.4,2.929,11.944,169.5839,93928.3,0
BLK-1076,DEMO-01,375.0,407.69,177.44,32068.4,2.91,6.498,102.1777,93319.0,0
BLK-1077,DEMO-01,375.0,407.69,192.33,32068.4,2.92,6.865,118.7816,93639.7,0
BLK-1078,DEMO-01,375.0,407.69,207.22,32068.4,2.936,6.019,114.3219,94152.8,0
BLK-1079,DEMO-01,375.0,407.69,222.11,32068.4,2.919,7.184,123.4459,93607.7,0
BLK-1080,DEMO-01,375.0,407.69,237.0,32068.4,2.895,9.267,194.8466,92838.0,0
BLK-1081,DEMO-01,375.0,450.77,103.0,32068.4,2.919,18.075,227.0542,93607.7,0
BLK-1082,DEMO-01,375.0,450.77,117.89,32068.4,2.944,18.075,227.0542,94409.4,0
BLK-1083,DEMO-01,375.0,450.77,132.78,32068.4,2.903,19.101,228.8031,93094.6,0
BLK-1084,DEMO-01,375.0,450.77,147.67,32068.4,2.921,18.555,220.3811,93671.8,0
BLK-1085,DEMO-01,375.0,450.77,162.56,32068.4,2.914,11.055,159.4083,93447.3,0
BLK-1086,DEMO-01,375.0,450.77,177.44,32068.4,2.917,4.5,62.1152,93543.5,0
BLK-1087,DEMO-01,375.0,450.77,192.33,32068.4,2.919,5.634,108.2082,93607.7,0
BLK-1088,DEMO-01,375.0,450.77,207.22,32068.4,2.931,6.365,142.5394,93992.5,0
BLK-1089,DEMO-01,375.0,450.77,222.11,32068.4,2.917,7.293,168.9195,93543.5,0
BLK-1090,DEMO-01,375.0,450.77,237.0,32068.4,2.933,7.417,208.6664,94056.6,0
BLK-1091,DEMO-01,375.0,493.85,103.0,32068.4,2.915,15.831,228.4929,93479.4,0
BLK-1092,DEMO-01,375.0,493.85,117.89,32068.4,2.912,15.831,228.4929,93383.2,0
BLK-1093,DEMO-01,375.0,493.85,132.78,32068.4,2.908,15.831,228.4929,93254.9,0
BLK-1094,DEMO-01,375.0,493.85,147.67,32068.4,2.893,16.396,218.6018,92773.9,0
BLK-1095,DEMO-01,375.0,493.85,162.56,32068.4,2.92,9.004,152.6787,93639.7,0
BLK-1096,DEMO-01,375.0,493.85,177.44,32068.4,2.943,3.112,55.7166,94377.3,0
BLK-1097,DEMO-01,375.0,493.85,192.33,32068.4,2.922,4.074,92.4465,93703.9,0
BLK-1098,DEMO-01,375.0,493.85,207.22,32068.4,2.925,5.895,156.5504,93800.1,0
BLK-1099,DEMO-01,375.0,493.85,222.11,32068.4,2.911,8.357,198.1091,93351.1,0
BLK-1100,DEMO-01,375.0,493.85,237.0,32068.4,2.913,10.325,219.7795,93415.2,0
BLK-1101,DEMO-01,375.0,536.92,103.0,32068.4,2.929,14.912,227.3673,93928.3,0
BLK-1102,DEMO-01,375.0,536.92,117.89,32068.4,2.943,14.912,227.3673,94377.3,0
BLK-1103,DEMO-01,375.0,536.92,132.78,32068.4,2.936,16.69,231.0561,94152.8,0
BLK-1104,DEMO-01,375.0,536.92,147.67,32068.4,2.927,16.064,219.753,93864.2,0
BLK-1105,DEMO-01,375.0,536.92,162.56,32068.4,2.917,9.461,153.5103,93543.5,0
BLK-1106,DEMO-01,375.0,536.92,177.44,32068.4,2.919,3.561,63.097,93607.7,0
BLK-1107,DEMO-01,375.0,536.92,192.33,32068.4,2.906,3.445,77.523,93190.8,0
BLK-1108,DEMO-01,375.0,536.92,207.22,32068.4,2.897,6.091,164.0458,92902.2,0
BLK-1109,DEMO-01,375.0,536.92,222.11,32068.4,2.901,7.415,211.7132,93030.4,0
BLK-1110,DEMO-01,375.0,536.92,237.0,32068.4,2.917,10.981,224.2784,93543.5,0
BLK-1111,DEMO-01,375.0,580.0,103.0,32068.4,2.912,15.128,227.9177,93383.2,0
BLK-1112,DEMO-01,375.0,580.0,117.89,32068.4,2.897,14.912,227.3673,92902.2,0
BLK-1113,DEMO-01,375.0,580.0,132.78,32068.4,2.916,16.69,231.0561,93511.5,0
BLK-1114,DEMO-01,375.0,580.0,147.67,32068.4,2.912,15.242,220.6933,93383.2,0
BLK-1115,DEMO-01,375.0,580.0,162.56,32068.4,2.901,8.819,163.9689,93030.4,0
BLK-1116,DEMO-01,375.0,580.0,177.44,32068.4,2.911,6.042,89.3296,93351.1,0
BLK-1117,DEMO-01,375.0,580.0,192.33,32068.4,2.912,5.387,103.2962,93383.2,0
BLK-1118,DEMO-01,375.0,580.0,207.22,32068.4,2.908,7.149,179.4547,93254.9,0
BLK-1119,DEMO-01,375.0,580.0,222.11,32068.4,2.928,8.887,219.7173,93896.3,0
BLK-1120,DEMO-01,375.0,580.0,237.0,32068.4,2.891,12.358,226.2957,92709.7,0
BLK-1121,DEMO-01,425.0,20.0,103.0,32068.4,2.89,16.028,222.1099,92677.7,0
BLK-1122,DEMO-01,425.0,20.0,117.89,32068.4,2.916,15.093,221.9454,93511.5,0
BLK-1123,DEMO-01,425.0,20.0,132.78,32068.4,2.917,14.026,223.8269,93543.5,0
BLK-1124,DEMO-01,425.0,20.0,147.67,32068.4,2.923,12.968,218.2584,93735.9,0
BLK-1125,DEMO-01,425.0,20.0,162.56,32068.4,2.941,10.872,179.8563,94313.2,0
BLK-1126,DEMO-01,425.0,20.0,177.44,32068.4,2.97,17.256,143.8268,95243.1,0
BLK-1127,DEMO-01,425.0,20.0,192.33,32068.4,2.93,23.872,146.3597,93960.4,1
BLK-1128,DEMO-01,425.0,20.0,207.22,32068.4,2.911,21.599,171.3994,93351.1,1
BLK-1129,DEMO-01,425.0,20.0,222.11,32068.4,2.937,15.167,212.9974,94184.9,0
BLK-1130,DEMO-01,425.0,20.0,237.0,32068.4,2.912,12.5,227.1533,93383.2,0
BLK-1131,DEMO-01,425.0,63.08,103.0,32068.4,2.915,14.945,221.6163,93479.4,0
BLK-1132,DEMO-01,425.0,63.08,117.89,32068.4,2.949,15.093,221.9454,94569.7,0
BLK-1133,DEMO-01,425.0,63.08,132.78,32068.4,2.914,13.927,223.6628,93447.3,0
BLK-1134,DEMO-01,425.0,63.08,147.67,32068.4,2.953,13.045,215.7658,94698.0,0
BLK-1135,DEMO-01,425.0,63.08,162.56,32068.4,3.113,12.78,174.5478,99828.9,0
BLK-1136,DEMO-01,425.0,63.08,177.44,32068.4,3.049,22.277,123.3401,97776.6,1
BLK-1137,DEMO-01,425.0,63.08,192.33,32068.4,2.928,31.119,104.1116,93896.3,1
BLK-1138,DEMO-01,425.0,63.08,207.22,32068.4,2.919,23.255,126.0212,93607.7,1
BLK-1139,DEMO-01,425.0,63.08,222.11,32068.4,2.918,12.873,191.9235,93575.6,0
BLK-1140,DEMO-01,425.0,63.08,237.0,32068.4,2.909,11.405,223.6354,93287.0,0
BLK-1141,DEMO-01,425.0,106.15,103.0,32068.4,2.92,14.745,220.1391,93639.7,0
BLK-1142,DEMO-01,425.0,106.15,117.89,32068.4,2.943,13.687,221.6113,94377.3,0
BLK-1143,DEMO-01,425.0,106.15,132.78,32068.4,2.953,13.927,223.6628,94698.0,0
BLK-1144,DEMO-01,425.0,106.15,147.67,32068.4,3.212,13.449,217.9954,103003.7,0
BLK-1145,DEMO-01,425.0,106.15,162.56,32068.4,3.347,15.901,180.859,107332.9,0
BLK-1146,DEMO-01,425.0,106.15,177.44,32068.4,2.967,27.249,122.6781,95146.9,1
BLK-1147,DEMO-01,425.0,106.15,192.33,32068.4,2.914,34.874,82.9786,93447.3,1
BLK-1148,DEMO-01,425.0,106.15,207.22,32068.4,2.929,23.133,85.8945,93928.3,1
BLK-1149,DEMO-01,425.0,106.15,222.11,32068.4,2.936,8.986,168.2891,94152.8,0
BLK-1150,DEMO-01,425.0,106.15,237.0,32068.4,2.906,9.832,218.4107,93190.8,0
BLK-1151,DEMO-01,425.0,149.23,103.0,32068.4,2.91,16.872,220.0757,93319.0,0
BLK-1152,DEMO-01,425.0,149.23,117.89,32068.4,2.947,18.171,220.799,94505.6,0
BLK-1153,DEMO-01,425.0,149.23,132.78,32068.4,3.022,15.039,222.4058,96910.7,0
BLK-1154,DEMO-01,425.0,149.23,147.67,32068.4,3.635,14.562,221.0917,116568.6,0
BLK-1155,DEMO-01,425.0,149.23,162.56,32068.4,3.397,17.843,189.7231,108936.4,0
BLK-1156,DEMO-01,425.0,149.23,177.44,32068.4,2.954,30.133,124.5867,94730.1,1
BLK-1157,DEMO-01,425.0,149.23,192.33,32068.4,2.912,34.258,78.8369,93383.2,1
BLK-1158,DEMO-01,425.0,149.23,207.22,32068.4,2.929,15.154,64.8841,93928.3,0
BLK-1159,DEMO-01,425.0,149.23,222.11,32068.4,2.934,7.37,149.6728,94088.7,0
BLK-1160,DEMO-01,425.0,149.23,237.0,32068.4,2.903,9.146,214.2699,93094.6,0
BLK-1161,DEMO-01,425.0,192.31,103.0,32068.4,2.912,18.482,222.2111,93383.2,0
BLK-1162,DEMO-01,425.0,192.31,117.89,32068.4,2.929,18.9,222.1224,93928.3,0
BLK-1163,DEMO-01,425.0,192.31,132.78,32068.4,2.967,18.9,222.1224,95146.9,0
BLK-1164,DEMO-01,425.0,192.31,147.67,32068.4,3.531,18.398,221.1572,113233.5,0
BLK-1165,DEMO-01,425.0,192.31,162.56,32068.4,3.696,18.551,188.779,118524.8,0
BLK-1166,DEMO-01,425.0,192.31,177.44,32068.4,3.029,28.965,120.6233,97135.2,1
BLK-1167,DEMO-01,425.0,192.31,192.33,32068.4,2.912,30.578,79.1803,93383.2,1
BLK-1168,DEMO-01,425.0,192.31,207.22,32068.4,2.919,12.857,88.751,93607.7,0
BLK-1169,DEMO-01,425.0,192.31,222.11,32068.4,2.9,5.216,151.5288,92998.4,0
BLK-1170,DEMO-01,425.0,192.31,237.0,32068.4,2.904,8.45,212.5553,93126.6,0
BLK-1171,DEMO-01,425.0,235.38,103.0,32068.4,2.918,18.792,221.4523,93575.6,0
BLK-1172,DEMO-01,425.0,235.38,117.89,32068.4,2.917,18.553,221.189,93543.5,0
BLK-1173,DEMO-01,425.0,235.38,132.78,32068.4,2.906,18.792,222.4125,93190.8,0
BLK-1174,DEMO-01,425.0,235.38,147.67,32068.4,3.027,16.378,218.5861,97071.0,0
BLK-1175,DEMO-01,425.0,235.38,162.56,32068.4,3.606,16.298,178.972,115638.7,0
BLK-1176,DEMO-01,425.0,235.38,177.44,32068.4,3.353,23.069,111.6864,107525.3,1
BLK-1177,DEMO-01,425.0,235.38,192.33,32068.4,2.918,24.122,91.5568,93575.6,1
BLK-1178,DEMO-01,425.0,235.38,207.22,32068.4,2.903,11.004,104.7545,93094.6,0
BLK-1179,DEMO-01,425.0,235.38,222.11,32068.4,2.892,5.342,160.7983,92741.8,0
BLK-1180,DEMO-01,425.0,235.38,237.0,32068.4,2.922,13.328,215.4872,93703.9,0
BLK-1181,DEMO-01,425.0,278.46,103.0,32068.4,2.892,19.903,223.4821,92741.8,0
BLK-1182,DEMO-01,425.0,278.46,117.89,32068.4,2.917,19.903,223.4821,93543.5,0
BLK-1183,DEMO-01,425.0,278.46,132.78,32068.4,2.938,19.903,223.4821,94217.0,0
BLK-1184,DEMO-01,425.0,278.46,147.67,32068.4,2.945,17.092,214.1913,94441.4,0
BLK-1185,DEMO-01,425.0,278.46,162.56,32068.4,3.076,12.733,163.0951,98642.4,0
BLK-1186,DEMO-01,425.0,278.46,177.44,32068.4,3.425,13.968,81.6112,109834.3,0
BLK-1187,DEMO-01,425.0,278.46,192.33,32068.4,3.049,15.204,95.2474,97776.6,0
BLK-1188,DEMO-01,425.0,278.46,207.22,32068.4,2.905,8.171,95.4662,93158.7,0
BLK-1189,DEMO-01,425.0,278.46,222.11,32068.4,2.915,6.474,154.1277,93479.4,0
BLK-1190,DEMO-01,425.0,278.46,237.0,32068.4,2.932,14.372,212.2893,94024.5,0
BLK-1191,DEMO-01,425.0,321.54,103.0,32068.4,2.924,18.675,222.3937,93768.0,0
BLK-1192,DEMO-01,425.0,321.54,117.89,32068.4,2.907,20.957,225.0813,93222.8,1
BLK-1193,DEMO-01,425.0,321.54,132.78,32068.4,2.926,20.957,225.0813,93832.1,1
BLK-1194,DEMO-01,425.0,321.54,147.67,32068.4,2.888,20.026,216.6561,92613.5,1
BLK-1195,DEMO-01,425.0,321.54,162.56,32068.4,2.971,11.846,160.7704,95275.2,0
BLK-1196,DEMO-01,425.0,321.54,177.44,32068.4,3.188,7.632,71.3282,102234.1,0
BLK-1197,DEMO-01,425.0,321.54,192.33,32068.4,3.047,11.351,85.1735,97712.4,0
BLK-1198,DEMO-01,425.0,321.54,207.22,32068.4,2.92,8.967,91.2439,93639.7,0
BLK-1199,DEMO-01,425.0,321.54,222.11,32068.4,2.914,7.668,141.7017,93447.3,0
BLK-1200,DEMO-01,425.0,321.54,237.0,32068.4,2.914,12.231,204.2358,93447.3,0
BLK-1201,DEMO-01,425.0,364.62,103.0,32068.4,2.916,18.895,228.7419,93511.5,0
BLK-1202,DEMO-01,425.0,364.62,117.89,32068.4,2.923,18.895,228.7419,93735.9,0
BLK-1203,DEMO-01,425.0,364.62,132.78,32068.4,2.918,19.659,229.3832,93575.6,0
BLK-1204,DEMO-01,425.0,364.62,147.67,32068.4,2.916,18.036,222.5913,93511.5,0
BLK-1205,DEMO-01,425.0,364.62,162.56,32068.4,2.987,10.006,167.9397,95788.3,0
BLK-1206,DEMO-01,425.0,364.62,177.44,32068.4,3.056,6.086,85.3354,98001.0,0
BLK-1207,DEMO-01,425.0,364.62,192.33,32068.4,2.935,9.061,91.9255,94120.8,0
BLK-1208,DEMO-01,425.0,364.62,207.22,32068.4,2.916,10.017,109.9472,93511.5,0
BLK-1209,DEMO-01,425.0,364.62,222.11,32068.4,2.932,6.577,143.1074,94024.5,0
BLK-1210,DEMO-01,425.0,364.62,237.0,32068.4,2.902,10.667,201.8736,93062.5,0
BLK-1211,DEMO-01,425.0,407.69,103.0,32068.4,2.94,14.815,227.1531,94281.1,0
BLK-1212,DEMO-01,425.0,407.69,117.89,32068.4,2.899,16.562,230.799,92966.3,0
BLK-1213,DEMO-01,425.0,407.69,132.78,32068.4,2.912,16.562,230.799,93383.2,0
BLK-1214,DEMO-01,425.0,407.69,147.67,32068.4,2.913,15.485,223.0422,93415.2,0
BLK-1215,DEMO-01,425.0,407.69,162.56,32068.4,2.989,10.628,163.42,95852.4,0
BLK-1216,DEMO-01,425.0,407.69,177.44,32068.4,2.931,7.219,68.2723,93992.5,0
BLK-1217,DEMO-01,425.0,407.69,192.33,32068.4,2.911,8.933,91.3925,93351.1,0
BLK-1218,DEMO-01,425.0,407.69,207.22,32068.4,2.911,10.644,131.545,93351.1,0
BLK-1219,DEMO-01,425.0,407.69,222.11,32068.4,2.917,9.138,161.816,93543.5,0
BLK-1220,DEMO-01,425.0,407.69,237.0,32068.4,2.912,8.267,205.0741,93383.2,0
BLK-1221,DEMO-01,425.0,450.77,103.0,32068.4,2.914,11.019,229.815,93447.3,0
BLK-1222,DEMO-01,425.0,450.77,117.89,32068.4,2.87,12.175,233.9537,92036.3,0
BLK-1223,DEMO-01,425.0,450.77,132.78,32068.4,2.917,12.175,233.9537,93543.5,0
BLK-1224,DEMO-01,425.0,450.77,147.67,32068.4,2.922,11.478,225.1031,93703.9,0
BLK-1225,DEMO-01,425.0,450.77,162.56,32068.4,2.941,8.188,158.0555,94313.2,0
BLK-1226,DEMO-01,425.0,450.77,177.44,32068.4,2.936,4.897,63.0205,94152.8,0
BLK-1227,DEMO-01,425.0,450.77,192.33,32068.4,2.914,6.599,88.4126,93447.3,0
BLK-1228,DEMO-01,425.0,450.77,207.22,32068.4,2.927,10.129,149.3459,93864.2,0
BLK-1229,DEMO-01,425.0,450.77,222.11,32068.4,2.902,8.612,187.4452,93062.5,0
BLK-1230,DEMO-01,425.0,450.77,237.0,32068.4,2.926,7.828,214.7504,93832.1,0
BLK-1231,DEMO-01,425.0,493.85,103.0,32068.4,2.909,10.897,229.6169,93287.0,0
BLK-1232,DEMO-01,425.0,493.85,117.89,32068.4,2.901,10.804,229.6254,93030.4,0
BLK-1233,DEMO-01,425.0,493.85,132.78,32068.4,2.914,12.175,233.9537,93447.3,0
BLK-1234,DEMO-01,425.0,493.85,147.67,32068.4,2.935,11.522,222.5176,94120.8,0
BLK-1235,DEMO-01,425.0,493.85,162.56,32068.4,2.921,7.431,154.6988,93671.8,0
BLK-1236,DEMO-01,425.0,493.85,177.44,32068.4,2.937,3.222,76.0622,94184.9,0
BLK-1237,DEMO-01,425.0,493.85,192.33,32068.4,2.906,3.656,84.9482,93190.8,0
BLK-1238,DEMO-01,425.0,493.85,207.22,32068.4,2.93,7.363,160.2292,93960.4,0
BLK-1239,DEMO-01,425.0,493.85,222.11,32068.4,2.908,6.987,205.9646,93254.9,0
BLK-1240,DEMO-01,425.0,493.85,237.0,32068.4,2.919,8.656,221.4786,93607.7,0
BLK-1241,DEMO-01,425.0,536.92,103.0,32068.4,2.919,11.539,231.5388,93607.7,0
BLK-1242,DEMO-01,425.0,536.92,117.89,32068.4,2.925,11.539,231.5388,93800.1,0
BLK-1243,DEMO-01,425.0,536.92,132.78,32068.4,2.92,11.539,231.5195,93639.7,0
BLK-1244,DEMO-01,425.0,536.92,147.67,32068.4,2.906,11.723,220.2295,93190.8,0
BLK-1245,DEMO-01,425.0,536.92,162.56,32068.4,2.928,6.993,150.3395,93896.3,0
BLK-1246,DEMO-01,425.0,536.92,177.44,32068.4,2.939,3.18,64.4448,94249.0,0
BLK-1247,DEMO-01,425.0,536.92,192.33,32068.4,2.909,3.24,89.443,93287.0,0
BLK-1248,DEMO-01,425.0,536.92,207.22,32068.4,2.892,6.039,170.3957,92741.8,0
BLK-1249,DEMO-01,425.0,536.92,222.11,32068.4,2.923,9.223,217.4722,93735.9,0
BLK-1250,DEMO-01,425.0,536.92,237.0,32068.4,2.912,7.974,224.899,93383.2,0
BLK-1251,DEMO-01,425.0,580.0,103.0,32068.4,2.914,11.539,231.5388,93447.3,0
BLK-1252,DEMO-01,425.0,580.0,117.89,32068.4,2.924,11.539,231.5388,93768.0,0
BLK-1253,DEMO-01,425.0,580.0,132.78,32068.4,2.91,11.539,231.5242,93319.0,0
BLK-1254,DEMO-01,425.0,580.0,147.67,32068.4,2.913,11.11,222.2581,93415.2,0
BLK-1255,DEMO-01,425.0,580.0,162.56,32068.4,2.915,9.04,158.8165,93479.4,0
BLK-1256,DEMO-01,425.0,580.0,177.44,32068.4,2.936,4.934,79.1233,94152.8,0
BLK-1257,DEMO-01,425.0,580.0,192.33,32068.4,2.917,4.656,111.0384,93543.5,0
BLK-1258,DEMO-01,425.0,580.0,207.22,32068.4,2.9,6.382,186.5799,92998.4,0
BLK-1259,DEMO-01,425.0,580.0,222.11,32068.4,2.9,9.735,223.6107,92998.4,0
BLK-1260,DEMO-01,425.0,580.0,237.0,32068.4,2.918,10.223,225.9778,93575.6,0
BLK-1261,DEMO-01,475.0,20.0,103.0,32068.4,2.901,14.906,221.4269,93030.4,0
BLK-1262,DEMO-01,475.0,20.0,117.89,32068.4,2.896,13.332,221.1738,92870.1,0
BLK-1263,DEMO-01,475.0,20.0,132.78,32068.4,2.925,13.952,222.6849,93800.1,0
BLK-1264,DEMO-01,475.0,20.0,147.67,32068.4,2.925,12.171,210.49,93800.1,0
BLK-1265,DEMO-01,475.0,20.0,162.56,32068.4,2.912,5.678,156.3292,93383.2,0
BLK-1266,DEMO-01,475.0,20.0,177.44,32068.4,2.927,9.639,93.9383,93864.2,0
BLK-1267,DEMO-01,475.0,20.0,192.33,32068.4,2.934,19.04,147.7609,94088.7,0
BLK-1268,DEMO-01,475.0,20.0,207.22,32068.4,2.928,21.208,187.3049,93896.3,1
BLK-1269,DEMO-01,475.0,20.0,222.11,32068.4,2.924,16.951,219.0273,93768.0,0
BLK-1270,DEMO-01,475.0,20.0,237.0,32068.4,2.882,12.856,226.9664,92421.1,0
BLK-1271,DEMO-01,475.0,63.08,103.0,32068.4,2.913,14.733,220.0283,93415.2,0
BLK-1272,DEMO-01,475.0,63.08,117.89,32068.4,2.923,13.332,221.1738,93735.9,0
BLK-1273,DEMO-01,475.0,63.08,132.78,32068.4,2.911,14.306,222.9689,93351.1,0
BLK-1274,DEMO-01,475.0,63.08,147.67,32068.4,2.917,11.548,210.503,93543.5,0
BLK-1275,DEMO-01,475.0,63.08,162.56,32068.4,2.934,7.236,152.2577,94088.7,0
BLK-1276,DEMO-01,475.0,63.08,177.44,32068.4,2.973,12.071,75.4878,95339.4,0
BLK-1277,DEMO-01,475.0,63.08,192.33,32068.4,2.978,22.741,111.6732,95499.7,1
BLK-1278,DEMO-01,475.0,63.08,207.22,32068.4,2.934,22.829,149.6347,94088.7,1
BLK-1279,DEMO-01,475.0,63.08,222.11,32068.4,2.915,16.166,203.3115,93479.4,0
BLK-1280,DEMO-01,475.0,63.08,237.0,32068.4,2.914,12.647,225.5593,93447.3,0
BLK-1281,DEMO-01,475.0,106.15,103.0,32068.4,2.879,15.985,220.7493,92324.9,0
BLK-1282,DEMO-01,475.0,106.15,117.89,32068.4,2.912,15.813,223.1066,93383.2,0
BLK-1283,DEMO-01,475.0,106.15,132.78,32068.4,2.898,14.161,221.7607,92934.2,0
BLK-1284,DEMO-01,475.0,106.15,147.67,32068.4,2.925,11.964,214.4428,93800.1,0
BLK-1285,DEMO-01,475.0,106.15,162.56,32068.4,3.02,9.775,171.8211,96846.6,0
BLK-1286,DEMO-01,475.0,106.15,177.44,32068.4,3.107,16.598,109.011,99636.5,0
BLK-1287,DEMO-01,475.0,106.15,192.33,32068.4,2.968,27.236,88.9298,95179.0,1
BLK-1288,DEMO-01,475.0,106.15,207.22,32068.4,2.917,23.751,105.0362,93543.5,1
BLK-1289,DEMO-01,475.0,106.15,222.11,32068.4,2.946,13.165,186.7708,94473.5,0
BLK-1290,DEMO-01,475.0,106.15,237.0,32068.4,2.919,9.963,222.0155,93607.7,0
BLK-1291,DEMO-01,475.0,149.23,103.0,32068.4,2.899,17.03,223.0338,92966.3,0
BLK-1292,DEMO-01,475.0,149.23,117.89,32068.4,2.909,17.03,223.0338,93287.0,0
BLK-1293,DEMO-01,475.0,149.23,132.78,32068.4,2.912,15.813,223.1066,93383.2,0
BLK-1294,DEMO-01,475.0,149.23,147.67,32068.4,2.961,14.807,219.9221,94954.5,0
BLK-1295,DEMO-01,475.0,149.23,162.56,32068.4,3.227,13.355,191.4359,103484.7,0
BLK-1296,DEMO-01,475.0,149.23,177.44,32068.4,3.21,19.276,137.2292,102939.6,0
BLK-1297,DEMO-01,475.0,149.23,192.33,32068.4,2.943,25.941,85.4755,94377.3,1
BLK-1298,DEMO-01,475.0,149.23,207.22,32068.4,2.911,19.057,83.2799,93351.1,0
BLK-1299,DEMO-01,475.0,149.23,222.11,32068.4,2.927,9.41,174.8153,93864.2,0
BLK-1300,DEMO-01,475.0,149.23,237.0,32068.4,2.925,8.642,218.8742,93800.1,0
BLK-1301,DEMO-01,475.0,192.31,103.0,32068.4,2.932,15.19,222.25,94024.5,0
BLK-1302,DEMO-01,475.0,192.31,117.89,32068.4,2.912,16.872,223.3799,93383.2,0
BLK-1303,DEMO-01,475.0,192.31,132.78,32068.4,2.932,17.671,224.4399,94024.5,0
BLK-1304,DEMO-01,475.0,192.31,147.67,32068.4,2.916,16.014,223.1655,93511.5,0
BLK-1305,DEMO-01,475.0,192.31,162.56,32068.4,3.204,14.442,199.0549,102747.2,0
BLK-1306,DEMO-01,475.0,192.31,177.44,32068.4,3.441,18.316,146.5115,110347.4,0
BLK-1307,DEMO-01,475.0,192.31,192.33,32068.4,3.017,19.021,89.9883,96750.4,0
BLK-1308,DEMO-01,475.0,192.31,207.22,32068.4,2.934,11.35,84.0642,94088.7,0
BLK-1309,DEMO-01,475.0,192.31,222.11,32068.4,2.908,5.336,172.8774,93254.9,0
BLK-1310,DEMO-01,475.0,192.31,237.0,32068.4,2.91,9.273,217.6463,93319.0,0
BLK-1311,DEMO-01,475.0,235.38,103.0,32068.4,2.913,19.187,224.3017,93415.2,0
BLK-1312,DEMO-01,475.0,235.38,117.89,32068.4,2.924,18.013,222.779,93768.0,0
BLK-1313,DEMO-01,475.0,235.38,132.78,32068.4,2.91,18.091,222.9584,93319.0,0
BLK-1314,DEMO-01,475.0,235.38,147.67,32068.4,2.91,16.69,221.1561,93319.0,0
BLK-1315,DEMO-01,475.0,235.38,162.56,32068.4,2.943,11.936,191.0207,94377.3,0
BLK-1316,DEMO-01,475.0,235.38,177.44,32068.4,3.311,14.799,137.7795,106178.5,0
BLK-1317,DEMO-01,475.0,235.38,192.33,32068.4,3.323,13.375,102.9332,106563.3,0
BLK-1318,DEMO-01,475.0,235.38,207.22,32068.4,2.958,7.113,94.4783,94858.3,0
BLK-1319,DEMO-01,475.0,235.38,222.11,32068.4,2.907,4.189,166.819,93222.8,0
BLK-1320,DEMO-01,475.0,235.38,237.0,32068.4,2.933,11.302,217.8278,94056.6,0
BLK-1321,DEMO-01,475.0,278.46,103.0,32068.4,2.908,18.551,223.1304,93254.9,0
BLK-1322,DEMO-01,475.0,278.46,117.89,32068.4,2.935,18.551,223.1304,94120.8,0
BLK-1323,DEMO-01,475.0,278.46,132.78,32068.4,2.935,18.887,224.1895,94120.8,0
BLK-1324,DEMO-01,475.0,278.46,147.67,32068.4,2.917,16.18,217.6707,93543.5,0
BLK-1325,DEMO-01,475.0,278.46,162.56,32068.4,2.898,12.691,178.1642,92934.2,0
BLK-1326,DEMO-01,475.0,278.46,177.44,32068.4,3.032,10.24,116.9988,97231.4,0
BLK-1327,DEMO-01,475.0,278.46,192.33,32068.4,3.328,10.763,104.615,106723.6,0
BLK-1328,DEMO-01,475.0,278.46,207.22,32068.4,3.116,5.852,68.9679,99925.1,0
BLK-1329,DEMO-01,475.0,278.46,222.11,32068.4,2.939,7.66,152.2803,94249.0,0
BLK-1330,DEMO-01,475.0,278.46,237.0,32068.4,2.926,12.06,212.4481,93832.1,0
BLK-1331,DEMO-01,475.0,321.54,103.0,32068.4,2.933,16.793,223.3002,94056.6,0
BLK-1332,DEMO-01,475.0,321.54,117.89,32068.4,2.907,17.207,224.5047,93222.8,0
BLK-1333,DEMO-01,475.0,321.54,132.78,32068.4,2.92,17.525,224.7033,93639.7,0
BLK-1334,DEMO-01,475.0,321.54,147.67,32068.4,2.901,17.874,219.9554,93030.4,0
BLK-1335,DEMO-01,475.0,321.54,162.56,32068.4,2.926,11.485,175.9251,93832.1,0
BLK-1336,DEMO-01,475.0,321.54,177.44,32068.4,2.963,7.732,102.8642,95018.7,0
BLK-1337,DEMO-01,475.0,321.54,192.33,32068.4,3.259,7.837,95.297,104510.9,0
BLK-1338,DEMO-01,475.0,321.54,207.22,32068.4,3.173,9.213,59.9912,101753.0,0
BLK-1339,DEMO-01,475.0,321.54,222.11,32068.4,2.933,7.796,148.2144,94056.6,0
BLK-1340,DEMO-01,475.0,321.54,237.0,32068.4,2.905,10.912,213.0114,93158.7,0
BLK-1341,DEMO-01,475.0,364.62,103.0,32068.4,2.927,15.218,226.753,93864.2,0
BLK-1342,DEMO-01,475.0,364.62,117.89,32068.4,2.936,17.765,226.5328,94152.8,0
BLK-1343,DEMO-01,475.0,364.62,132.78,32068.4,2.909,17.765,226.5328,93287.0,0
BLK-1344,DEMO-01,475.0,364.62,147.67,32068.4,2.924,20.284,223.2396,93768.0,1
BLK-1345,DEMO-01,475.0,364.62,162.56,32068.4,2.925,12.863,175.0345,93800.1,0
BLK-1346,DEMO-01,475.0,364.62,177.44,32068.4,3.016,9.463,98.3869,96718.3,0
BLK-1347,DEMO-01,475.0,364.62,192.33,32068.4,3.2,13.357,82.839,102618.9,0
BLK-1348,DEMO-01,475.0,364.62,207.22,32068.4,2.996,12.836,106.6569,96076.9,0
BLK-1349,DEMO-01,475.0,364.62,222.11,32068.4,2.909,10.457,163.465,93287.0,0
BLK-1350,DEMO-01,475.0,364.62,237.0,32068.4,2.888,10.171,211.993,92613.5,0
BLK-1351,DEMO-01,475.0,407.69,103.0,32068.4,2.935,11.292,229.2712,94120.8,0
BLK-1352,DEMO-01,475.0,407.69,117.89,32068.4,2.921,11.292,229.2712,93671.8,0
BLK-1353,DEMO-01,475.0,407.69,132.78,32068.4,2.916,11.019,229.815,93511.5,0
BLK-1354,DEMO-01,475.0,407.69,147.67,32068.4,2.888,10.512,223.9977,92613.5,0
BLK-1355,DEMO-01,475.0,407.69,162.56,32068.4,2.911,11.06,169.7432,93351.1,0
BLK-1356,DEMO-01,475.0,407.69,177.44,32068.4,3.049,11.264,78.6959,97776.6,0
BLK-1357,DEMO-01,475.0,407.69,192.33,32068.4,3.04,17.179,54.8767,97487.9,0
BLK-1358,DEMO-01,475.0,407.69,207.22,32068.4,2.915,16.474,127.9924,93479.4,0
BLK-1359,DEMO-01,475.0,407.69,222.11,32068.4,2.928,12.757,181.9236,93896.3,0
BLK-1360,DEMO-01,475.0,407.69,237.0,32068.4,2.91,10.541,215.7459,93319.0,0
BLK-1361,DEMO-01,475.0,450.77,103.0,32068.4,2.917,11.292,229.2712,93543.5,0
BLK-1362,DEMO-01,475.0,450.77,117.89,32068.4,2.932,11.019,229.815,94024.5,0
BLK-1363,DEMO-01,475.0,450.77,132.78,32068.4,2.912,11.019,229.815,93383.2,0
BLK-1364,DEMO-01,475.0,450.77,147.67,32068.4,2.908,10.409,222.9604,93254.9,0
BLK-1365,DEMO-01,475.0,450.77,162.56,32068.4,2.953,10.098,164.68,94698.0,0
BLK-1366,DEMO-01,475.0,450.77,177.44,32068.4,2.969,8.915,67.5621,95211.1,0
BLK-1367,DEMO-01,475.0,450.77,192.33,32068.4,2.946,13.965,64.253,94473.5,0
BLK-1368,DEMO-01,475.0,450.77,207.22,32068.4,2.908,14.878,137.83,93254.9,0
BLK-1369,DEMO-01,475.0,450.77,222.11,32068.4,2.935,12.84,193.8664,94120.8,0
BLK-1370,DEMO-01,475.0,450.77,237.0,32068.4,2.92,9.23,220.6839,93639.7,0
BLK-1371,DEMO-01,475.0,493.85,103.0,32068.4,2.922,11.292,229.2712,93703.9,0
BLK-1372,DEMO-01,475.0,493.85,117.89,32068.4,2.918,11.019,229.815,93575.6,0
BLK-1373,DEMO-01,475.0,493.85,132.78,32068.4,2.91,11.019,229.815,93319.0,0
BLK-1374,DEMO-01,475.0,493.85,147.67,32068.4,2.916,10.437,220.721,93511.5,0
BLK-1375,DEMO-01,475.0,493.85,162.56,32068.4,2.913,8.671,160.0777,93415.2,0
BLK-1376,DEMO-01,475.0,493.85,177.44,32068.4,2.941,6.917,79.0237,94313.2,0
BLK-1377,DEMO-01,475.0,493.85,192.33,32068.4,2.919,7.353,67.4435,93607.7,0
BLK-1378,DEMO-01,475.0,493.85,207.22,32068.4,2.897,10.994,140.7803,92902.2,0
BLK-1379,DEMO-01,475.0,493.85,222.11,32068.4,2.894,11.327,200.6551,92805.9,0
BLK-1380,DEMO-01,475.0,493.85,237.0,32068.4,2.893,8.985,223.2704,92773.9,0
BLK-1381,DEMO-01,475.0,536.92,103.0,32068.4,2.924,11.292,229.2712,93768.0,0
BLK-1382,DEMO-01,475.0,536.92,117.89,32068.4,2.901,11.539,231.5388,93030.4,0
BLK-1383,DEMO-01,475.0,536.92,132.78,32068.4,2.92,11.539,231.5108,93639.7,0
BLK-1384,DEMO-01,475.0,536.92,147.67,32068.4,2.918,10.175,219.9632,93575.6,0
BLK-1385,DEMO-01,475.0,536.92,162.56,32068.4,2.915,7.512,152.0919,93479.4,0
BLK-1386,DEMO-01,475.0,536.92,177.44,32068.4,2.923,4.705,61.7339,93735.9,0
BLK-1387,DEMO-01,475.0,536.92,192.33,32068.4,2.92,4.034,89.6171,93639.7,0
BLK-1388,DEMO-01,475.0,536.92,207.22,32068.4,2.881,7.915,151.0058,92389.1,0
BLK-1389,DEMO-01,475.0,536.92,222.11,32068.4,2.912,8.674,205.7208,93383.2,0
BLK-1390,DEMO-01,475.0,536.92,237.0,32068.4,2.922,8.971,224.7096,93703.9,0
BLK-1391,DEMO-01,475.0,580.0,103.0,32068.4,2.938,11.849,229.7764,94217.0,0
BLK-1392,DEMO-01,475.0,580.0,117.89,32068.4,2.938,10.946,231.9907,94217.0,0
BLK-1393,DEMO-01,475.0,580.0,132.78,32068.4,2.898,10.684,233.8849,92934.2,0
BLK-1394,DEMO-01,475.0,580.0,147.67,32068.4,2.912,10.399,220.6207,93383.2,0
BLK-1395,DEMO-01,475.0,580.0,162.56,32068.4,2.896,8.508,158.5682,92870.1,0
BLK-1396,DEMO-01,475.0,580.0,177.44,32068.4,2.936,4.501,72.2194,94152.8,0
BLK-1397,DEMO-01,475.0,580.0,192.33,32068.4,2.93,4.163,112.8059,93960.4,0
BLK-1398,DEMO-01,475.0,580.0,207.22,32068.4,2.921,8.523,178.0705,93671.8,0
BLK-1399,DEMO-01,475.0,580.0,222.11,32068.4,2.918,10.803,214.859,93575.6,0
BLK-1400,DEMO-01,475.0,580.0,237.0,32068.4,2.934,8.946,225.7972,94088.7,0
BLK-1401,DEMO-01,525.0,20.0,103.0,32068.4,2.932,13.728,222.2386,94024.5,0
BLK-1402,DEMO-01,525.0,20.0,117.89,32068.4,2.931,13.728,222.2386,93992.5,0
BLK-1403,DEMO-01,525.0,20.0,132.78,32068.4,2.922,11.908,223.0725,93703.9,0
BLK-1404,DEMO-01,525.0,20.0,147.67,32068.4,2.912,10.07,211.7181,93383.2,0
BLK-1405,DEMO-01,525.0,20.0,162.56,32068.4,2.926,4.555,157.5201,93832.1,0
BLK-1406,DEMO-01,525.0,20.0,177.44,32068.4,2.927,3.635,93.3807,93864.2,0
BLK-1407,DEMO-01,525.0,20.0,192.33,32068.4,2.915,12.625,151.5019,93479.4,0
BLK-1408,DEMO-01,525.0,20.0,207.22,32068.4,2.913,17.758,197.3569,93415.2,0
BLK-1409,DEMO-01,525.0,20.0,222.11,32068.4,2.931,14.545,220.3259,93992.5,0
BLK-1410,DEMO-01,525.0,20.0,237.0,32068.4,2.938,10.69,225.0514,94217.0,0
BLK-1411,DEMO-01,525.0,63.08,103.0,32068.4,2.906,14.604,222.3946,93190.8,0
BLK-1412,DEMO-01,525.0,63.08,117.89,32068.4,2.913,14.615,223.8781,93415.2,0
BLK-1413,DEMO-01,525.0,63.08,132.78,32068.4,2.921,14.603,223.8345,93671.8,0
BLK-1414,DEMO-01,525.0,63.08,147.67,32068.4,2.923,12.131,212.1622,93735.9,0
BLK-1415,DEMO-01,525.0,63.08,162.56,32068.4,2.909,3.635,152.4242,93287.0,0
BLK-1416,DEMO-01,525.0,63.08,177.44,32068.4,2.945,3.512,56.4816,94441.4,0
BLK-1417,DEMO-01,525.0,63.08,192.33,32068.4,2.932,13.35,113.8851,94024.5,0
BLK-1418,DEMO-01,525.0,63.08,207.22,32068.4,2.926,17.837,168.6352,93832.1,0
BLK-1419,DEMO-01,525.0,63.08,222.11,32068.4,2.939,14.659,210.5635,94249.0,0
BLK-1420,DEMO-01,525.0,63.08,237.0,32068.4,2.91,11.898,224.5415,93319.0,0
BLK-1421,DEMO-01,525.0,106.15,103.0,32068.4,2.915,16.784,222.2395,93479.4,0
BLK-1422,DEMO-01,525.0,106.15,117.89,32068.4,2.9,16.784,222.2395,92998.4,0
BLK-1423,DEMO-01,525.0,106.15,132.78,32068.4,2.914,15.576,222.9677,93447.3,0
BLK-1424,DEMO-01,525.0,106.15,147.67,32068.4,2.897,12.545,215.8377,92902.2,0
BLK-1425,DEMO-01,525.0,106.15,162.56,32068.4,2.931,6.724,170.4497,93992.5,0
BLK-1426,DEMO-01,525.0,106.15,177.44,32068.4,2.959,6.586,85.3711,94890.4,0
BLK-1427,DEMO-01,525.0,106.15,192.33,32068.4,2.939,14.499,99.5725,94249.0,0
BLK-1428,DEMO-01,525.0,106.15,207.22,32068.4,2.917,16.964,139.8217,93543.5,0
BLK-1429,DEMO-01,525.0,106.15,222.11,32068.4,2.926,12.76,199.1273,93832.1,0
BLK-1430,DEMO-01,525.0,106.15,237.0,32068.4,2.901,11.615,222.6119,93030.4,0
BLK-1431,DEMO-01,525.0,149.23,103.0,32068.4,2.919,17.03,223.0338,93607.7,0
BLK-1432,DEMO-01,525.0,149.23,117.89,32068.4,2.925,17.03,223.0338,93800.1,0
BLK-1433,DEMO-01,525.0,149.23,132.78,32068.4,2.893,16.784,222.2395,92773.9,0
BLK-1434,DEMO-01,525.0,149.23,147.67,32068.4,2.926,14.384,219.5777,93832.1,0
BLK-1435,DEMO-01,525.0,149.23,162.56,32068.4,2.928,8.741,191.4408,93896.3,0
BLK-1436,DEMO-01,525.0,149.23,177.44,32068.4,3.038,10.401,132.7495,97423.8,0
BLK-1437,DEMO-01,525.0,149.23,192.33,32068.4,2.948,14.226,101.7562,94537.6,0
BLK-1438,DEMO-01,525.0,149.23,207.22,32068.4,2.937,13.36,117.584,94184.9,0
BLK-1439,DEMO-01,525.0,149.23,222.11,32068.4,2.901,12.04,191.8412,93030.4,0
BLK-1440,DEMO-01,525.0,149.23,237.0,32068.4,2.894,12.876,220.4859,92805.9,0
BLK-1441,DEMO-01,525.0,192.31,103.0,32068.4,2.918,16.146,219.7386,93575.6,0
BLK-1442,DEMO-01,525.0,192.31,117.89,32068.4,2.911,16.872,223.3799,93351.1,0
BLK-1443,DEMO-01,525.0,192.31,132.78,32068.4,2.896,16.872,223.3799,92870.1,0
BLK-1444,DEMO-01,525.0,192.31,147.67,32068.4,2.924,17.352,222.373,93768.0,0
BLK-1445,DEMO-01,525.0,192.31,162.56,32068.4,2.917,10.238,199.9559,93543.5,0
BLK-1446,DEMO-01,525.0,192.31,177.44,32068.4,3.097,11.142,150.6727,99315.8,0
BLK-1447,DEMO-01,525.0,192.31,192.33,32068.4,3.056,11.421,102.0543,98001.0,0
BLK-1448,DEMO-01,525.0,192.31,207.22,32068.4,2.939,6.768,103.925,94249.0,0
BLK-1449,DEMO-01,525.0,192.31,222.11,32068.4,2.933,7.909,187.9468,94056.6,0
BLK-1450,DEMO-01,525.0,192.31,237.0,32068.4,2.931,12.211,219.6829,93992.5,0
BLK-1451,DEMO-01,525.0,235.38,103.0,32068.4,2.914,17.035,220.2518,93447.3,0
BLK-1452,DEMO-01,525.0,235.38,117.89,32068.4,2.884,19.069,223.3181,92485.3,0
BLK-1453,DEMO-01,525.0,235.38,132.78,32068.4,2.921,18.527,223.077,93671.8,0
BLK-1454,DEMO-01,525.0,235.38,147.67,32068.4,2.936,19.313,220.8571,94152.8,0
BLK-1455,DEMO-01,525.0,235.38,162.56,32068.4,2.934,13.142,193.2884,94088.7,0
BLK-1456,DEMO-01,525.0,235.38,177.44,32068.4,2.98,10.346,139.2902,95563.8,0
BLK-1457,DEMO-01,525.0,235.38,192.33,32068.4,3.15,7.912,111.4208,101015.5,0
BLK-1458,DEMO-01,525.0,235.38,207.22,32068.4,3.021,4.055,114.025,96878.6,0
BLK-1459,DEMO-01,525.0,235.38,222.11,32068.4,2.947,5.609,182.4403,94505.6,0
BLK-1460,DEMO-01,525.0,235.38,237.0,32068.4,2.898,12.329,219.4071,92934.2,0
BLK-1461,DEMO-01,525.0,278.46,103.0,32068.4,2.901,14.921,221.0698,93030.4,0
BLK-1462,DEMO-01,525.0,278.46,117.89,32068.4,2.929,17.31,221.1332,93928.3,0
BLK-1463,DEMO-01,525.0,278.46,132.78,32068.4,2.911,16.463,222.0862,93351.1,0
BLK-1464,DEMO-01,525.0,278.46,147.67,32068.4,2.901,17.757,219.7233,93030.4,0
BLK-1465,DEMO-01,525.0,278.46,162.56,32068.4,2.936,11.452,182.0168,94152.8,0
BLK-1466,DEMO-01,525.0,278.46,177.44,32068.4,2.927,8.559,99.9223,93864.2,0
BLK-1467,DEMO-01,525.0,278.46,192.33,32068.4,3.031,7.0,106.4811,97199.3,0
BLK-1468,DEMO-01,525.0,278.46,207.22,32068.4,3.191,4.686,110.7871,102330.3,0
BLK-1469,DEMO-01,525.0,278.46,222.11,32068.4,3.01,5.695,170.8716,96525.9,0
BLK-1470,DEMO-01,525.0,278.46,237.0,32068.4,2.917,9.982,214.8936,93543.5,0
BLK-1471,DEMO-01,525.0,321.54,103.0,32068.4,2.935,13.202,222.0753,94120.8,0
BLK-1472,DEMO-01,525.0,321.54,117.89,32068.4,2.928,13.82,222.3276,93896.3,0
BLK-1473,DEMO-01,525.0,321.54,132.78,32068.4,2.909,12.695,221.4625,93287.0,0
BLK-1474,DEMO-01,525.0,321.54,147.67,32068.4,2.909,14.255,217.8863,93287.0,0
BLK-1475,DEMO-01,525.0,321.54,162.56,32068.4,2.935,10.866,176.9408,94120.8,0
BLK-1476,DEMO-01,525.0,321.54,177.44,32068.4,2.941,10.725,80.3489,94313.2,0
BLK-1477,DEMO-01,525.0,321.54,192.33,32068.4,3.049,9.672,92.1428,97776.6,0
BLK-1478,DEMO-01,525.0,321.54,207.22,32068.4,3.406,8.534,99.1164,109225.0,0
BLK-1479,DEMO-01,525.0,321.54,222.11,32068.4,3.066,8.758,165.1784,98321.7,0
BLK-1480,DEMO-01,525.0,321.54,237.0,32068.4,2.907,10.482,213.7391,93222.8,0
BLK-1481,DEMO-01,525.0,364.62,103.0,32068.4,2.92,10.425,225.3916,93639.7,0
BLK-1482,DEMO-01,525.0,364.62,117.89,32068.4,2.898,14.306,224.2887,92934.2,0
BLK-1483,DEMO-01,525.0,364.62,132.78,32068.4,2.91,12.004,226.7006,93319.0,0
BLK-1484,DEMO-01,525.0,364.62,147.67,32068.4,2.906,10.365,222.6504,93190.8,0
BLK-1485,DEMO-01,525.0,364.62,162.56,32068.4,2.91,10.634,179.2387,93319.0,0
BLK-1486,DEMO-01,525.0,364.62,177.44,32068.4,2.954,15.793,99.27,94730.1,0
BLK-1487,DEMO-01,525.0,364.62,192.33,32068.4,3.327,20.078,65.6626,106691.6,1
BLK-1488,DEMO-01,525.0,364.62,207.22,32068.4,3.422,19.121,96.7668,109738.1,0
BLK-1489,DEMO-01,525.0,364.62,222.11,32068.4,2.98,11.492,170.8058,95563.8,0
BLK-1490,DEMO-01,525.0,364.62,237.0,32068.4,2.941,10.266,217.1163,94313.2,0
BLK-1491,DEMO-01,525.0,407.69,103.0,32068.4,2.914,11.292,229.2712,93447.3,0
BLK-1492,DEMO-01,525.0,407.69,117.89,32068.4,2.909,11.292,229.2712,93287.0,0
BLK-1493,DEMO-01,525.0,407.69,132.78,32068.4,2.939,13.287,227.7886,94249.0,0
BLK-1494,DEMO-01,525.0,407.69,147.67,32068.4,2.909,13.05,224.1362,93287.0,0
BLK-1495,DEMO-01,525.0,407.69,162.56,32068.4,2.922,12.447,179.5461,93703.9,0
BLK-1496,DEMO-01,525.0,407.69,177.44,32068.4,3.116,19.231,100.209,99925.1,0
BLK-1497,DEMO-01,525.0,407.69,192.33,32068.4,3.367,25.077,57.41,107974.3,1
BLK-1498,DEMO-01,525.0,407.69,207.22,32068.4,3.044,24.516,103.5127,97616.2,1
BLK-1499,DEMO-01,525.0,407.69,222.11,32068.4,2.927,14.48,179.2492,93864.2,0
BLK-1500,DEMO-01,525.0,407.69,237.0,32068.4,2.933,10.041,220.6758,94056.6,0
BLK-1501,DEMO-01,525.0,450.77,103.0,32068.4,2.928,11.292,229.2712,93896.3,0
BLK-1502,DEMO-01,525.0,450.77,117.89,32068.4,2.933,11.292,229.2712,94056.6,0
BLK-1503,DEMO-01,525.0,450.77,132.78,32068.4,2.915,10.756,227.8195,93479.4,0
BLK-1504,DEMO-01,525.0,450.77,147.67,32068.4,2.905,11.119,224.1926,93158.7,0
BLK-1505,DEMO-01,525.0,450.77,162.56,32068.4,2.965,14.803,173.1384,95082.8,0
BLK-1506,DEMO-01,525.0,450.77,177.44,32068.4,3.083,18.93,91.154,98866.9,0
BLK-1507,DEMO-01,525.0,450.77,192.33,32068.4,3.069,23.406,80.6967,98417.9,1
BLK-1508,DEMO-01,525.0,450.77,207.22,32068.4,2.94,21.8,111.0693,94281.1,1
BLK-1509,DEMO-01,525.0,450.77,222.11,32068.4,2.938,14.507,179.9356,94217.0,0
BLK-1510,DEMO-01,525.0,450.77,237.0,32068.4,2.919,10.135,220.8861,93607.7,0
BLK-1511,DEMO-01,525.0,493.85,103.0,32068.4,2.929,11.292,229.2712,93928.3,0
BLK-1512,DEMO-01,525.0,493.85,117.89,32068.4,2.89,11.292,229.2712,92677.7,0
BLK-1513,DEMO-01,525.0,493.85,132.78,32068.4,2.91,10.756,227.8195,93319.0,0
BLK-1514,DEMO-01,525.0,493.85,147.67,32068.4,2.892,10.07,221.9921,92741.8,0
BLK-1515,DEMO-01,525.0,493.85,162.56,32068.4,2.931,13.906,166.5449,93992.5,0
BLK-1516,DEMO-01,525.0,493.85,177.44,32068.4,2.952,15.048,83.4274,94665.9,0
BLK-1517,DEMO-01,525.0,493.85,192.33,32068.4,2.966,15.731,79.5758,95114.9,0
BLK-1518,DEMO-01,525.0,493.85,207.22,32068.4,2.931,15.253,93.894,93992.5,0
BLK-1519,DEMO-01,525.0,493.85,222.11,32068.4,2.93,12.278,175.5254,93960.4,0
BLK-1520,DEMO-01,525.0,493.85,237.0,32068.4,2.914,9.552,220.2694,93447.3,0
BLK-1521,DEMO-01,525.0,536.92,103.0,32068.4,2.924,11.292,229.2712,93768.0,0
BLK-1522,DEMO-01,525.0,536.92,117.89,32068.4,2.923,10.881,227.7399,93735.9,0
BLK-1523,DEMO-01,525.0,536.92,132.78,32068.4,2.913,10.309,230.3908,93415.2,0
BLK-1524,DEMO-01,525.0,536.92,147.67,32068.4,2.902,10.189,222.1876,93062.5,0
BLK-1525,DEMO-01,525.0,536.92,162.56,32068.4,2.924,11.1,166.0776,93768.0,0
BLK-1526,DEMO-01,525.0,536.92,177.44,32068.4,2.929,9.772,80.1976,93928.3,0
BLK-1527,DEMO-01,525.0,536.92,192.33,32068.4,2.948,8.112,76.995,94537.6,0
BLK-1528,DEMO-01,525.0,536.92,207.22,32068.4,2.929,9.216,102.2853,93928.3,0
BLK-1529,DEMO-01,525.0,536.92,222.11,32068.4,2.901,9.533,182.028,93030.4,0
BLK-1530,DEMO-01,525.0,536.92,237.0,32068.4,2.925,9.039,221.4969,93800.1,0
BLK-1531,DEMO-01,525.0,580.0,103.0,32068.4,2.916,10.419,230.5058,93511.5,0
BLK-1532,DEMO-01,525.0,580.0,117.89,32068.4,2.91,10.419,230.5058,93319.0,0
BLK-1533,DEMO-01,525.0,580.0,132.78,32068.4,2.912,10.949,232.8737,93383.2,0
BLK-1534,DEMO-01,525.0,580.0,147.67,32068.4,2.907,10.696,225.0458,93222.8,0
BLK-1535,DEMO-01,525.0,580.0,162.56,32068.4,2.928,9.737,175.4605,93896.3,0
BLK-1536,DEMO-01,525.0,580.0,177.44,32068.4,2.898,6.517,87.8517,92934.2,0
BLK-1537,DEMO-01,525.0,580.0,192.33,32068.4,2.905,5.187,99.6043,93158.7,0
BLK-1538,DEMO-01,525.0,580.0,207.22,32068.4,2.915,5.375,148.6281,93479.4,0
BLK-1539,DEMO-01,525.0,580.0,222.11,32068.4,2.938,8.066,200.8312,94217.0,0
BLK-1540,DEMO-01,525.0,580.0,237.0,32068.4,2.93,9.725,227.2633,93960.4,0
BLK-1541,DEMO-01,575.0,20.0,103.0,32068.4,2.895,14.615,223.8781,92838.0,0
BLK-1542,DEMO-01,575.0,20.0,117.89,32068.4,2.934,14.615,223.8781,94088.7,0
BLK-1543,DEMO-01,575.0,20.0,132.78,32068.4,2.934,12.254,223.7365,94088.7,0
BLK-1544,DEMO-01,575.0,20.0,147.67,32068.4,2.901,11.016,217.6124,93030.4,0
BLK-1545,DEMO-01,575.0,20.0,162.56,32068.4,2.883,6.069,184.7887,92453.2,0
BLK-1546,DEMO-01,575.0,20.0,177.44,32068.4,2.915,3.309,147.2791,93479.4,0
BLK-1547,DEMO-01,575.0,20.0,192.33,32068.4,2.931,7.91,165.4754,93992.5,0
BLK-1548,DEMO-01,575.0,20.0,207.22,32068.4,2.937,12.476,192.6604,94184.9,0
BLK-1549,DEMO-01,575.0,20.0,222.11,32068.4,2.905,11.403,215.0478,93158.7,0
BLK-1550,DEMO-01,575.0,20.0,237.0,32068.4,2.939,10.302,223.1581,94249.0,0
BLK-1551,DEMO-01,575.0,63.08,103.0,32068.4,2.887,14.761,221.5046,92581.5,0
BLK-1552,DEMO-01,575.0,63.08,117.89,32068.4,2.911,14.761,221.5046,93351.1,0
BLK-1553,DEMO-01,575.0,63.08,132.78,32068.4,2.911,12.254,223.7365,93351.1,0
BLK-1554,DEMO-01,575.0,63.08,147.67,32068.4,2.931,10.746,217.1776,93992.5,0
BLK-1555,DEMO-01,575.0,63.08,162.56,32068.4,2.933,5.311,177.1102,94056.6,0
BLK-1556,DEMO-01,575.0,63.08,177.44,32068.4,2.93,2.15,115.8827,93960.4,0
BLK-1557,DEMO-01,575.0,63.08,192.33,32068.4,2.9,8.038,132.2057,92998.4,0
BLK-1558,DEMO-01,575.0,63.08,207.22,32068.4,2.928,13.368,166.1033,93896.3,0
BLK-1559,DEMO-01,575.0,63.08,222.11,32068.4,2.923,12.235,203.4424,93735.9,0
BLK-1560,DEMO-01,575.0,63.08,237.0,32068.4,2.894,10.007,220.9527,92805.9,0
BLK-1561,DEMO-01,575.0,106.15,103.0,32068.4,2.889,14.809,220.5123,92645.6,0
BLK-1562,DEMO-01,575.0,106.15,117.89,32068.4,2.93,13.858,221.4159,93960.4,0
BLK-1563,DEMO-01,575.0,106.15,132.78,32068.4,2.914,13.858,221.4159,93447.3,0
BLK-1564,DEMO-01,575.0,106.15,147.67,32068.4,2.899,10.966,218.8273,92966.3,0
BLK-1565,DEMO-01,575.0,106.15,162.56,32068.4,2.915,5.828,179.5872,93479.4,0
BLK-1566,DEMO-01,575.0,106.15,177.44,32068.4,2.93,3.131,108.8949,93960.4,0
BLK-1567,DEMO-01,575.0,106.15,192.33,32068.4,2.919,7.962,112.9928,93607.7,0
BLK-1568,DEMO-01,575.0,106.15,207.22,32068.4,2.896,11.511,145.9434,92870.1,0
BLK-1569,DEMO-01,575.0,106.15,222.11,32068.4,2.941,12.333,194.5392,94313.2,0
BLK-1570,DEMO-01,575.0,106.15,237.0,32068.4,2.929,13.691,221.6842,93928.3,0
BLK-1571,DEMO-01,575.0,149.23,103.0,32068.4,2.912,15.572,219.5319,93383.2,0
BLK-1572,DEMO-01,575.0,149.23,117.89,32068.4,2.912,13.566,219.3878,93383.2,0
BLK-1573,DEMO-01,575.0,149.23,132.78,32068.4,2.921,13.594,220.7614,93671.8,0
BLK-1574,DEMO-01,575.0,149.23,147.67,32068.4,2.902,13.249,219.2114,93062.5,0
BLK-1575,DEMO-01,575.0,149.23,162.56,32068.4,2.935,9.557,188.5927,94120.8,0
BLK-1576,DEMO-01,575.0,149.23,177.44,32068.4,2.932,5.331,122.5362,94024.5,0
BLK-1577,DEMO-01,575.0,149.23,192.33,32068.4,2.924,7.395,111.7057,93768.0,0
BLK-1578,DEMO-01,575.0,149.23,207.22,32068.4,2.901,9.229,140.0466,93030.4,0
BLK-1579,DEMO-01,575.0,149.23,222.11,32068.4,2.901,12.816,193.2248,93030.4,0
BLK-1580,DEMO-01,575.0,149.23,237.0,32068.4,2.938,13.526,221.8127,94217.0,0
BLK-1581,DEMO-01,575.0,192.31,103.0,32068.4,2.917,13.814,219.7898,93543.5,0
BLK-1582,DEMO-01,575.0,192.31,117.89,32068.4,2.919,13.769,219.6161,93607.7,0
BLK-1583,DEMO-01,575.0,192.31,132.78,32068.4,2.89,15.867,219.6556,92677.7,0
BLK-1584,DEMO-01,575.0,192.31,147.67,32068.4,2.909,15.321,219.0981,93287.0,0
BLK-1585,DEMO-01,575.0,192.31,162.56,32068.4,2.941,10.578,195.9246,94313.2,0
BLK-1586,DEMO-01,575.0,192.31,177.44,32068.4,3.003,6.216,139.3154,96301.4,0
BLK-1587,DEMO-01,575.0,192.31,192.33,32068.4,2.928,5.673,122.6756,93896.3,0
BLK-1588,DEMO-01,575.0,192.31,207.22,32068.4,2.921,5.058,145.3464,93671.8,0
BLK-1589,DEMO-01,575.0,192.31,222.11,32068.4,2.921,9.073,196.2897,93671.8,0
BLK-1590,DEMO-01,575.0,192.31,237.0,32068.4,2.933,12.059,219.2591,94056.6,0
BLK-1591,DEMO-01,575.0,235.38,103.0,32068.4,2.908,13.814,219.7898,93254.9,0
BLK-1592,DEMO-01,575.0,235.38,117.89,32068.4,2.887,12.988,220.9562,92581.5,0
BLK-1593,DEMO-01,575.0,235.38,132.78,32068.4,2.903,12.943,220.9579,93094.6,0
BLK-1594,DEMO-01,575.0,235.38,147.67,32068.4,2.902,12.694,219.1905,93062.5,0
BLK-1595,DEMO-01,575.0,235.38,162.56,32068.4,2.929,12.993,192.6379,93928.3,0
BLK-1596,DEMO-01,575.0,235.38,177.44,32068.4,2.939,7.081,137.5014,94249.0,0
BLK-1597,DEMO-01,575.0,235.38,192.33,32068.4,3.054,4.12,130.9316,97936.9,0
BLK-1598,DEMO-01,575.0,235.38,207.22,32068.4,2.972,2.503,150.2192,95307.3,0
BLK-1599,DEMO-01,575.0,235.38,222.11,32068.4,2.917,5.032,196.1882,93543.5,0
BLK-1600,DEMO-01,575.0,235.38,237.0,32068.4,2.928,12.329,219.7165,93896.3,0
BLK-1601,DEMO-01,575.0,278.46,103.0,32068.4,2.895,12.402,219.8648,92838.0,0
BLK-1602,DEMO-01,575.0,278.46,117.89,32068.4,2.895,12.402,219.8648,92838.0,0
BLK-1603,DEMO-01,575.0,278.46,132.78,32068.4,2.935,12.988,220.9562,94120.8,0
BLK-1604,DEMO-01,575.0,278.46,147.67,32068.4,2.918,13.251,217.2749,93575.6,0
BLK-1605,DEMO-01,575.0,278.46,162.56,32068.4,2.918,11.611,183.7402,93575.6,0
BLK-1606,DEMO-01,575.0,278.46,177.44,32068.4,2.916,8.243,104.3375,93511.5,0
BLK-1607,DEMO-01,575.0,278.46,192.33,32068.4,3.084,3.583,117.874,98898.9,0
BLK-1608,DEMO-01,575.0,278.46,207.22,32068.4,3.095,2.448,136.1814,99251.7,0
BLK-1609,DEMO-01,575.0,278.46,222.11,32068.4,2.955,4.05,185.8206,94762.1,0
BLK-1610,DEMO-01,575.0,278.46,237.0,32068.4,2.952,6.721,216.6146,94665.9,0
BLK-1611,DEMO-01,575.0,321.54,103.0,32068.4,2.923,8.903,221.8793,93735.9,0
BLK-1612,DEMO-01,575.0,321.54,117.89,32068.4,2.908,9.329,221.2947,93254.9,0
BLK-1613,DEMO-01,575.0,321.54,132.78,32068.4,2.883,11.032,221.2211,92453.2,0
BLK-1614,DEMO-01,575.0,321.54,147.67,32068.4,2.894,9.941,219.2537,92805.9,0
BLK-1615,DEMO-01,575.0,321.54,162.56,32068.4,2.937,9.996,181.1329,94184.9,0
BLK-1616,DEMO-01,575.0,321.54,177.44,32068.4,2.923,11.828,87.951,93735.9,0
BLK-1617,DEMO-01,575.0,321.54,192.33,32068.4,3.197,12.136,96.9788,102522.7,0
BLK-1618,DEMO-01,575.0,321.54,207.22,32068.4,3.355,6.991,95.2037,107589.5,0
BLK-1619,DEMO-01,575.0,321.54,222.11,32068.4,3.003,7.876,172.5873,96301.4,0
BLK-1620,DEMO-01,575.0,321.54,237.0,32068.4,2.915,8.357,215.6711,93479.4,0
BLK-1621,DEMO-01,575.0,364.62,103.0,32068.4,2.911,9.412,224.2967,93351.1,0
BLK-1622,DEMO-01,575.0,364.62,117.89,32068.4,2.917,11.179,223.5502,93543.5,0
BLK-1623,DEMO-01,575.0,364.62,132.78,32068.4,2.908,10.609,222.8459,93254.9,0
BLK-1624,DEMO-01,575.0,364.62,147.67,32068.4,2.909,9.89,220.749,93287.0,0
BLK-1625,DEMO-01,575.0,364.62,162.56,32068.4,2.925,13.258,186.2139,93800.1,0
BLK-1626,DEMO-01,575.0,364.62,177.44,32068.4,3.062,19.616,110.5209,98193.4,0
BLK-1627,DEMO-01,575.0,364.62,192.33,32068.4,3.685,23.071,81.3653,118172.1,1
BLK-1628,DEMO-01,575.0,364.62,207.22,32068.4,3.321,16.461,61.3184,106499.2,0
BLK-1629,DEMO-01,575.0,364.62,222.11,32068.4,2.954,9.801,167.7393,94730.1,0
BLK-1630,DEMO-01,575.0,364.62,237.0,32068.4,2.902,7.13,216.7515,93062.5,0
BLK-1631,DEMO-01,575.0,407.69,103.0,32068.4,2.923,9.596,226.4163,93735.9,0
BLK-1632,DEMO-01,575.0,407.69,117.89,32068.4,2.907,9.596,226.4163,93222.8,0
BLK-1633,DEMO-01,575.0,407.69,132.78,32068.4,2.921,11.411,225.6544,93671.8,0
BLK-1634,DEMO-01,575.0,407.69,147.67,32068.4,2.926,11.92,223.0777,93832.1,0
BLK-1635,DEMO-01,575.0,407.69,162.56,32068.4,2.976,16.078,183.5181,95435.6,0
BLK-1636,DEMO-01,575.0,407.69,177.44,32068.4,3.558,26.201,106.1509,114099.4,1
BLK-1637,DEMO-01,575.0,407.69,192.33,32068.4,3.584,32.205,76.2596,114933.1,1
BLK-1638,DEMO-01,575.0,407.69,207.22,32068.4,3.004,27.014,79.085,96333.5,1
BLK-1639,DEMO-01,575.0,407.69,222.11,32068.4,2.927,13.479,171.5634,93864.2,0
BLK-1640,DEMO-01,575.0,407.69,237.0,32068.4,2.939,9.154,219.638,94249.0,0
BLK-1641,DEMO-01,575.0,450.77,103.0,32068.4,2.897,10.756,227.8195,92902.2,0
BLK-1642,DEMO-01,575.0,450.77,117.89,32068.4,2.934,9.596,226.4163,94088.7,0
BLK-1643,DEMO-01,575.0,450.77,132.78,32068.4,2.903,9.596,226.4163,93094.6,0
BLK-1644,DEMO-01,575.0,450.77,147.67,32068.4,2.914,11.747,220.9967,93447.3,0
BLK-1645,DEMO-01,575.0,450.77,162.56,32068.4,3.086,17.665,172.2873,98963.1,0
BLK-1646,DEMO-01,575.0,450.77,177.44,32068.4,3.505,28.528,77.4466,112399.7,1
BLK-1647,DEMO-01,575.0,450.77,192.33,32068.4,3.11,32.336,79.1319,99732.7,1
BLK-1648,DEMO-01,575.0,450.77,207.22,32068.4,2.917,25.051,96.5555,93543.5,1
BLK-1649,DEMO-01,575.0,450.77,222.11,32068.4,2.918,14.087,171.275,93575.6,0
BLK-1650,DEMO-01,575.0,450.77,237.0,32068.4,2.914,9.846,218.9496,93447.3,0
BLK-1651,DEMO-01,575.0,493.85,103.0,32068.4,2.927,10.756,227.8195,93864.2,0
BLK-1652,DEMO-01,575.0,493.85,117.89,32068.4,2.962,10.756,227.8195,94986.6,0
BLK-1653,DEMO-01,575.0,493.85,132.78,32068.4,2.922,10.927,228.6901,93703.9,0
BLK-1654,DEMO-01,575.0,493.85,147.67,32068.4,2.908,12.909,220.5707,93254.9,0
BLK-1655,DEMO-01,575.0,493.85,162.56,32068.4,2.962,17.329,167.182,94986.6,0
BLK-1656,DEMO-01,575.0,493.85,177.44,32068.4,3.173,23.583,56.8944,101753.0,1
BLK-1657,DEMO-01,575.0,493.85,192.33,32068.4,3.015,23.388,73.6494,96686.2,1
BLK-1658,DEMO-01,575.0,493.85,207.22,32068.4,2.927,18.733,57.4971,93864.2,0
BLK-1659,DEMO-01,575.0,493.85,222.11,32068.4,2.922,12.339,163.9949,93703.9,0
BLK-1660,DEMO-01,575.0,493.85,237.0,32068.4,2.91,9.563,218.9177,93319.0,0
BLK-1661,DEMO-01,575.0,536.92,103.0,32068.4,2.942,10.881,227.7399,94345.2,0
BLK-1662,DEMO-01,575.0,536.92,117.89,32068.4,2.906,10.309,230.3908,93190.8,0
BLK-1663,DEMO-01,575.0,536.92,132.78,32068.4,2.915,10.309,230.3907,93479.4,0
BLK-1664,DEMO-01,575.0,536.92,147.67,32068.4,2.925,10.856,221.8071,93800.1,0
BLK-1665,DEMO-01,575.0,536.92,162.56,32068.4,2.932,14.718,172.9744,94024.5,0
BLK-1666,DEMO-01,575.0,536.92,177.44,32068.4,2.986,14.819,99.2675,95756.2,0
BLK-1667,DEMO-01,575.0,536.92,192.33,32068.4,2.998,13.195,69.5556,96141.1,0
BLK-1668,DEMO-01,575.0,536.92,207.22,32068.4,2.941,10.994,72.5649,94313.2,0
BLK-1669,DEMO-01,575.0,536.92,222.11,32068.4,2.908,9.437,170.0413,93254.9,0
BLK-1670,DEMO-01,575.0,536.92,237.0,32068.4,2.928,9.02,219.5398,93896.3,0
BLK-1671,DEMO-01,575.0,580.0,103.0,32068.4,2.928,10.309,230.3908,93896.3,0
BLK-1672,DEMO-01,575.0,580.0,117.89,32068.4,2.936,10.309,230.3908,94152.8,0
BLK-1673,DEMO-01,575.0,580.0,132.78,32068.4,2.894,10.309,230.3908,92805.9,0
BLK-1674,DEMO-01,575.0,580.0,147.67,32068.4,2.904,11.189,227.0924,93126.6,0
BLK-1675,DEMO-01,575.0,580.0,162.56,32068.4,2.927,12.944,187.9642,93864.2,0
BLK-1676,DEMO-01,575.0,580.0,177.44,32068.4,2.885,10.85,128.6916,92517.3,0
BLK-1677,DEMO-01,575.0,580.0,192.33,32068.4,2.942,6.737,103.3056,94345.2,0
BLK-1678,DEMO-01,575.0,580.0,207.22,32068.4,2.941,5.694,131.2849,94313.2,0
BLK-1679,DEMO-01,575.0,580.0,222.11,32068.4,2.909,7.402,191.7245,93287.0,0
BLK-1680,DEMO-01,575.0,580.0,237.0,32068.4,2.911,9.095,223.1167,93351.1,0
BLK-1681,DEMO-01,625.0,20.0,103.0,32068.4,2.902,12.155,220.0891,93062.5,0
BLK-1682,DEMO-01,625.0,20.0,117.89,32068.4,2.909,12.596,221.5134,93287.0,0
BLK-1683,DEMO-01,625.0,20.0,132.78,32068.4,2.91,11.486,221.5532,93319.0,0
BLK-1684,DEMO-01,625.0,20.0,147.67,32068.4,2.907,11.146,220.1289,93222.8,0
BLK-1685,DEMO-01,625.0,20.0,162.56,32068.4,2.906,8.239,202.8684,93190.8,0
BLK-1686,DEMO-01,625.0,20.0,177.44,32068.4,2.913,5.821,178.2443,93415.2,0
BLK-1687,DEMO-01,625.0,20.0,192.33,32068.4,2.913,7.125,171.2875,93415.2,0
BLK-1688,DEMO-01,625.0,20.0,207.22,32068.4,2.941,9.02,173.8721,94313.2,0
BLK-1689,DEMO-01,625.0,20.0,222.11,32068.4,2.911,10.258,203.2055,93351.1,0
BLK-1690,DEMO-01,625.0,20.0,237.0,32068.4,2.921,9.981,220.7267,93671.8,0
BLK-1691,DEMO-01,625.0,63.08,103.0,32068.4,2.909,12.155,220.0891,93287.0,0
BLK-1692,DEMO-01,625.0,63.08,117.89,32068.4,2.908,12.155,220.0891,93254.9,0
BLK-1693,DEMO-01,625.0,63.08,132.78,32068.4,2.894,12.596,221.5134,92805.9,0
BLK-1694,DEMO-01,625.0,63.08,147.67,32068.4,2.895,10.952,219.2567,92838.0,0
BLK-1695,DEMO-01,625.0,63.08,162.56,32068.4,2.9,7.407,191.9379,92998.4,0
BLK-1696,DEMO-01,625.0,63.08,177.44,32068.4,2.919,4.226,147.4408,93607.7,0
BLK-1697,DEMO-01,625.0,63.08,192.33,32068.4,2.931,4.867,133.021,93992.5,0
BLK-1698,DEMO-01,625.0,63.08,207.22,32068.4,2.893,7.327,128.5406,92773.9,0
BLK-1699,DEMO-01,625.0,63.08,222.11,32068.4,2.909,8.706,183.2307,93287.0,0
BLK-1700,DEMO-01,625.0,63.08,237.0,32068.4,2.898,11.685,217.8642,92934.2,0
BLK-1701,DEMO-01,625.0,106.15,103.0,32068.4,2.913,12.735,219.5224,93415.2,0
BLK-1702,DEMO-01,625.0,106.15,117.89,32068.4,2.93,12.709,219.4023,93960.4,0
BLK-1703,DEMO-01,625.0,106.15,132.78,32068.4,2.91,12.155,220.0891,93319.0,0
BLK-1704,DEMO-01,625.0,106.15,147.67,32068.4,2.916,12.17,218.325,93511.5,0
BLK-1705,DEMO-01,625.0,106.15,162.56,32068.4,2.939,6.814,184.7507,94249.0,0
BLK-1706,DEMO-01,625.0,106.15,177.44,32068.4,2.925,3.754,112.828,93800.1,0
BLK-1707,DEMO-01,625.0,106.15,192.33,32068.4,2.906,4.265,101.7751,93190.8,0
BLK-1708,DEMO-01,625.0,106.15,207.22,32068.4,2.918,6.425,99.3819,93575.6,0
BLK-1709,DEMO-01,625.0,106.15,222.11,32068.4,2.905,9.326,170.2078,93158.7,0
BLK-1710,DEMO-01,625.0,106.15,237.0,32068.4,2.922,11.309,215.2516,93703.9,0
BLK-1711,DEMO-01,625.0,149.23,103.0,32068.4,2.923,13.079,218.3984,93735.9,0
BLK-1712,DEMO-01,625.0,149.23,117.89,32068.4,2.898,14.938,219.6271,92934.2,0
BLK-1713,DEMO-01,625.0,149.23,132.78,32068.4,2.919,14.412,218.8085,93607.7,0
BLK-1714,DEMO-01,625.0,149.23,147.67,32068.4,2.92,12.441,217.4379,93639.7,0
BLK-1715,DEMO-01,625.0,149.23,162.56,32068.4,2.944,9.621,184.8073,94409.4,0
BLK-1716,DEMO-01,625.0,149.23,177.44,32068.4,2.934,4.682,88.923,94088.7,0
BLK-1717,DEMO-01,625.0,149.23,192.33,32068.4,2.923,4.705,90.3892,93735.9,0
BLK-1718,DEMO-01,625.0,149.23,207.22,32068.4,2.912,6.368,114.9024,93383.2,0
BLK-1719,DEMO-01,625.0,149.23,222.11,32068.4,2.929,8.571,173.8391,93928.3,0
BLK-1720,DEMO-01,625.0,149.23,237.0,32068.4,2.905,11.012,214.5377,93158.7,0
BLK-1721,DEMO-01,625.0,192.31,103.0,32068.4,2.899,13.361,218.8636,92966.3,0
BLK-1722,DEMO-01,625.0,192.31,117.89,32068.4,2.874,13.361,218.8636,92164.6,0
BLK-1723,DEMO-01,625.0,192.31,132.78,32068.4,2.915,11.963,219.1599,93479.4,0
BLK-1724,DEMO-01,625.0,192.31,147.67,32068.4,2.914,13.474,218.8073,93447.3,0
BLK-1725,DEMO-01,625.0,192.31,162.56,32068.4,2.976,11.465,192.9023,95435.6,0
BLK-1726,DEMO-01,625.0,192.31,177.44,32068.4,2.925,7.011,119.7471,93800.1,0
BLK-1727,DEMO-01,625.0,192.31,192.33,32068.4,2.91,2.933,114.9312,93319.0,0
BLK-1728,DEMO-01,625.0,192.31,207.22,32068.4,2.922,2.767,146.3081,93703.9,0
BLK-1729,DEMO-01,625.0,192.31,222.11,32068.4,2.903,7.029,188.6961,93094.6,0
BLK-1730,DEMO-01,625.0,192.31,237.0,32068.4,2.922,11.308,217.3256,93703.9,0
BLK-1731,DEMO-01,625.0,235.38,103.0,32068.4,2.909,12.988,220.9562,93287.0,0
BLK-1732,DEMO-01,625.0,235.38,117.89,32068.4,2.916,12.988,220.9562,93511.5,0
BLK-1733,DEMO-01,625.0,235.38,132.78,32068.4,2.924,12.078,220.1392,93768.0,0
BLK-1734,DEMO-01,625.0,235.38,147.67,32068.4,2.93,10.911,217.6348,93960.4,0
BLK-1735,DEMO-01,625.0,235.38,162.56,32068.4,2.962,11.322,197.9371,94986.6,0
BLK-1736,DEMO-01,625.0,235.38,177.44,32068.4,3.031,6.702,145.2383,97199.3,0
BLK-1737,DEMO-01,625.0,235.38,192.33,32068.4,2.947,1.696,137.9818,94505.6,0
BLK-1738,DEMO-01,625.0,235.38,207.22,32068.4,2.926,0.635,162.6055,93832.1,0
BLK-1739,DEMO-01,625.0,235.38,222.11,32068.4,2.903,3.958,197.7546,93094.6,0
BLK-1740,DEMO-01,625.0,235.38,237.0,32068.4,2.914,8.541,217.8389,93447.3,0
BLK-1741,DEMO-01,625.0,278.46,103.0,32068.4,2.911,12.319,219.7465,93351.1,0
BLK-1742,DEMO-01,625.0,278.46,117.89,32068.4,2.915,12.319,219.7465,93479.4,0
BLK-1743,DEMO-01,625.0,278.46,132.78,32068.4,2.903,9.949,221.2816,93094.6,0
BLK-1744,DEMO-01,625.0,278.46,147.67,32068.4,2.892,9.842,219.7605,92741.8,0
BLK-1745,DEMO-01,625.0,278.46,162.56,32068.4,2.938,9.047,196.4894,94217.0,0
BLK-1746,DEMO-01,625.0,278.46,177.44,32068.4,3.088,6.744,145.7324,99027.2,0
BLK-1747,DEMO-01,625.0,278.46,192.33,32068.4,3.077,2.705,136.6857,98674.5,0
BLK-1748,DEMO-01,625.0,278.46,207.22,32068.4,2.944,0.192,149.2102,94409.4,0
BLK-1749,DEMO-01,625.0,278.46,222.11,32068.4,2.931,4.074,193.3246,93992.5,0
BLK-1750,DEMO-01,625.0,278.46,237.0,32068.4,2.924,7.808,218.1449,93768.0,0
BLK-1751,DEMO-01,625.0,321.54,103.0,32068.4,2.911,9.384,220.1989,93351.1,0
BLK-1752,DEMO-01,625.0,321.54,117.89,32068.4,2.904,9.34,220.9584,93126.6,0
BLK-1753,DEMO-01,625.0,321.54,132.78,32068.4,2.917,11.038,220.8343,93543.5,0
BLK-1754,DEMO-01,625.0,321.54,147.67,32068.4,2.92,9.936,221.0822,93639.7,0
BLK-1755,DEMO-01,625.0,321.54,162.56,32068.4,2.937,10.54,195.4855,94184.9,0
BLK-1756,DEMO-01,625.0,321.54,177.44,32068.4,3.18,10.93,138.7384,101977.5,0
BLK-1757,DEMO-01,625.0,321.54,192.33,32068.4,3.289,8.523,116.2587,105473.0,0
BLK-1758,DEMO-01,625.0,321.54,207.22,32068.4,2.981,2.544,107.611,95595.9,0
BLK-1759,DEMO-01,625.0,321.54,222.11,32068.4,2.923,4.173,179.2875,93735.9,0
BLK-1760,DEMO-01,625.0,321.54,237.0,32068.4,2.919,8.846,217.0796,93607.7,0
BLK-1761,DEMO-01,625.0,364.62,103.0,32068.4,2.918,9.528,222.6202,93575.6,0
BLK-1762,DEMO-01,625.0,364.62,117.89,32068.4,2.938,9.146,222.79,94217.0,0
BLK-1763,DEMO-01,625.0,364.62,132.78,32068.4,2.908,10.869,222.9528,93254.9,0
BLK-1764,DEMO-01,625.0,364.62,147.67,32068.4,2.936,9.565,221.1099,94152.8,0
BLK-1765,DEMO-01,625.0,364.62,162.56,32068.4,3.059,13.078,192.4864,98097.2,0
BLK-1766,DEMO-01,625.0,364.62,177.44,32068.4,3.661,18.985,133.0894,117402.4,0
BLK-1767,DEMO-01,625.0,364.62,192.33,32068.4,3.299,18.286,101.3561,105793.7,0
BLK-1768,DEMO-01,625.0,364.62,207.22,32068.4,2.932,8.593,80.5823,94024.5,0
BLK-1769,DEMO-01,625.0,364.62,222.11,32068.4,2.938,6.641,170.9993,94217.0,0
BLK-1770,DEMO-01,625.0,364.62,237.0,32068.4,2.922,6.402,217.1327,93703.9,0
BLK-1771,DEMO-01,625.0,407.69,103.0,32068.4,2.905,9.029,223.3062,93158.7,0
BLK-1772,DEMO-01,625.0,407.69,117.89,32068.4,2.911,10.609,222.8459,93351.1,0
BLK-1773,DEMO-01,625.0,407.69,132.78,32068.4,2.932,10.609,222.8459,94024.5,0
BLK-1774,DEMO-01,625.0,407.69,147.67,32068.4,3.01,10.385,220.8126,96525.9,0
BLK-1775,DEMO-01,625.0,407.69,162.56,32068.4,3.627,16.814,182.99,116312.1,0
BLK-1776,DEMO-01,625.0,407.69,177.44,32068.4,3.587,26.997,111.0806,115029.4,1
BLK-1777,DEMO-01,625.0,407.69,192.33,32068.4,2.984,28.372,92.4103,95692.1,1
BLK-1778,DEMO-01,625.0,407.69,207.22,32068.4,2.91,18.235,105.2159,93319.0,0
BLK-1779,DEMO-01,625.0,407.69,222.11,32068.4,2.947,9.936,174.554,94505.6,0
BLK-1780,DEMO-01,625.0,407.69,237.0,32068.4,2.919,7.383,217.9099,93607.7,0
BLK-1781,DEMO-01,625.0,450.77,103.0,32068.4,2.915,9.596,226.4163,93479.4,0
BLK-1782,DEMO-01,625.0,450.77,117.89,32068.4,2.932,9.596,226.4163,94024.5,0
BLK-1783,DEMO-01,625.0,450.77,132.78,32068.4,2.921,11.082,225.59,93671.8,0
BLK-1784,DEMO-01,625.0,450.77,147.67,32068.4,3.184,9.706,214.497,102105.8,0
BLK-1785,DEMO-01,625.0,450.77,162.56,32068.4,3.622,17.62,166.4967,116151.7,0
BLK-1786,DEMO-01,625.0,450.77,177.44,32068.4,3.126,30.713,81.2713,100245.8,1
BLK-1787,DEMO-01,625.0,450.77,192.33,32068.4,2.937,31.624,81.4047,94184.9,1
BLK-1788,DEMO-01,625.0,450.77,207.22,32068.4,2.937,20.954,120.01,94184.9,1
BLK-1789,DEMO-01,625.0,450.77,222.11,32068.4,2.906,11.798,179.507,93190.8,0
BLK-1790,DEMO-01,625.0,450.77,237.0,32068.4,2.904,8.528,218.6566,93126.6,0
BLK-1791,DEMO-01,625.0,493.85,103.0,32068.4,2.924,9.596,226.4163,93768.0,0
BLK-1792,DEMO-01,625.0,493.85,117.89,32068.4,2.908,8.809,227.1576,93254.9,0
BLK-1793,DEMO-01,625.0,493.85,132.78,32068.4,2.917,10.61,227.1109,93543.5,0
BLK-1794,DEMO-01,625.0,493.85,147.67,32068.4,3.049,10.918,209.8824,97776.6,0
BLK-1795,DEMO-01,625.0,493.85,162.56,32068.4,3.289,15.698,155.0595,105473.0,0
BLK-1796,DEMO-01,625.0,493.85,177.44,32068.4,3.013,25.293,90.7667,96622.1,1
BLK-1797,DEMO-01,625.0,493.85,192.33,32068.4,2.903,25.31,80.7396,93094.6,1
BLK-1798,DEMO-01,625.0,493.85,207.22,32068.4,2.916,17.724,111.8458,93511.5,0
BLK-1799,DEMO-01,625.0,493.85,222.11,32068.4,2.892,10.748,180.2336,92741.8,0
BLK-1800,DEMO-01,625.0,493.85,237.0,32068.4,2.912,9.154,219.7233,93383.2,0
BLK-1801,DEMO-01,625.0,536.92,103.0,32068.4,2.898,8.793,227.5127,92934.2,0
BLK-1802,DEMO-01,625.0,536.92,117.89,32068.4,2.938,8.793,227.5127,94217.0,0
BLK-1803,DEMO-01,625.0,536.92,132.78,32068.4,2.945,9.464,227.2352,94441.4,0
BLK-1804,DEMO-01,625.0,536.92,147.67,32068.4,2.913,8.669,210.0135,93415.2,0
BLK-1805,DEMO-01,625.0,536.92,162.56,32068.4,3.022,13.307,159.6429,96910.7,0
BLK-1806,DEMO-01,625.0,536.92,177.44,32068.4,3.01,16.385,115.3924,96525.9,0
BLK-1807,DEMO-01,625.0,536.92,192.33,32068.4,2.923,15.4,55.0223,93735.9,0
BLK-1808,DEMO-01,625.0,536.92,207.22,32068.4,2.94,12.159,112.2614,94281.1,0
BLK-1809,DEMO-01,625.0,536.92,222.11,32068.4,2.91,8.733,184.8711,93319.0,0
BLK-1810,DEMO-01,625.0,536.92,237.0,32068.4,2.912,8.444,219.7718,93383.2,0
BLK-1811,DEMO-01,625.0,580.0,103.0,32068.4,2.904,8.793,227.5127,93126.6,0
BLK-1812,DEMO-01,625.0,580.0,117.89,32068.4,2.931,8.793,227.5127,93992.5,0
BLK-1813,DEMO-01,625.0,580.0,132.78,32068.4,2.873,9.55,227.7392,92132.5,0
BLK-1814,DEMO-01,625.0,580.0,147.67,32068.4,2.911,8.428,216.2264,93351.1,0
BLK-1815,DEMO-01,625.0,580.0,162.56,32068.4,2.925,10.886,181.3498,93800.1,0
BLK-1816,DEMO-01,625.0,580.0,177.44,32068.4,2.944,11.392,146.6538,94409.4,0
BLK-1817,DEMO-01,625.0,580.0,192.33,32068.4,2.942,8.471,107.2321,94345.2,0
BLK-1818,DEMO-01,625.0,580.0,207.22,32068.4,2.933,7.1,143.8257,94056.6,0
BLK-1819,DEMO-01,625.0,580.0,222.11,32068.4,2.898,7.913,200.294,92934.2,0
BLK-1820,DEMO-01,625.0,580.0,237.0,32068.4,2.944,8.367,222.0983,94409.4,0
BLK-1821,DEMO-01,675.0,20.0,103.0,32068.4,2.897,12.155,220.0891,92902.2,0
BLK-1822,DEMO-01,675.0,20.0,117.89,32068.4,2.933,12.155,220.0891,94056.6,0
BLK-1823,DEMO-01,675.0,20.0,132.78,32068.4,2.918,10.95,220.093,93575.6,0
BLK-1824,DEMO-01,675.0,20.0,147.67,32068.4,2.91,11.392,220.142,93319.0,0
BLK-1825,DEMO-01,675.0,20.0,162.56,32068.4,2.911,9.122,201.8116,93351.1,0
BLK-1826,DEMO-01,675.0,20.0,177.44,32068.4,2.916,7.88,176.4769,93511.5,0
BLK-1827,DEMO-01,675.0,20.0,192.33,32068.4,2.919,7.393,166.4891,93607.7,0
BLK-1828,DEMO-01,675.0,20.0,207.22,32068.4,2.904,7.825,162.2736,93126.6,0
BLK-1829,DEMO-01,675.0,20.0,222.11,32068.4,2.913,8.873,197.1607,93415.2,0
BLK-1830,DEMO-01,675.0,20.0,237.0,32068.4,2.906,9.588,219.5885,93190.8,0
BLK-1831,DEMO-01,675.0,63.08,103.0,32068.4,2.9,12.155,220.0891,92998.4,0
BLK-1832,DEMO-01,675.0,63.08,117.89,32068.4,2.905,12.155,220.0891,93158.7,0
BLK-1833,DEMO-01,675.0,63.08,132.78,32068.4,2.901,12.155,220.0891,93030.4,0
BLK-1834,DEMO-01,675.0,63.08,147.67,32068.4,2.911,10.773,217.1468,93351.1,0
BLK-1835,DEMO-01,675.0,63.08,162.56,32068.4,2.924,8.692,187.9594,93768.0,0
BLK-1836,DEMO-01,675.0,63.08,177.44,32068.4,2.918,6.827,140.8529,93575.6,0
BLK-1837,DEMO-01,675.0,63.08,192.33,32068.4,2.942,5.653,123.6197,94345.2,0
BLK-1838,DEMO-01,675.0,63.08,207.22,32068.4,2.887,6.026,100.0033,92581.5,0
BLK-1839,DEMO-01,675.0,63.08,222.11,32068.4,2.922,7.821,172.8982,93703.9,0
BLK-1840,DEMO-01,675.0,63.08,237.0,32068.4,2.916,10.982,214.8335,93511.5,0
BLK-1841,DEMO-01,675.0,106.15,103.0,32068.4,2.927,12.408,218.395,93864.2,0
BLK-1842,DEMO-01,675.0,106.15,117.89,32068.4,2.926,14.381,218.8456,93832.1,0
BLK-1843,DEMO-01,675.0,106.15,132.78,32068.4,2.915,14.381,218.8456,93479.4,0
BLK-1844,DEMO-01,675.0,106.15,147.67,32068.4,2.926,12.35,214.9144,93832.1,0
BLK-1845,DEMO-01,675.0,106.15,162.56,32068.4,2.913,10.528,179.1809,93415.2,0
BLK-1846,DEMO-01,675.0,106.15,177.44,32068.4,2.925,6.719,109.0602,93800.1,0
BLK-1847,DEMO-01,675.0,106.15,192.33,32068.4,2.891,4.802,90.2812,92709.7,0
BLK-1848,DEMO-01,675.0,106.15,207.22,32068.4,2.926,4.457,38.7484,93832.1,0
BLK-1849,DEMO-01,675.0,106.15,222.11,32068.4,2.916,8.065,155.0094,93511.5,0
BLK-1850,DEMO-01,675.0,106.15,237.0,32068.4,2.91,10.751,211.9534,93319.0,0
BLK-1851,DEMO-01,675.0,149.23,103.0,32068.4,2.913,12.962,218.2295,93415.2,0
BLK-1852,DEMO-01,675.0,149.23,117.89,32068.4,2.914,11.963,219.3478,93447.3,0
BLK-1853,DEMO-01,675.0,149.23,132.78,32068.4,2.944,13.63,220.0543,94409.4,0
BLK-1854,DEMO-01,675.0,149.23,147.67,32068.4,2.998,12.879,216.4563,96141.1,0
BLK-1855,DEMO-01,675.0,149.23,162.56,32068.4,2.946,11.193,181.7634,94473.5,0
BLK-1856,DEMO-01,675.0,149.23,177.44,32068.4,2.909,8.019,95.1342,93287.0,0
BLK-1857,DEMO-01,675.0,149.23,192.33,32068.4,2.925,5.095,71.4806,93800.1,0
BLK-1858,DEMO-01,675.0,149.23,207.22,32068.4,2.925,4.474,73.795,93800.1,0
BLK-1859,DEMO-01,675.0,149.23,222.11,32068.4,2.904,6.67,157.6998,93126.6,0
BLK-1860,DEMO-01,675.0,149.23,237.0,32068.4,2.9,8.887,212.0242,92998.4,0
BLK-1861,DEMO-01,675.0,192.31,103.0,32068.4,2.915,12.192,219.1152,93479.4,0
BLK-1862,DEMO-01,675.0,192.31,117.89,32068.4,2.927,11.383,218.4415,93864.2,0
BLK-1863,DEMO-01,675.0,192.31,132.78,32068.4,2.913,11.547,218.9255,93415.2,0
BLK-1864,DEMO-01,675.0,192.31,147.67,32068.4,3.007,10.737,217.5568,96429.7,0
BLK-1865,DEMO-01,675.0,192.31,162.56,32068.4,2.982,11.306,192.9471,95628.0,0
BLK-1866,DEMO-01,675.0,192.31,177.44,32068.4,2.92,8.521,119.6735,93639.7,0
BLK-1867,DEMO-01,675.0,192.31,192.33,32068.4,2.935,4.484,90.5769,94120.8,0
BLK-1868,DEMO-01,675.0,192.31,207.22,32068.4,2.898,3.032,121.4909,92934.2,0
BLK-1869,DEMO-01,675.0,192.31,222.11,32068.4,2.947,6.695,174.4617,94505.6,0
BLK-1870,DEMO-01,675.0,192.31,237.0,32068.4,2.896,8.966,213.5651,92870.1,0
BLK-1871,DEMO-01,675.0,235.38,103.0,32068.4,2.889,12.202,219.8605,92645.6,0
BLK-1872,DEMO-01,675.0,235.38,117.89,32068.4,2.915,11.431,218.9592,93479.4,0
BLK-1873,DEMO-01,675.0,235.38,132.78,32068.4,2.906,8.615,218.2467,93190.8,0
BLK-1874,DEMO-01,675.0,235.38,147.67,32068.4,3.008,8.867,218.0885,96461.7,0
BLK-1875,DEMO-01,675.0,235.38,162.56,32068.4,3.124,8.505,204.1506,100181.7,0
BLK-1876,DEMO-01,675.0,235.38,177.44,32068.4,2.963,8.072,150.3631,95018.7,0
BLK-1877,DEMO-01,675.0,235.38,192.33,32068.4,2.906,2.467,126.6764,93190.8,0
BLK-1878,DEMO-01,675.0,235.38,207.22,32068.4,2.922,1.251,148.259,93703.9,0
BLK-1879,DEMO-01,675.0,235.38,222.11,32068.4,2.912,4.654,189.07,93383.2,0
BLK-1880,DEMO-01,675.0,235.38,237.0,32068.4,2.931,10.265,217.9866,93992.5,0
BLK-1881,DEMO-01,675.0,278.46,103.0,32068.4,2.914,12.319,219.7465,93447.3,0
BLK-1882,DEMO-01,675.0,278.46,117.89,32068.4,2.903,10.972,220.8151,93094.6,0
BLK-1883,DEMO-01,675.0,278.46,132.78,32068.4,2.894,8.846,220.6182,92805.9,0
BLK-1884,DEMO-01,675.0,278.46,147.67,32068.4,2.949,9.583,219.2721,94569.7,0
BLK-1885,DEMO-01,675.0,278.46,162.56,32068.4,3.174,8.55,206.5276,101785.1,0
BLK-1886,DEMO-01,675.0,278.46,177.44,32068.4,3.125,5.593,158.0373,100213.8,0
BLK-1887,DEMO-01,675.0,278.46,192.33,32068.4,2.943,1.351,130.6886,94377.3,0
BLK-1888,DEMO-01,675.0,278.46,207.22,32068.4,2.893,0.509,151.9574,92773.9,0
BLK-1889,DEMO-01,675.0,278.46,222.11,32068.4,2.935,4.683,193.2477,94120.8,0
BLK-1890,DEMO-01,675.0,278.46,237.0,32068.4,2.918,9.148,220.6625,93575.6,0
BLK-1891,DEMO-01,675.0,321.54,103.0,32068.4,2.916,9.176,220.7159,93511.5,0
BLK-1892,DEMO-01,675.0,321.54,117.89,32068.4,2.903,9.243,220.119,93094.6,0
BLK-1893,DEMO-01,675.0,321.54,132.78,32068.4,2.927,9.98,221.2022,93864.2,0
BLK-1894,DEMO-01,675.0,321.54,147.67,32068.4,2.958,10.042,220.6694,94858.3,0
BLK-1895,DEMO-01,675.0,321.54,162.56,32068.4,3.293,9.332,200.9028,105601.2,0
BLK-1896,DEMO-01,675.0,321.54,177.44,32068.4,3.295,8.137,147.0931,105665.4,0
BLK-1897,DEMO-01,675.0,321.54,192.33,32068.4,2.933,4.187,107.5734,94056.6,0
BLK-1898,DEMO-01,675.0,321.54,207.22,32068.4,2.895,0.659,130.8175,92838.0,0
BLK-1899,DEMO-01,675.0,321.54,222.11,32068.4,2.901,2.872,186.5446,93030.4,0
BLK-1900,DEMO-01,675.0,321.54,237.0,32068.4,2.921,9.669,219.4455,93671.8,0
BLK-1901,DEMO-01,675.0,364.62,103.0,32068.4,2.916,9.198,222.5179,93511.5,0
BLK-1902,DEMO-01,675.0,364.62,117.89,32068.4,2.93,9.198,222.5179,93960.4,0
BLK-1903,DEMO-01,675.0,364.62,132.78,32068.4,2.912,10.553,220.9256,93383.2,0
BLK-1904,DEMO-01,675.0,364.62,147.67,32068.4,3.161,8.903,218.2301,101368.2,0
BLK-1905,DEMO-01,675.0,364.62,162.56,32068.4,3.65,11.667,189.0303,117049.7,0
BLK-1906,DEMO-01,675.0,364.62,177.44,32068.4,3.142,14.155,132.8984,100758.9,0
BLK-1907,DEMO-01,675.0,364.62,192.33,32068.4,2.929,10.827,94.8299,93928.3,0
BLK-1908,DEMO-01,675.0,364.62,207.22,32068.4,2.915,5.453,109.3364,93479.4,0
BLK-1909,DEMO-01,675.0,364.62,222.11,32068.4,2.908,4.874,177.9823,93254.9,0
BLK-1910,DEMO-01,675.0,364.62,237.0,32068.4,2.917,7.478,217.9258,93543.5,0
BLK-1911,DEMO-01,675.0,407.69,103.0,32068.4,2.914,9.146,222.79,93447.3,0
BLK-1912,DEMO-01,675.0,407.69,117.89,32068.4,2.917,8.982,222.692,93543.5,0
BLK-1913,DEMO-01,675.0,407.69,132.78,32068.4,3.042,8.871,223.6454,97552.1,0
BLK-1914,DEMO-01,675.0,407.69,147.67,32068.4,3.629,8.786,212.4055,116376.2,0
BLK-1915,DEMO-01,675.0,407.69,162.56,32068.4,3.338,14.558,169.8368,107044.3,0
BLK-1916,DEMO-01,675.0,407.69,177.44,32068.4,2.931,20.377,116.2933,93992.5,1
BLK-1917,DEMO-01,675.0,407.69,192.33,32068.4,2.903,18.486,103.4251,93094.6,0
BLK-1918,DEMO-01,675.0,407.69,207.22,32068.4,2.913,10.737,113.4895,93415.2,0
BLK-1919,DEMO-01,675.0,407.69,222.11,32068.4,2.926,6.693,179.2583,93832.1,0
BLK-1920,DEMO-01,675.0,407.69,237.0,32068.4,2.919,7.147,216.9001,93607.7,0
BLK-1921,DEMO-01,675.0,450.77,103.0,32068.4,2.909,9.029,223.3062,93287.0,0
BLK-1922,DEMO-01,675.0,450.77,117.89,32068.4,2.927,10.169,225.8157,93864.2,0
BLK-1923,DEMO-01,675.0,450.77,132.78,32068.4,3.22,8.748,225.6705,103260.2,0
BLK-1924,DEMO-01,675.0,450.77,147.67,32068.4,3.391,9.081,204.6776,108743.9,0
BLK-1925,DEMO-01,675.0,450.77,162.56,32068.4,3.016,15.03,145.0227,96718.3,0
BLK-1926,DEMO-01,675.0,450.77,177.44,32068.4,2.893,22.964,100.6729,92773.9,1
BLK-1927,DEMO-01,675.0,450.77,192.33,32068.4,2.898,22.3,111.7139,92934.2,1
BLK-1928,DEMO-01,675.0,450.77,207.22,32068.4,2.909,13.955,136.742,93287.0,0
BLK-1929,DEMO-01,675.0,450.77,222.11,32068.4,2.945,8.295,188.8149,94441.4,0
BLK-1930,DEMO-01,675.0,450.77,237.0,32068.4,2.938,7.855,220.3475,94217.0,0
BLK-1931,DEMO-01,675.0,493.85,103.0,32068.4,2.926,9.56,226.0173,93832.1,0
BLK-1932,DEMO-01,675.0,493.85,117.89,32068.4,2.928,10.36,226.8641,93896.3,0
BLK-1933,DEMO-01,675.0,493.85,132.78,32068.4,3.023,10.189,224.5113,96942.8,0
BLK-1934,DEMO-01,675.0,493.85,147.67,32068.4,3.158,8.184,195.5507,101272.0,0
BLK-1935,DEMO-01,675.0,493.85,162.56,32068.4,2.954,12.822,118.2376,94730.1,0
BLK-1936,DEMO-01,675.0,493.85,177.44,32068.4,2.906,19.683,98.1465,93190.8,0
BLK-1937,DEMO-01,675.0,493.85,192.33,32068.4,2.918,19.942,119.1034,93575.6,0
BLK-1938,DEMO-01,675.0,493.85,207.22,32068.4,2.91,13.75,150.0673,93319.0,0
BLK-1939,DEMO-01,675.0,493.85,222.11,32068.4,2.928,8.401,197.3772,93896.3,0
BLK-1940,DEMO-01,675.0,493.85,237.0,32068.4,2.891,8.31,221.9395,92709.7,0
BLK-1941,DEMO-01,675.0,536.92,103.0,32068.4,2.917,8.809,227.1576,93543.5,0
BLK-1942,DEMO-01,675.0,536.92,117.89,32068.4,2.905,8.771,227.2068,93158.7,0
BLK-1943,DEMO-01,675.0,536.92,132.78,32068.4,2.924,8.965,224.3677,93768.0,0
BLK-1944,DEMO-01,675.0,536.92,147.67,32068.4,2.998,8.456,194.3144,96141.1,0
BLK-1945,DEMO-01,675.0,536.92,162.56,32068.4,2.947,9.661,117.8633,94505.6,0
BLK-1946,DEMO-01,675.0,536.92,177.44,32068.4,2.921,13.68,111.8911,93671.8,0
BLK-1947,DEMO-01,675.0,536.92,192.33,32068.4,2.913,14.092,124.0725,93415.2,0
BLK-1948,DEMO-01,675.0,536.92,207.22,32068.4,2.907,10.613,158.769,93222.8,0
BLK-1949,DEMO-01,675.0,536.92,222.11,32068.4,2.91,8.249,205.3623,93319.0,0
BLK-1950,DEMO-01,675.0,536.92,237.0,32068.4,2.914,8.585,223.6976,93447.3,0
BLK-1951,DEMO-01,675.0,580.0,103.0,32068.4,2.906,8.793,227.5127,93190.8,0
BLK-1952,DEMO-01,675.0,580.0,117.89,32068.4,2.916,9.626,228.1474,93511.5,0
BLK-1953,DEMO-01,675.0,580.0,132.78,32068.4,2.913,9.373,226.6508,93415.2,0
BLK-1954,DEMO-01,675.0,580.0,147.67,32068.4,2.917,8.652,204.3799,93543.5,0
BLK-1955,DEMO-01,675.0,580.0,162.56,32068.4,2.957,8.375,156.9076,94826.3,0
BLK-1956,DEMO-01,675.0,580.0,177.44,32068.4,2.926,9.501,148.6171,93832.1,0
BLK-1957,DEMO-01,675.0,580.0,192.33,32068.4,2.911,8.898,149.3827,93351.1,0
BLK-1958,DEMO-01,675.0,580.0,207.22,32068.4,2.918,7.667,176.8936,93575.6,0
BLK-1959,DEMO-01,675.0,580.0,222.11,32068.4,2.903,8.806,214.753,93094.6,0
BLK-1960,DEMO-01,675.0,580.0,237.0,32068.4,2.91,8.987,226.2147,93319.0,0
BLK-1961,DEMO-01,725.0,20.0,103.0,32068.4,2.912,12.004,219.1856,93383.2,0
BLK-1962,DEMO-01,725.0,20.0,117.89,32068.4,2.9,12.155,220.0891,92998.4,0
BLK-1963,DEMO-01,725.0,20.0,132.78,32068.4,2.921,13.107,219.3472,93671.8,0
BLK-1964,DEMO-01,725.0,20.0,147.67,32068.4,2.91,11.84,216.3475,93319.0,0
BLK-1965,DEMO-01,725.0,20.0,162.56,32068.4,2.913,10.4,192.7397,93415.2,0
BLK-1966,DEMO-01,725.0,20.0,177.44,32068.4,2.909,9.272,158.3114,93287.0,0
BLK-1967,DEMO-01,725.0,20.0,192.33,32068.4,2.955,8.341,166.3697,94762.1,0
BLK-1968,DEMO-01,725.0,20.0,207.22,32068.4,2.907,8.036,178.0436,93222.8,0
BLK-1969,DEMO-01,725.0,20.0,222.11,32068.4,2.889,8.845,203.9598,92645.6,0
BLK-1970,DEMO-01,725.0,20.0,237.0,32068.4,2.895,11.356,218.9796,92838.0,0
BLK-1971,DEMO-01,725.0,63.08,103.0,32068.4,2.926,13.967,218.6083,93832.1,0
BLK-1972,DEMO-01,725.0,63.08,117.89,32068.4,2.934,13.886,218.1009,94088.7,0
BLK-1973,DEMO-01,725.0,63.08,132.78,32068.4,2.908,14.694,218.7304,93254.9,0
BLK-1974,DEMO-01,725.0,63.08,147.67,32068.4,2.941,11.627,213.438,94313.2,0
BLK-1975,DEMO-01,725.0,63.08,162.56,32068.4,2.934,10.026,174.1855,94088.7,0
BLK-1976,DEMO-01,725.0,63.08,177.44,32068.4,2.915,8.982,100.3745,93479.4,0
BLK-1977,DEMO-01,725.0,63.08,192.33,32068.4,2.913,7.48,127.2287,93415.2,0
BLK-1978,DEMO-01,725.0,63.08,207.22,32068.4,2.919,7.363,140.5025,93607.7,0
BLK-1979,DEMO-01,725.0,63.08,222.11,32068.4,2.928,9.128,185.9243,93896.3,0
BLK-1980,DEMO-01,725.0,63.08,237.0,32068.4,2.921,11.099,216.5709,93671.8,0
BLK-1981,DEMO-01,725.0,106.15,103.0,32068.4,2.907,13.103,218.3012,93222.8,0
BLK-1982,DEMO-01,725.0,106.15,117.89,32068.4,2.915,13.125,219.24,93479.4,0
BLK-1983,DEMO-01,725.0,106.15,132.78,32068.4,2.964,13.125,219.24,95050.7,0
BLK-1984,DEMO-01,725.0,106.15,147.67,32068.4,2.966,13.003,214.0994,95114.9,0
BLK-1985,DEMO-01,725.0,106.15,162.56,32068.4,2.938,11.529,168.9706,94217.0,0
BLK-1986,DEMO-01,725.0,106.15,177.44,32068.4,2.924,8.483,72.8051,93768.0,0
BLK-1987,DEMO-01,725.0,106.15,192.33,32068.4,2.92,6.459,98.7636,93639.7,0
BLK-1988,DEMO-01,725.0,106.15,207.22,32068.4,2.918,5.705,108.6022,93575.6,0
BLK-1989,DEMO-01,725.0,106.15,222.11,32068.4,2.928,6.937,169.4458,93896.3,0
BLK-1990,DEMO-01,725.0,106.15,237.0,32068.4,2.926,8.969,214.0449,93832.1,0
BLK-1991,DEMO-01,725.0,149.23,103.0,32068.4,2.92,11.547,218.9255,93639.7,0
BLK-1992,DEMO-01,725.0,149.23,117.89,32068.4,2.921,11.547,218.9255,93671.8,0
BLK-1993,DEMO-01,725.0,149.23,132.78,32068.4,3.041,12.653,218.553,97520.0,0
BLK-1994,DEMO-01,725.0,149.23,147.67,32068.4,3.019,10.658,214.5683,96814.5,0
BLK-1995,DEMO-01,725.0,149.23,162.56,32068.4,2.921,12.314,180.1599,93671.8,0
BLK-1996,DEMO-01,725.0,149.23,177.44,32068.4,2.952,8.836,102.5302,94665.9,0
BLK-1997,DEMO-01,725.0,149.23,192.33,32068.4,2.896,6.564,70.9016,92870.1,0
BLK-1998,DEMO-01,725.0,149.23,207.22,32068.4,2.929,5.045,91.4507,93928.3,0
BLK-1999,DEMO-01,725.0,149.23,222.11,32068.4,2.905,6.575,161.3947,93158.7,0
BLK-2000,DEMO-01,725.0,149.23,237.0,32068.4,2.918,8.823,212.5958,93575.6,0
BLK-2001,DEMO-01,725.0,192.31,103.0,32068.4,2.95,11.948,219.2056,94601.8,0
BLK-2002,DEMO-01,725.0,192.31,117.89,32068.4,2.922,9.189,218.7539,93703.9,0
BLK-2003,DEMO-01,725.0,192.31,132.78,32068.4,3.123,8.926,218.3296,100149.6,0
BLK-2004,DEMO-01,725.0,192.31,147.67,32068.4,3.186,9.275,218.4,102169.9,0
BLK-2005,DEMO-01,725.0,192.31,162.56,32068.4,2.94,10.803,196.5831,94281.1,0
BLK-2006,DEMO-01,725.0,192.31,177.44,32068.4,2.928,9.065,132.2316,93896.3,0
BLK-2007,DEMO-01,725.0,192.31,192.33,32068.4,2.909,6.305,78.2419,93287.0,0
BLK-2008,DEMO-01,725.0,192.31,207.22,32068.4,2.925,4.636,80.1258,93800.1,0
BLK-2009,DEMO-01,725.0,192.31,222.11,32068.4,2.899,7.271,163.8138,92966.3,0
BLK-2010,DEMO-01,725.0,192.31,237.0,32068.4,2.892,8.933,212.9762,92741.8,0
BLK-2011,DEMO-01,725.0,235.38,103.0,32068.4,2.913,8.749,219.5105,93415.2,0
BLK-2012,DEMO-01,725.0,235.38,117.89,32068.4,2.898,8.937,219.584,92934.2,0
BLK-2013,DEMO-01,725.0,235.38,132.78,32068.4,3.046,9.733,219.5352,97680.3,0
BLK-2014,DEMO-01,725.0,235.38,147.67,32068.4,3.393,9.331,219.8757,108808.1,0
BLK-2015,DEMO-01,725.0,235.38,162.56,32068.4,3.137,8.879,208.1626,100598.6,0
BLK-2016,DEMO-01,725.0,235.38,177.44,32068.4,2.933,7.076,157.9712,94056.6,0
BLK-2017,DEMO-01,725.0,235.38,192.33,32068.4,2.909,4.15,114.9321,93287.0,0
BLK-2018,DEMO-01,725.0,235.38,207.22,32068.4,2.896,2.798,112.988,92870.1,0
BLK-2019,DEMO-01,725.0,235.38,222.11,32068.4,2.943,7.38,176.584,94377.3,0
BLK-2020,DEMO-01,725.0,235.38,237.0,32068.4,2.903,9.154,215.5723,93094.6,0
BLK-2021,DEMO-01,725.0,278.46,103.0,32068.4,2.914,9.091,220.2306,93447.3,0
BLK-2022,DEMO-01,725.0,278.46,117.89,32068.4,2.914,8.363,219.3469,93447.3,0
BLK-2023,DEMO-01,725.0,278.46,132.78,32068.4,2.951,9.423,219.3173,94633.8,0
BLK-2024,DEMO-01,725.0,278.46,147.67,32068.4,3.29,8.98,220.047,105505.0,0
BLK-2025,DEMO-01,725.0,278.46,162.56,32068.4,3.472,8.785,209.1655,111341.5,0
BLK-2026,DEMO-01,725.0,278.46,177.44,32068.4,3.004,5.414,159.4821,96333.5,0
BLK-2027,DEMO-01,725.0,278.46,192.33,32068.4,2.915,0.421,117.1629,93479.4,0
BLK-2028,DEMO-01,725.0,278.46,207.22,32068.4,2.926,0.155,139.559,93832.1,0
BLK-2029,DEMO-01,725.0,278.46,222.11,32068.4,2.901,4.201,188.8752,93030.4,0
BLK-2030,DEMO-01,725.0,278.46,237.0,32068.4,2.943,11.011,219.1775,94377.3,0
BLK-2031,DEMO-01,725.0,321.54,103.0,32068.4,2.906,9.243,220.119,93190.8,0
BLK-2032,DEMO-01,725.0,321.54,117.89,32068.4,2.916,9.98,221.2022,93511.5,0
BLK-2033,DEMO-01,725.0,321.54,132.78,32068.4,2.922,8.491,220.418,93703.9,0
BLK-2034,DEMO-01,725.0,321.54,147.67,32068.4,3.258,8.727,217.9429,104478.8,0
BLK-2035,DEMO-01,725.0,321.54,162.56,32068.4,3.534,8.2,198.0801,113329.7,0
BLK-2036,DEMO-01,725.0,321.54,177.44,32068.4,3.019,6.118,138.4213,96814.5,0
BLK-2037,DEMO-01,725.0,321.54,192.33,32068.4,2.913,0.441,72.1065,93415.2,0
BLK-2038,DEMO-01,725.0,321.54,207.22,32068.4,2.903,0.0,127.4765,93094.6,0
BLK-2039,DEMO-01,725.0,321.54,222.11,32068.4,2.925,3.479,187.9148,93800.1,0
BLK-2040,DEMO-01,725.0,321.54,237.0,32068.4,2.906,8.548,219.6023,93190.8,0
BLK-2041,DEMO-01,725.0,364.62,103.0,32068.4,2.904,9.039,221.5276,93126.6,0
BLK-2042,DEMO-01,725.0,364.62,117.89,32068.4,2.913,10.553,220.9256,93415.2,0
BLK-2043,DEMO-01,725.0,364.62,132.78,32068.4,3.038,8.952,222.4694,97423.8,0
BLK-2044,DEMO-01,725.0,364.62,147.67,32068.4,3.516,8.809,213.0504,112752.5,0
BLK-2045,DEMO-01,725.0,364.62,162.56,32068.4,3.255,9.562,175.6358,104382.6,0
BLK-2046,DEMO-01,725.0,364.62,177.44,32068.4,2.917,9.236,116.0632,93543.5,0
BLK-2047,DEMO-01,725.0,364.62,192.33,32068.4,2.901,4.136,57.0796,93030.4,0
BLK-2048,DEMO-01,725.0,364.62,207.22,32068.4,2.899,1.511,85.9392,92966.3,0
BLK-2049,DEMO-01,725.0,364.62,222.11,32068.4,2.933,4.087,178.5096,94056.6,0
BLK-2050,DEMO-01,725.0,364.62,237.0,32068.4,2.923,8.438,218.1952,93735.9,0
BLK-2051,DEMO-01,725.0,407.69,103.0,32068.4,2.905,9.079,221.5247,93158.7,0
BLK-2052,DEMO-01,725.0,407.69,117.89,32068.4,2.944,10.105,222.8282,94409.4,0
BLK-2053,DEMO-01,725.0,407.69,132.78,32068.4,3.251,8.89,223.3648,104254.4,0
BLK-2054,DEMO-01,725.0,407.69,147.67,32068.4,3.252,8.585,205.4968,104286.4,0
BLK-2055,DEMO-01,725.0,407.69,162.56,32068.4,2.958,11.21,144.9372,94858.3,0
BLK-2056,DEMO-01,725.0,407.69,177.44,32068.4,2.913,13.369,91.9467,93415.2,0
BLK-2057,DEMO-01,725.0,407.69,192.33,32068.4,2.944,10.114,94.1387,94409.4,0
BLK-2058,DEMO-01,725.0,407.69,207.22,32068.4,2.933,5.523,77.0018,94056.6,0
BLK-2059,DEMO-01,725.0,407.69,222.11,32068.4,2.933,4.982,176.9869,94056.6,0
BLK-2060,DEMO-01,725.0,407.69,237.0,32068.4,2.925,8.311,218.257,93800.1,0
BLK-2061,DEMO-01,725.0,450.77,103.0,32068.4,2.913,8.411,223.3463,93415.2,0
BLK-2062,DEMO-01,725.0,450.77,117.89,32068.4,3.0,9.947,223.9785,96205.2,0
BLK-2063,DEMO-01,725.0,450.77,132.78,32068.4,3.137,8.739,222.9701,100598.6,0
BLK-2064,DEMO-01,725.0,450.77,147.67,32068.4,3.008,8.43,197.9524,96461.7,0
BLK-2065,DEMO-01,725.0,450.77,162.56,32068.4,2.924,11.288,118.9232,93768.0,0
BLK-2066,DEMO-01,725.0,450.77,177.44,32068.4,2.92,15.137,78.6371,93639.7,0
BLK-2067,DEMO-01,725.0,450.77,192.33,32068.4,2.918,13.38,125.2222,93575.6,0
BLK-2068,DEMO-01,725.0,450.77,207.22,32068.4,2.939,8.371,134.5236,94249.0,0
BLK-2069,DEMO-01,725.0,450.77,222.11,32068.4,2.897,6.579,190.8276,92902.2,0
BLK-2070,DEMO-01,725.0,450.77,237.0,32068.4,2.94,7.834,219.6549,94281.1,0
BLK-2071,DEMO-01,725.0,493.85,103.0,32068.4,2.915,10.36,226.8641,93479.4,0
BLK-2072,DEMO-01,725.0,493.85,117.89,32068.4,2.922,10.608,226.9508,93703.9,0
BLK-2073,DEMO-01,725.0,493.85,132.78,32068.4,2.984,8.938,224.9414,95692.1,0
BLK-2074,DEMO-01,725.0,493.85,147.67,32068.4,2.92,7.592,189.9371,93639.7,0
BLK-2075,DEMO-01,725.0,493.85,162.56,32068.4,2.926,9.144,95.2708,93832.1,0
BLK-2076,DEMO-01,725.0,493.85,177.44,32068.4,2.902,13.091,95.5677,93062.5,0
BLK-2077,DEMO-01,725.0,493.85,192.33,32068.4,2.918,13.177,149.7042,93575.6,0
BLK-2078,DEMO-01,725.0,493.85,207.22,32068.4,2.931,9.396,172.4539,93992.5,0
BLK-2079,DEMO-01,725.0,493.85,222.11,32068.4,2.907,7.571,206.1911,93222.8,0
BLK-2080,DEMO-01,725.0,493.85,237.0,32068.4,2.913,8.034,222.9724,93415.2,0
BLK-2081,DEMO-01,725.0,536.92,103.0,32068.4,2.899,8.771,227.2068,92966.3,0
BLK-2082,DEMO-01,725.0,536.92,117.89,32068.4,2.912,9.364,226.9011,93383.2,0
BLK-2083,DEMO-01,725.0,536.92,132.78,32068.4,2.964,10.3,224.3113,95050.7,0
BLK-2084,DEMO-01,725.0,536.92,147.67,32068.4,2.942,7.214,190.6223,94345.2,0
BLK-2085,DEMO-01,725.0,536.92,162.56,32068.4,2.914,6.876,97.483,93447.3,0
BLK-2086,DEMO-01,725.0,536.92,177.44,32068.4,2.908,10.091,115.1204,93254.9,0
BLK-2087,DEMO-01,725.0,536.92,192.33,32068.4,2.916,10.647,167.8376,93511.5,0
BLK-2088,DEMO-01,725.0,536.92,207.22,32068.4,2.918,8.944,194.2758,93575.6,0
BLK-2089,DEMO-01,725.0,536.92,222.11,32068.4,2.911,7.866,215.9096,93351.1,0
BLK-2090,DEMO-01,725.0,536.92,237.0,32068.4,2.923,8.072,223.7184,93735.9,0
BLK-2091,DEMO-01,725.0,580.0,103.0,32068.4,2.904,8.771,227.2068,93126.6,0
BLK-2092,DEMO-01,725.0,580.0,117.89,32068.4,2.904,9.364,226.9011,93126.6,0
BLK-2093,DEMO-01,725.0,580.0,132.78,32068.4,2.922,10.48,225.5397,93703.9,0
BLK-2094,DEMO-01,725.0,580.0,147.67,32068.4,2.904,8.547,201.744,93126.6,0
BLK-2095,DEMO-01,725.0,580.0,162.56,32068.4,2.927,6.25,149.3232,93864.2,0
BLK-2096,DEMO-01,725.0,580.0,177.44,32068.4,2.916,7.792,156.3956,93511.5,0
BLK-2097,DEMO-01,725.0,580.0,192.33,32068.4,2.892,8.625,187.1433,92741.8,0
BLK-2098,DEMO-01,725.0,580.0,207.22,32068.4,2.918,8.152,207.0681,93575.6,0
BLK-2099,DEMO-01,725.0,580.0,222.11,32068.4,2.894,9.113,223.7532,92805.9,0
BLK-2100,DEMO-01,725.0,580.0,237.0,32068.4,2.925,8.339,224.4081,93800.1,0
BLK-2101,DEMO-01,775.0,20.0,103.0,32068.4,2.913,13.967,218.6083,93415.2,0
BLK-2102,DEMO-01,775.0,20.0,117.89,32068.4,2.941,11.833,218.3399,94313.2,0
BLK-2103,DEMO-01,775.0,20.0,132.78,32068.4,2.93,11.935,218.5119,93960.4,0
BLK-2104,DEMO-01,775.0,20.0,147.67,32068.4,2.905,12.138,217.1884,93158.7,0
BLK-2105,DEMO-01,775.0,20.0,162.56,32068.4,2.905,10.332,192.7404,93158.7,0
BLK-2106,DEMO-01,775.0,20.0,177.44,32068.4,2.914,10.748,159.7323,93447.3,0
BLK-2107,DEMO-01,775.0,20.0,192.33,32068.4,2.901,9.956,178.4386,93030.4,0
BLK-2108,DEMO-01,775.0,20.0,207.22,32068.4,2.94,10.121,200.3822,94281.1,0
BLK-2109,DEMO-01,775.0,20.0,222.11,32068.4,2.916,10.816,214.0206,93511.5,0
BLK-2110,DEMO-01,775.0,20.0,237.0,32068.4,2.929,11.52,220.0943,93928.3,0
BLK-2111,DEMO-01,775.0,63.08,103.0,32068.4,2.912,13.967,218.6083,93383.2,0
BLK-2112,DEMO-01,775.0,63.08,117.89,32068.4,2.914,13.555,217.8722,93447.3,0
BLK-2113,DEMO-01,775.0,63.08,132.78,32068.4,2.919,12.674,219.4578,93607.7,0
BLK-2114,DEMO-01,775.0,63.08,147.67,32068.4,2.973,13.075,214.9081,95339.4,0
BLK-2115,DEMO-01,775.0,63.08,162.56,32068.4,2.98,12.011,175.2406,95563.8,0
BLK-2116,DEMO-01,775.0,63.08,177.44,32068.4,2.911,9.777,105.4108,93351.1,0
BLK-2117,DEMO-01,775.0,63.08,192.33,32068.4,2.938,8.697,147.2966,94217.0,0
BLK-2118,DEMO-01,775.0,63.08,207.22,32068.4,2.912,8.767,179.4651,93383.2,0
BLK-2119,DEMO-01,775.0,63.08,222.11,32068.4,2.91,9.885,204.2819,93319.0,0
BLK-2120,DEMO-01,775.0,63.08,237.0,32068.4,2.879,11.368,219.1454,92324.9,0
BLK-2121,DEMO-01,775.0,106.15,103.0,32068.4,2.925,11.404,218.2518,93800.1,0
BLK-2122,DEMO-01,775.0,106.15,117.89,32068.4,2.921,12.653,218.553,93671.8,0
BLK-2123,DEMO-01,775.0,106.15,132.78,32068.4,2.997,12.686,219.175,96109.0,0
BLK-2124,DEMO-01,775.0,106.15,147.67,32068.4,3.121,12.3,213.5967,100085.5,0
BLK-2125,DEMO-01,775.0,106.15,162.56,32068.4,2.966,12.201,172.3791,95114.9,0
BLK-2126,DEMO-01,775.0,106.15,177.44,32068.4,2.913,9.71,85.3767,93415.2,0
BLK-2127,DEMO-01,775.0,106.15,192.33,32068.4,2.922,7.738,127.0685,93703.9,0
BLK-2128,DEMO-01,775.0,106.15,207.22,32068.4,2.925,6.703,154.1357,93800.1,0
BLK-2129,DEMO-01,775.0,106.15,222.11,32068.4,2.913,7.926,190.3451,93415.2,0
BLK-2130,DEMO-01,775.0,106.15,237.0,32068.4,2.929,9.209,217.4577,93928.3,0
BLK-2131,DEMO-01,775.0,149.23,103.0,32068.4,2.916,11.404,218.2518,93511.5,0
BLK-2132,DEMO-01,775.0,149.23,117.89,32068.4,2.945,8.926,218.3296,94441.4,0
BLK-2133,DEMO-01,775.0,149.23,132.78,32068.4,3.267,10.333,219.5325,104767.5,0
BLK-2134,DEMO-01,775.0,149.23,147.67,32068.4,3.25,11.145,216.3979,104222.3,0
BLK-2135,DEMO-01,775.0,149.23,162.56,32068.4,2.956,10.679,186.0551,94794.2,0
BLK-2136,DEMO-01,775.0,149.23,177.44,32068.4,2.896,9.521,127.2961,92870.1,0
BLK-2137,DEMO-01,775.0,149.23,192.33,32068.4,2.903,7.409,116.9288,93094.6,0
BLK-2138,DEMO-01,775.0,149.23,207.22,32068.4,2.89,6.4,115.5638,92677.7,0
BLK-2139,DEMO-01,775.0,149.23,222.11,32068.4,2.914,7.475,175.3216,93447.3,0
BLK-2140,DEMO-01,775.0,149.23,237.0,32068.4,2.937,9.48,214.3948,94184.9,0
BLK-2141,DEMO-01,775.0,192.31,103.0,32068.4,2.915,8.937,219.584,93479.4,0
BLK-2142,DEMO-01,775.0,192.31,117.89,32068.4,2.959,8.926,218.3296,94890.4,0
BLK-2143,DEMO-01,775.0,192.31,132.78,32068.4,3.408,9.336,220.0004,109289.1,0
BLK-2144,DEMO-01,775.0,192.31,147.67,32068.4,3.56,9.305,218.6092,114163.5,0
BLK-2145,DEMO-01,775.0,192.31,162.56,32068.4,2.998,9.432,202.4327,96141.1,0
BLK-2146,DEMO-01,775.0,192.31,177.44,32068.4,2.909,9.446,160.1143,93287.0,0
BLK-2147,DEMO-01,775.0,192.31,192.33,32068.4,2.916,7.031,117.0113,93511.5,0
BLK-2148,DEMO-01,775.0,192.31,207.22,32068.4,2.908,5.557,67.8507,93254.9,0
BLK-2149,DEMO-01,775.0,192.31,222.11,32068.4,2.909,8.176,167.1789,93287.0,0
BLK-2150,DEMO-01,775.0,192.31,237.0,32068.4,2.929,10.497,213.7293,93928.3,0
BLK-2151,DEMO-01,775.0,235.38,103.0,32068.4,2.93,8.937,219.584,93960.4,0
BLK-2152,DEMO-01,775.0,235.38,117.89,32068.4,2.898,8.49,218.851,92934.2,0
BLK-2153,DEMO-01,775.0,235.38,132.78,32068.4,3.077,9.336,220.0004,98674.5,0
BLK-2154,DEMO-01,775.0,235.38,147.67,32068.4,3.742,9.333,219.9054,120000.0,0
BLK-2155,DEMO-01,775.0,235.38,162.56,32068.4,3.345,9.197,212.5474,107268.8,0
BLK-2156,DEMO-01,775.0,235.38,177.44,32068.4,2.953,7.765,178.8145,94698.0,0
BLK-2157,DEMO-01,775.0,235.38,192.33,32068.4,2.952,5.553,133.6976,94665.9,0
BLK-2158,DEMO-01,775.0,235.38,207.22,32068.4,2.91,5.577,106.5577,93319.0,0
BLK-2159,DEMO-01,775.0,235.38,222.11,32068.4,2.911,8.489,175.4748,93351.1,0
BLK-2160,DEMO-01,775.0,235.38,237.0,32068.4,2.924,11.02,215.4413,93768.0,0
BLK-2161,DEMO-01,775.0,278.46,103.0,32068.4,2.907,8.363,219.3469,93222.8,0
BLK-2162,DEMO-01,775.0,278.46,117.89,32068.4,2.915,9.469,218.8268,93479.4,0
BLK-2163,DEMO-01,775.0,278.46,132.78,32068.4,2.939,8.947,220.248,94249.0,0
BLK-2164,DEMO-01,775.0,278.46,147.67,32068.4,3.325,8.577,220.2272,106627.4,0
BLK-2165,DEMO-01,775.0,278.46,162.56,32068.4,3.646,8.43,212.046,116921.4,0
BLK-2166,DEMO-01,775.0,278.46,177.44,32068.4,3.038,6.43,177.7396,97423.8,0
BLK-2167,DEMO-01,775.0,278.46,192.33,32068.4,2.935,3.815,140.7821,94120.8,0
BLK-2168,DEMO-01,775.0,278.46,207.22,32068.4,2.916,3.605,145.3485,93511.5,0
BLK-2169,DEMO-01,775.0,278.46,222.11,32068.4,2.9,6.835,190.2818,92998.4,0
BLK-2170,DEMO-01,775.0,278.46,237.0,32068.4,2.913,8.622,218.7316,93415.2,0
BLK-2171,DEMO-01,775.0,321.54,103.0,32068.4,2.889,8.157,218.4439,92645.6,0
BLK-2172,DEMO-01,775.0,321.54,117.89,32068.4,2.9,8.491,220.418,92998.4,0
BLK-2173,DEMO-01,775.0,321.54,132.78,32068.4,2.941,8.491,220.418,94313.2,0
BLK-2174,DEMO-01,775.0,321.54,147.67,32068.4,3.208,8.712,219.0824,102875.4,0
BLK-2175,DEMO-01,775.0,321.54,162.56,32068.4,3.485,8.236,200.9781,111758.4,0
BLK-2176,DEMO-01,775.0,321.54,177.44,32068.4,3.0,6.102,159.2013,96205.2,0
BLK-2177,DEMO-01,775.0,321.54,192.33,32068.4,2.915,2.186,123.2754,93479.4,0
BLK-2178,DEMO-01,775.0,321.54,207.22,32068.4,2.91,2.139,145.4395,93319.0,0
BLK-2179,DEMO-01,775.0,321.54,222.11,32068.4,2.929,6.543,194.1031,93928.3,0
BLK-2180,DEMO-01,775.0,321.54,237.0,32068.4,2.925,8.735,219.4425,93800.1,0
BLK-2181,DEMO-01,775.0,364.62,103.0,32068.4,2.925,10.553,220.9256,93800.1,0
BLK-2182,DEMO-01,775.0,364.62,117.89,32068.4,2.937,8.404,221.0304,94184.9,0
BLK-2183,DEMO-01,775.0,364.62,132.78,32068.4,2.965,8.497,221.607,95082.8,0
BLK-2184,DEMO-01,775.0,364.62,147.67,32068.4,3.253,8.955,213.2956,104318.5,0
BLK-2185,DEMO-01,775.0,364.62,162.56,32068.4,3.101,8.583,176.6122,99444.1,0
BLK-2186,DEMO-01,775.0,364.62,177.44,32068.4,2.915,7.334,133.0064,93479.4,0
BLK-2187,DEMO-01,775.0,364.62,192.33,32068.4,2.926,3.334,110.5287,93832.1,0
BLK-2188,DEMO-01,775.0,364.62,207.22,32068.4,2.896,2.351,121.5372,92870.1,0
BLK-2189,DEMO-01,775.0,364.62,222.11,32068.4,2.924,6.13,187.7311,93768.0,0
BLK-2190,DEMO-01,775.0,364.62,237.0,32068.4,2.918,8.806,219.1763,93575.6,0
BLK-2191,DEMO-01,775.0,407.69,103.0,32068.4,2.93,10.105,222.8282,93960.4,0
BLK-2192,DEMO-01,775.0,407.69,117.89,32068.4,2.926,8.948,222.4992,93832.1,0
BLK-2193,DEMO-01,775.0,407.69,132.78,32068.4,3.029,8.978,222.2387,97135.2,0
BLK-2194,DEMO-01,775.0,407.69,147.67,32068.4,3.049,8.421,205.6421,97776.6,0
BLK-2195,DEMO-01,775.0,407.69,162.56,32068.4,2.922,8.962,145.6663,93703.9,0
BLK-2196,DEMO-01,775.0,407.69,177.44,32068.4,2.907,9.445,100.7827,93222.8,0
BLK-2197,DEMO-01,775.0,407.69,192.33,32068.4,2.922,6.318,121.5775,93703.9,0
BLK-2198,DEMO-01,775.0,407.69,207.22,32068.4,2.916,4.206,118.671,93511.5,0
BLK-2199,DEMO-01,775.0,407.69,222.11,32068.4,2.911,7.006,186.4928,93351.1,0
BLK-2200,DEMO-01,775.0,407.69,237.0,32068.4,2.915,8.484,219.2086,93479.4,0
BLK-2201,DEMO-01,775.0,450.77,103.0,32068.4,2.938,10.105,222.8282,94217.0,0
BLK-2202,DEMO-01,775.0,450.77,117.89,32068.4,2.925,10.105,222.8282,93800.1,0
BLK-2203,DEMO-01,775.0,450.77,132.78,32068.4,2.961,8.553,222.6586,94954.5,0
BLK-2204,DEMO-01,775.0,450.77,147.67,32068.4,2.912,8.729,201.343,93383.2,0
BLK-2205,DEMO-01,775.0,450.77,162.56,32068.4,2.916,8.952,129.5743,93511.5,0
BLK-2206,DEMO-01,775.0,450.77,177.44,32068.4,2.925,10.435,88.839,93800.1,0
BLK-2207,DEMO-01,775.0,450.77,192.33,32068.4,2.927,8.66,146.6564,93864.2,0
BLK-2208,DEMO-01,775.0,450.77,207.22,32068.4,2.918,6.668,156.6904,93575.6,0
BLK-2209,DEMO-01,775.0,450.77,222.11,32068.4,2.929,7.664,196.8953,93928.3,0
BLK-2210,DEMO-01,775.0,450.77,237.0,32068.4,2.926,8.333,219.8283,93832.1,0
BLK-2211,DEMO-01,775.0,493.85,103.0,32068.4,2.931,9.947,223.9785,93992.5,0
BLK-2212,DEMO-01,775.0,493.85,117.89,32068.4,2.932,10.563,224.6438,94024.5,0
BLK-2213,DEMO-01,775.0,493.85,132.78,32068.4,2.949,9.102,226.2666,94569.7,0
BLK-2214,DEMO-01,775.0,493.85,147.67,32068.4,2.919,8.179,200.6247,93607.7,0
BLK-2215,DEMO-01,775.0,493.85,162.56,32068.4,2.899,7.957,135.2624,92966.3,0
BLK-2216,DEMO-01,775.0,493.85,177.44,32068.4,2.925,9.409,124.8051,93800.1,0
BLK-2217,DEMO-01,775.0,493.85,192.33,32068.4,2.926,9.111,173.7222,93832.1,0
BLK-2218,DEMO-01,775.0,493.85,207.22,32068.4,2.937,7.933,191.4554,94184.9,0
BLK-2219,DEMO-01,775.0,493.85,222.11,32068.4,2.933,7.75,212.6183,94056.6,0
BLK-2220,DEMO-01,775.0,493.85,237.0,32068.4,2.942,8.328,221.9221,94345.2,0
BLK-2221,DEMO-01,775.0,536.92,103.0,32068.4,2.924,10.803,227.3078,93768.0,0
BLK-2222,DEMO-01,775.0,536.92,117.89,32068.4,2.919,10.803,227.3078,93607.7,0
BLK-2223,DEMO-01,775.0,536.92,132.78,32068.4,2.899,9.074,226.2992,92966.3,0
BLK-2224,DEMO-01,775.0,536.92,147.67,32068.4,2.922,7.835,203.1032,93703.9,0
BLK-2225,DEMO-01,775.0,536.92,162.56,32068.4,2.909,6.796,150.6525,93287.0,0
BLK-2226,DEMO-01,775.0,536.92,177.44,32068.4,2.919,8.162,155.0738,93607.7,0
BLK-2227,DEMO-01,775.0,536.92,192.33,32068.4,2.917,8.43,194.6106,93543.5,0
BLK-2228,DEMO-01,775.0,536.92,207.22,32068.4,2.922,8.119,212.2073,93703.9,0
BLK-2229,DEMO-01,775.0,536.92,222.11,32068.4,2.915,7.931,221.0066,93479.4,0
BLK-2230,DEMO-01,775.0,536.92,237.0,32068.4,2.929,8.071,223.7229,93928.3,0
BLK-2231,DEMO-01,775.0,580.0,103.0,32068.4,2.88,9.364,226.9011,92357.0,0
BLK-2232,DEMO-01,775.0,580.0,117.89,32068.4,2.919,10.803,227.3078,93607.7,0
BLK-2233,DEMO-01,775.0,580.0,132.78,32068.4,2.932,10.635,226.4534,94024.5,0
BLK-2234,DEMO-01,775.0,580.0,147.67,32068.4,2.941,7.977,211.3216,94313.2,0
BLK-2235,DEMO-01,775.0,580.0,162.56,32068.4,2.926,6.884,178.8953,93832.1,0
BLK-2236,DEMO-01,775.0,580.0,177.44,32068.4,2.938,7.26,183.9151,94217.0,0
BLK-2237,DEMO-01,775.0,580.0,192.33,32068.4,2.918,8.189,211.2677,93575.6,0
BLK-2238,DEMO-01,775.0,580.0,207.22,32068.4,2.916,8.277,221.1054,93511.5,0
BLK-2239,DEMO-01,775.0,580.0,222.11,32068.4,2.923,8.654,224.7523,93735.9,0
BLK-2240,DEMO-01,775.0,580.0,237.0,32068.4,2.916,8.339,224.4081,93511.5,0
